id,nombre,símbolo,categoría,precio_usd,capitalización_usd,volumen_24h_usd,porcentaje_volumen_diario,suministro_circulante,suministro_total,suministro_maximo,actividad_comunitaria,ranking,listado_cex,contratos,billeteras,exploradores,halving,multichain
chainlink,Chainlink,link,"Business Services, Education, Energy, Entertainment, Healthcare, Infrastructure, Internet of Things (IOT), Decentralized Finance (DeFi), Marketing, Oracle, BNB Chain Ecosystem, Solana Ecosystem, Avalanche Ecosystem, Polygon Ecosystem, Near Protocol Ecosystem, Gnosis Chain Ecosystem, Fantom Ecosystem, Harmony Ecosystem, Arbitrum Ecosystem, Celo Ecosystem, Moonriver Ecosystem, Moonbeam Ecosystem, Ethereum Ecosystem, Cronos Ecosystem, Metis Ecosystem, Optimism Ecosystem, ZkSync Ecosystem, Real World Assets (RWA), Mantle Ecosystem, Linea Ecosystem, Base Ecosystem, Shibarium Ecosystem, Ronin Ecosystem, Starknet Ecosystem, Osmosis Ecosystem, Hedera Ecosystem, Scroll Ecosystem, Berachain Ecosystem, Merlin Chain Ecosystem, Blast Ecosystem, WEMIX Ecosystem, Cross-chain Communication, Mode Ecosystem, Zora Ecosystem, Bitlayer Ecosystem, Core Ecosystem, Energi Ecosystem, Sora Ecosystem, Polygon zkEVM Ecosystem, Huobi ECO Chain Ecosystem, Milkomeda (Cardano) Ecosystem, Astar Ecosystem, opBNB Ecosystem, Rootstock Ecosystem, NEO Ecosystem, Fraxtal Ecosystem, X Layer Ecosystem, GMCI DeFi Index, GMCI 30 Index, Sonic Ecosystem, Etherlink Ecosystem, RWA Protocol, GMCI Index, Zircuit Ecosystem, Cronos zkEVM Ecosystem, Sei Network Ecosystem, Mint Ecosystem, World Chain Ecosystem, ApeChain Ecosystem, Kroma Ecosystem, BSquared Network Ecosystem, World Liberty Financial Portfolio, Abstract Ecosystem, Ink Ecosystem, Soneium Ecosystem, Lisk Ecosystem, Made in USA, Unichain Ecosystem, HyperEVM Ecosystem, Coinbase 50 Index, Corn Ecosystem, Chain Abstraction, Superseed Ecosystem, Lens Ecosystem, Plume Network Ecosystem, Hydration Ecosystem, Hemi Ecosystem, Katana Ecosystem, Botanix Ecosystem, HashKey Chain Ecosystem",20.93,14189973020,579570774,0.04084368400018283,678099970.4527068,1000000000.0,1000000000.0,22460,14,68,"ethereum: 0x514910771af9ca656af840dff83e8264ecf986ca, linea: 0xa18152629128738a5c081eb226335fed4b9c95e9, optimistic-ethereum: 0x350a791bfc2c21f9ed5d10980dad2e2638ffa7f6, taiko: 0x917a3964c37993e99a47c779beb5db1e9d13804d, mint: 0x71052bae71c25c78e37fd12e5ff1101a71d9018f, mode: 0x183e3691eff3524b2315d3703d94f922cbe51f54, monad: 0x6fe981dbd557f81ff66836af0932cba535cbc343, hydration: asset_registry%2F1000794, moonriver: 0x8b12ac23bfe11cab03a634c1f117d64a7f2cfd3e, merlin-chain: 0x71052bae71c25c78e37fd12e5ff1101a71d9018f, metal-l2: 0x587d19ddf735d6b536aadb1a2a92938eb23b8d5c, metis-andromeda: 0xd2fe54d1e5f568eb710ba9d898bf4bd02c7c0353, ronin: 0x3902228d6a3d2dc44731fd9d45fee6a61c722d0b, near-protocol: 514910771af9ca656af840dff83e8264ecf986ca.factory.bridge.near, fantom: 0xb3654dc3d10ea7645f8319668e8f54d2574fbdc8, moonbeam: 0x012414a392f9fa442a3109f1320c439c45518ac3, lens: 0x6e970e8d6758164798290c8db1d79a527ca6e1b2, mantle: 0xfe36cf0b43aae49fbc5cfc5c0af22a623114e043, huobi-token: 0x9e004545c59d359f6b7bfb06a26390b087717b42, xdai: 0xe2e73a1c69ecf83f464efce6a5be353a37ca09b2, opbnb: 0x99f0d88b81b758ab07e22c7aba00e0121a882dea, neo: 0xb25de57d73ab177fc091327bcb725154dfbb5bfb, plume-network: 0xb549b375da0c76f8b3877b9adfdd28378f087a64, polygon-zkevm: 0xdb7a504cf869484dd6ac5faf925c8386cbf7573d, rootstock: 0x938d84942f5d924070a6bb82f8e56a5e2b3098a4, scroll: 0x548c6944cba02b9d1c0570102c89de64d258d3ac, shibarium: 0x71052bae71c25c78e37fd12e5ff1101a71d9018f, soneium: 0x32d8f819c8080ae44375f8d383ffd39fc642f3ec, sonic: 0x71052bae71c25c78e37fd12e5ff1101a71d9018f, superseed: 0x41ccf59e3f30eb624ef8e5ea34b2da96bee472d9, unichain: 0xef66491eab4bbb582c57b14778afd8dfb70d8a1a, wemix-network: 0x80f1fcdc96b55e459bf52b998abbe2c364935d69, world-chain: 0x915b648e994d5f31059b38223b9fbe98ae185473, x-layer: 0x8af9711b44695a5a081f25ab9903ddb73acf8fa9, zora-network: 0x3662b6f73c5560229d1a98af6e59e6649d568374, abstract: 0x2ea38d6cdb6774992d4a62fe622f4405663729dd, apechain: 0xf575731b78981b86d34321d875a3d25a48479be6, astar: 0x31efb841d5e0b4082f7e1267dab8de1b853f2a9d, berachain: 0x71052bae71c25c78e37fd12e5ff1101a71d9018f, bitlayer: 0x56b275c0ec034a229a1ded8db17089544bc276d9, blast: 0x93202ec683288a9ea75bb829c6bacfb2bfea9013, bob-network: 0x5ab885cda7216b163fb6f813dec1e1532516c833, botanix: 0x30e85a5c9525ad9a7a0fa5c74df4baf0b01ad241, starknet: 0x060f47b96b525c1014fed595e87e98edc3ce0731627a0670e1804ee1a3ca0ee9, bsquared-network: 0x709229d9587886a1edfee6b5ce636e1d70d1ce39, celo: 0xd07294e6e917e07dfdcee882dd1e2565085c2ae0, core: 0x3902228d6a3d2dc44731fd9d45fee6a61c722d0b, lisk: 0x71052bae71c25c78e37fd12e5ff1101a71d9018f, corn: 0x7311ded199cc28d80e58e81e8589aa160199fcd2, cronos: 0x8c80a01f461f297df7f9da3a4f740d7297c8ac85, cronos-zkevm: 0x61170ca9fb9cf98d4c7d684e07be6d969d59667e, etherlink: 0x8ce7618e8f8e514d13889283f58ff03b794e6cc3, fraxtal: 0xd6a6ba37faac229b9665e86739ca501401f5a940, hashkey-chain: 0x71052bae71c25c78e37fd12e5ff1101a71d9018f, sei-v2: 0x71052bae71c25c78e37fd12e5ff1101a71d9018f, katana: 0xc2c447b04e0ed3476ddbdae8e9e39be7159d27b6, hemi: 0x63dbe12a6381d64ade47bc3d92abf4393dff4bc8, hyperevm: 0x1ac2ee68b8d038c982c1e1f73f596927dd70de59, ink: 0x71052bae71c25c78e37fd12e5ff1101a71d9018f, kroma: 0xc1f6f7622ad37c3f46cdf6f8aa0344ade80bf450, hedera-hashgraph: 0x7ce6bb2cc2d3fd45a974da6a0f29236cb9513a98, harmony-shard-0: 0x218532a12a389a4a92fc0c5fb22901d1c19198aa, solana: LinkhB3afbBKb2EQQu7s7umdZceV3wcvAUJhQAfQ23L, zircuit: 0xdee94506570ca186bc1e3516fcf4fd719c312ccd, zksync: 0x52869bae3e091e36b0915941577f2d47d8d8b534, osmosis: ibc/D3327A763C23F01EC43D1F0DB3CEFEC390C362569B6FD191F40A5192F8960049, milkomeda-cardano: 0xf390830df829cf22c53c8840554b98eafc5dcbc2, energi: 0x68ca48ca2626c415a89756471d4ade2cc9034008, sora: 0x008484148dcf23d1b48908393e7a00d5fdc3bf81029a73eeca62a15ebfb1205a, base: 0x88fb150bdc53a65fe94dea0c9ba0a6daf8c6e196, binance-smart-chain: 0xf8a0bf9cf54bb92f17374d9e9a321e6a111a51bd, avalanche: 0x5947bb275c521040051d82396192181b413227a3, polygon-pos: 0x53e0bca35ec356bd5dddfebbd1fc0fd03fabad39, arbitrum-one: 0xf97f4df75117a78c1a5a0dbb814af92458539fb4","https://etherscan.io/token/0x514910771af9ca656af840dff83e8264ecf986ca, https://explorer.chain.link, https://ethplorer.io/address/0x514910771af9ca656af840dff83e8264ecf986ca, https://explorer.mintchain.io/token/0x71052bae71c25c78e37fd12e5ff1101a71d9018f, https://modescan.io/token/0x183e3691eff3524b2315d3703d94f922cbe51f54, https://moonscan.io/token/0x012414a392f9fa442a3109f1320c439c45518ac3, https://hydration.subscan.io/custom_token?unique_id=asset_registry%2F1000794, https://moonriver.moonscan.io/token/0x8b12ac23bfe11cab03a634c1f117d64a7f2cfd3e, https://explorer.metall2.com/token/0x587d19ddf735d6b536aadb1a2a92938eb23b8d5c, https://andromeda-explorer.metis.io/token/0xd2fe54d1e5f568eb710ba9d898bf4bd02c7c0353",,no,sí
figure-heloc,Figure Heloc,figr_heloc,"Real World Assets (RWA), Made in USA, Provenance Ecosystem, Tokenized Private Credit",1.025,12998539627,45350304,0.0034888768508887203,12680434444.882,12680434444.882,,0,17,1,provenance: scope1qrm5d0wjzamyywvjuws6774ljmrqu8kh9x,"https://explorer.provenance.io/nft/scope1qrm5d0wjzamyywvjuws6774ljmrqu8kh9x, https://api.provenance.io/provenance/metadata/v1/scope/scope1qrm5d0wjzamyywvjuws6774ljmrqu8kh9x/record/token, https://explorer.provenance.io/asset/scope1qrm5d0wjzamyywvjuws6774ljmrqu8kh9x",,no,no
stellar,Stellar,xlm,"Smart Contract Platform, Real World Assets (RWA), Stellar Ecosystem, GMCI 30 Index, GMCI Index, Made in USA, Coinbase 50 Index",0.359947,11473883008,173140747,0.015089987136811497,31890314242.09567,50001786884.69562,50001786884.69562,0,20,66,,"https://dashboard.stellar.org/, https://stellar.expert/explorer/public/, https://steexp.com/, https://blockchair.com/stellar, https://explorer.energi.network/token/0xc0cd560393a3fad67486b10bbb461ed2a42dd882",,no,no
near,NEAR Protocol,near,"Artificial Intelligence (AI), Smart Contract Platform, Layer 1 (L1), Near Protocol Ecosystem, Ethereum Ecosystem, Alleged SEC Securities, FTX Holdings, Data Availability, Coinbase Ventures Portfolio, Multicoin Capital Portfolio, Proof of Stake (PoS), Alameda Research Portfolio, DragonFly Capital Portfolio, Pantera Capital Portfolio, Andreessen Horowitz (a16z) Portfolio, GMCI Layer 1 Index, GMCI 30 Index, Circle Ventures Portfolio, GMCI Index, Made in USA, Coinbase 50 Index, Chain Abstraction",2.71,3379570989,163771499,0.048459256968725266,1249836992.0,1273075323.0,,55667,49,68,ethereum: 0x85f17cf997934a597031b2e18a9ab6ebd4b9f6a4,"https://nearblocks.io, https://platform.arkhamintelligence.com/explorer/token/near, https://explorer.near.org/, https://etherscan.io/token/0x85f17cf997934a597031b2e18a9ab6ebd4b9f6a4, https://ethplorer.io/address/0x85f17cf997934a597031b2e18a9ab6ebd4b9f6a4",,no,no
bittensor,Bittensor,tao,"Artificial Intelligence (AI), Smart Contract Platform, Layer 1 (L1), DePIN, Bittensor Ecosystem, Polychain Capital Portfolio",300.36,2876919812,71114405,0.024718938881567964,9597491.0,21000000.0,21000000.0,8987,52,41,,https://taostats.io/,,no,no
ondo-finance,Ondo,ondo,"Decentralized Finance (DeFi), Ethereum Ecosystem, Real World Assets (RWA), Coinbase Ventures Portfolio, Pantera Capital Portfolio, GMCI DeFi Index, RWA Protocol, GMCI Index, World Liberty Financial Portfolio, Binance Alpha Spotlight, Made in USA",0.888288,2801699161,104470109,0.03728812516855374,3159107529.0,10000000000.0,10000000000.0,66833,54,73,ethereum: 0xfaba6f8e4a5e8ab82f62fe7c39859fa577269be3,"https://etherscan.io/address/0xfaba6f8e4a5e8ab82f62fe7c39859fa577269be3, https://platform.arkhamintelligence.com/explorer/token/ondo-finance, https://etherscan.io/token/0xfaba6f8e4a5e8ab82f62fe7c39859fa577269be3, https://ethplorer.io/address/0xfaba6f8e4a5e8ab82f62fe7c39859fa577269be3",,no,no
story-2,Story,ip,"Artificial Intelligence (AI), Smart Contract Platform, Layer 1 (L1), Made in USA, Story Ecosystem, IP",8.26,2596971507,201983746,0.07777665078556444,313101623.81,1014432964.73,,0,59,35,,https://www.storyscan.xyz/,,no,no
internet-computer,Internet Computer,icp,"Artificial Intelligence (AI), Infrastructure, Smart Contract Platform, Layer 1 (L1), Ethereum Ecosystem, Internet Computer Ecosystem, Base Ecosystem, Alleged SEC Securities, Multicoin Capital Portfolio, Layer 0 (L0), Andreessen Horowitz (a16z) Portfolio, GMCI Layer 1 Index, GMCI 30 Index, Blockchain Capital Portfolio, GMCI Index, Polychain Capital Portfolio, Coinbase 50 Index, Governance",4.2,2252900782,50293864,0.022324047468860082,538203950.8331145,538206152.7747498,,10628,67,59,"internet-computer: ryjl3-tyaaa-aaaaa-aaaba-cai, ethereum: 0x00f3c42833c3170159af4e92dbb451fb3f708917, base: 0x00f3c42833c3170159af4e92dbb451fb3f708917","https://dashboard.internetcomputer.org/canister/ryjl3-tyaaa-aaaaa-aaaba-cai, https://etherscan.io/token/0x00f3c42833c3170159af4e92dbb451fb3f708917, https://ethplorer.io/address/0x00f3c42833c3170159af4e92dbb451fb3f708917, https://basescan.org/token/0x00f3c42833c3170159af4e92dbb451fb3f708917",,no,sí
blackrock-usd-institutional-digital-liquidity-fund,BlackRock USD Institutional Digital Liquidity Fund,buidl,"Solana Ecosystem, Avalanche Ecosystem, Polygon Ecosystem, Arbitrum Ecosystem, Ethereum Ecosystem, Optimism Ecosystem, Aptos Ecosystem, Real World Assets (RWA)",1.0,2143169819,0.0,0.0,2143169819.393854,2143169819.393854,,0,70,0,"ethereum: 0x7712c34205737192402172409a8f7ccef8aa2aec, aptos: 0x50038be55be5b964cfa32cf128b5cf05f123959f286b4cc02b86cafd48945f89, optimistic-ethereum: 0xa1cdab15bba75a80df4089cafba013e376957cf5, avalanche: 0x53fc82f14f009009b440a706e31c9021e1196a2f, solana: GyWgeqpy5GueU2YbkE8xqUeVEokCMMCEeUrfbtMw6phr, polygon-pos: 0x2893ef551b6dd69f661ac00f11d93e5dc5dc0e99, arbitrum-one: 0xa6525ae43edcd03dc08e775774dcabd3bb925872","https://etherscan.io/token/0x7712c34205737192402172409a8f7ccef8aa2aec, https://platform.arkhamintelligence.com/explorer/token/blackrock-usd-institutional-digital-liquidity-fund, https://ethplorer.io/address/0x7712c34205737192402172409a8f7ccef8aa2aec, https://avascan.info/blockchain/c/address/0x53FC82f14F009009b440a706e31c9021E1196A2F/token, https://polygonscan.com/token/0x2893Ef551B6dD69F661Ac00F11D93E5Dc5Dc0e99, https://aptscan.ai/coins/0x50038be55be5b964cfa32cf128b5cf05f123959f286b4cc02b86cafd48945f89, https://tracemove.io/coin/0x50038be55be5b964cfa32cf128b5cf05f123959f286b4cc02b86cafd48945f89, https://arbiscan.io/token/0xA6525Ae43eDCd03dC08E775774dCAbd3bb925872, https://optimistic.etherscan.io/token/0xa1CDAb15bBA75a80dF4089CaFbA013e376957cF5, https://solscan.io/token/GyWgeqpy5GueU2YbkE8xqUeVEokCMMCEeUrfbtMw6phr",,no,sí
algorand,Algorand,algo,"Smart Contract Platform, Layer 1 (L1), Algorand Ecosystem, Real World Assets (RWA), Alleged SEC Securities, DWF Labs Portfolio, Multicoin Capital Portfolio, Proof of Stake (PoS), GMCI Layer 1 Index, GMCI Index, Made in USA, Coinbase 50 Index",0.206803,1816582198,58021523,0.031939938123295424,8786472938.547945,8786552227.19242,10000000000.0,26032,80,57,,"https://allo.info/, https://explorer.perawallet.app/, https://explorer.bitquery.io/algorand, https://lora.algokit.io/mainnet, https://algo.surf/, https://algogazer.app/",,no,no
render-token,Render,render,"Artificial Intelligence (AI), NFT, Metaverse, Solana Ecosystem, Ethereum Ecosystem, DePIN, Multicoin Capital Portfolio, Alameda Research Portfolio, GMCI DePIN Index, GMCI 30 Index, GMCI Index, Made in USA, Coinbase 50 Index",3.4,1764602656,47464639,0.026898202175209694,518584616.1640741,533344789.4440741,644245094.0,19727,84,70,"ethereum: 0x6de037ef9ad2725eb40118bb1702ebb27e4aeb24, solana: rndrizKT3MK1iimdxRdWabcF7Zg7AR5T4nud4EkHBof","https://solscan.io/token/rndrizkt3mk1iimdxrdwabcf7zg7ar5t4nud4ekhbof, https://platform.arkhamintelligence.com/explorer/token/render-token, https://polygonscan.com/token/0x61299774020da444af134c82fa83e3810b309991, https://etherscan.io/token/0x6de037ef9ad2725eb40118bb1702ebb27e4aeb24, https://polygon.dex.guru/token/0x61299774020da444af134c82fa83e3810b309991, https://ethplorer.io/address/0x6de037ef9ad2725eb40118bb1702ebb27e4aeb24",,no,sí
hash-2,Provenance Blockchain,hash,"Smart Contract Platform, Layer 1 (L1), Real World Assets (RWA), Proof of Stake (PoS), Provenance Ecosystem",0.03092255,1531365338,28146,1.8379676816219017e-05,49523323037.0,100000000000.0,100000000000.0,804,89,2,,https://explorer.provenance.io/asset/nhash,,no,no
fetch-ai,Artificial Superintelligence Alliance,fet,"Artificial Intelligence (AI), NFT, BNB Chain Ecosystem, Cardano Ecosystem, Ethereum Ecosystem, Binance Launchpad, DWF Labs Portfolio, Osmosis Ecosystem, AI Agents, GMCI DePIN Index, GMCI Index, Outlier Ventures Portfolio, AI Agent Launchpad, Governance",0.575408,1498414807,54027645,0.03605653437726607,2604959126.672,2714493896.672,2714493896.672,8452,94,72,"ethereum: 0xaea46a60368a7bd060eec7df8cba43b7ef41ad85, cardano: e824c0011176f0926ad51f492bcc63ac6a03a589653520839dc7e3d9464554, osmosis: ibc/5D1F516200EE8C6B2354102143B78A2DEDA25EDE771AC0F8DC3C1837C8FD4447, binance-smart-chain: 0x031b41e504677879370e9dbcf937283a8691fa7f","https://explore.fetch.ai/, https://platform.arkhamintelligence.com/explorer/token/fetch-ai, https://www.mintscan.io/fetchai/, https://etherscan.io/token/0xaea46a60368a7bd060eec7df8cba43b7ef41ad85, https://bscscan.com/token/0x031b41e504677879370e9dbcf937283a8691fa7f, https://ethplorer.io/address/0xaea46a60368a7bd060eec7df8cba43b7ef41ad85, https://atomscan.com/fetchai, https://binplorer.com/address/0x031b41e504677879370e9dbcf937283a8691fa7f, https://cardanoscan.io/token/e824c0011176f0926ad51f492bcc63ac6a03a589653520839dc7e3d9464554",,no,sí
tether-gold,Tether Gold,xaut,"Stablecoins, Tokenized Assets, Tokenized Gold, Ethereum Ecosystem, Real World Assets (RWA), Tokenized Commodities",3777.36,1418441405,191519062,0.13502077796438833,375572.247,375572.247,,0,98,57,ethereum: 0x68749665ff8d2d112fa859aa293f07a622782f38,"https://etherscan.io/token/0x68749665ff8d2d112fa859aa293f07a622782f38, https://platform.arkhamintelligence.com/explorer/token/tether-gold, https://ethplorer.io/address/0x68749665ff8d2d112fa859aa293f07a622782f38",,no,no
quant-network,Quant,qnt,"Ethereum Ecosystem, Real World Assets (RWA), Energi Ecosystem, Coinbase 50 Index",95.51,1389129170,27624574,0.019886252910519472,14544176.164071087,14612493.0,14612493.0,3409,99,74,"ethereum: 0x4a220e6096b25eadb88358cb44068a3248254675, energi: 0x462b35452e552a66b519ecf70aedb1835d434965","https://etherscan.io/token/0x4a220e6096b25eadb88358cb44068a3248254675, https://platform.arkhamintelligence.com/explorer/token/quant-network, https://ethplorer.io/address/0x4a220e6096b25eadb88358cb44068a3248254675, https://explorer.energi.network/token/0x462b35452e552a66b519ecf70aedb1835d434965",,no,sí
xdce-crowd-sale,XDC Network,xdc,"Smart Contract Platform, Layer 1 (L1), Real World Assets (RWA)",0.07296,1291605551,29600118,0.022917304727501902,17746810842.8,38022384403.8,,5070,101,41,,"https://explorer.xinfin.network, https://xdc.blocksscan.io/, https://stats.xdc.org/",,no,no
injective-protocol,Injective,inj,"Smart Contract Platform, Decentralized Finance (DeFi), BNB Chain Ecosystem, Cosmos Ecosystem, Layer 1 (L1), Terra Ecosystem, Ethereum Ecosystem, Real World Assets (RWA), Binance Launchpad, Osmosis Ecosystem, Proof of Stake (PoS), Pantera Capital Portfolio, Secret Ecosystem, YZi Labs (Prev. Binance Labs) Portfolio, GMCI Layer 1 Index, GMCI Index, Made in USA, Coinbase 50 Index",11.77,1150175531,71288749,0.06198075604861742,97727220.33,100000000.0,,23026,106,70,"ethereum: 0xe28b3b32b6c345a34ff64674606124dd5aceca30, cosmos: ibc/64BA6E31FE887D66C6F8F31C7B1A80C7CA179239677B4088BB55F5EA07DBE273, osmosis: ibc/64BA6E31FE887D66C6F8F31C7B1A80C7CA179239677B4088BB55F5EA07DBE273, terra-2: ibc/25BC59386BB65725F735EFC0C369BB717AA8B5DAD846EAF9CBF5D0F18F207211, secret: secret14706vxakdzkz9a36872cs62vpl5qd84kpwvpew, binance-smart-chain: 0xa2b726b1145a4773f68593cf171187d8ebe4d495","https://explorer.injective.network/, https://platform.arkhamintelligence.com/explorer/token/injective-protocol, https://ethplorer.io/address/0xe28b3b32b6c345a34ff64674606124dd5aceca30, https://etherscan.io/token/0xe28b3b32b6c345a34ff64674606124dd5aceca30, https://bscscan.com/token/0xa2b726b1145a4773f68593cf171187d8ebe4d495, https://atomscan.com/injective, https://binplorer.com/address/0xa2b726b1145a4773f68593cf171187d8ebe4d495, https://www.mintscan.io/secret/address/secret14706vxakdzkz9a36872cs62vpl5qd84kpwvpew, https://www.mintscan.io/injective, https://www.mintscan.io/osmosis/assets/ibc/aWJjLzY0QkE2RTMxRkU4ODdENjZDNkY4RjMxQzdCMUE4MEM3Q0ExNzkyMzk2NzdCNDA4OEJCNTVGNUVBMDdEQkUyNzM=",,no,sí
pax-gold,PAX Gold,paxg,"Stablecoins, Tokenized Assets, Tokenized Gold, Ethereum Ecosystem, Real World Assets (RWA), Tokenized Commodities",3779.03,1106911014,75858221,0.06853145378495619,292982.212,292982.212,,0,110,63,ethereum: 0x45804880de22913dafe09f4980848ece6ecbaf78,"https://etherscan.io/token/0x45804880de22913dafe09f4980848ece6ecbaf78, https://platform.arkhamintelligence.com/explorer/token/pax-gold, https://ethplorer.io/address/0x45804880de22913dafe09f4980848ece6ecbaf78, https://explorer.energi.network/token/0xbf8afa4663b30c621a5f7497a972fc63c1a06c66",,no,no
the-graph,The Graph,grt,"Artificial Intelligence (AI), Business Services, Infrastructure, Analytics, Avalanche Ecosystem, Polygon Ecosystem, Near Protocol Ecosystem, Harmony Ecosystem, Arbitrum Ecosystem, Ethereum Ecosystem, DePIN, Coinbase Ventures Portfolio, Multicoin Capital Portfolio, Proof of Stake (PoS), Energi Ecosystem, Sora Ecosystem, Made in USA, Coinbase 50 Index",0.081567,857243118,23312739,0.0271950144719622,10513095634.91847,10800262816.04821,10800262823.318213,17911,128,74,"ethereum: 0xc944e90c64b2c07662a292be6244bdf05cda44a7, near-protocol: c944e90c64b2c07662a292be6244bdf05cda44a7.factory.bridge.near, harmony-shard-0: 0x002fa662f2e09de7c306d2bab0085ee9509488ff, energi: 0x771513ba693d457df3678c951c448701f2eaaad5, sora: 0x00d1fb79bbd1005a678fbf2de9256b3afe260e8eead49bb07bd3a566f9fe8355, avalanche: 0x8a0cac13c7da965a312f08ea4229c37869e85cb9, polygon-pos: 0x5fe2b58c013d7601147dcdd68c143a77499f5531, arbitrum-one: 0x9623063377ad1b27544c965ccd7342f7ea7e88c7","https://etherscan.io/token/0xc944e90c64b2c07662a292be6244bdf05cda44a7, https://platform.arkhamintelligence.com/explorer/token/the-graph, https://ethplorer.io/address/0xc944e90c64b2c07662a292be6244bdf05cda44a7, https://polygonscan.com/token/0x5fe2b58c013d7601147dcdd68c143a77499f5531, https://arbiscan.io/token/0x9623063377ad1b27544c965ccd7342f7ea7e88c7, https://snowtrace.io/token/0x8a0cac13c7da965a312f08ea4229c37869e85cb9, https://avascan.info/blockchain/c/address/0x8a0cac13c7da965a312f08ea4229c37869e85cb9/token, https://explorer.energi.network/token/0x771513ba693d457df3678c951c448701f2eaaad5, https://nearblocks.io/token/c944e90c64b2c07662a292be6244bdf05cda44a7.factory.bridge.near, https://explorer.harmony.one/token/0x002fa662f2e09de7c306d2bab0085ee9509488ff",,no,sí
zero-gravity,0G,0g,"Artificial Intelligence (AI), Infrastructure, Smart Contract Platform, BNB Chain Ecosystem, Layer 1 (L1), Ethereum Ecosystem, Binance Alpha Spotlight, AI Framework",3.58,762869738,239775724,0.31430755744567235,213199722.0,1000000000.0,,294859,136,37,"binance-smart-chain: 0x4b948d64de1f71fcd12fb586f4c776421a35b3ee, ethereum: 0x4b948d64de1f71fcd12fb586f4c776421a35b3ee","https://chainscan.0g.ai/, https://bscscan.com/token/0x4B948d64dE1F71fCd12fB586f4c776421a35b3eE, https://binplorer.com/address/0x4B948d64dE1F71fCd12fB586f4c776421a35b3eE, https://etherscan.io/token/0x4B948d64dE1F71fCd12fB586f4c776421a35b3eE, https://ethplorer.io/address/0x4B948d64dE1F71fCd12fB586f4c776421a35b3eE",,no,sí
ousg,OUSG,ousg,"Tokenized Assets, Solana Ecosystem, Polygon Ecosystem, Ethereum Ecosystem, Real World Assets (RWA), Tokenized Treasury Bonds (T-Bonds)",112.72,724141675,0.0,0.0,6423982.113099542,6423982.113099542,,0,141,0,"ethereum: 0x1b19c19393e2d034d8ff31ff34c81252fcbbee92, solana: i7u4r16TcsJTgq1kAG8opmVZyVnAKBwLKu6ZPMwzxNc, polygon-pos: 0xba11c5effa33c4d6f8f593cfa394241cfe925811","https://etherscan.io/token/0x1b19c19393e2d034d8ff31ff34c81252fcbbee92, https://platform.arkhamintelligence.com/explorer/token/ousg, https://ethplorer.io/address/0x1b19c19393e2d034d8ff31ff34c81252fcbbee92, https://polygonscan.com/token/0xba11c5effa33c4d6f8f593cfa394241cfe925811, https://solscan.io/token/i7u4r16tcsjtgq1kag8opmvzyvnakbwlku6zpmwzxnc",,no,sí
superstate-short-duration-us-government-securities-fund-ustb,Superstate Short Duration U.S. Government Securities Fund (USTB),ustb,"Tokenized Assets, Ethereum Ecosystem, Real World Assets (RWA), Tokenized Treasury Bills (T-Bills), Plume Network Ecosystem",10.84,721222440,0.0,0.0,66560612.256817,66560612.256817,,0,142,0,"ethereum: 0x43415eb6ff9db7e26a15b704e7a3edce97d31c4e, plume-network: 0xe4fa682f94610ccd170680cc3b045d77d9e528a8","https://etherscan.io/token/0x43415eb6ff9db7e26a15b704e7a3edce97d31c4e, https://platform.arkhamintelligence.com/explorer/token/superstate-short-duration-us-government-securities-fund-ustb, https://ethplorer.io/address/0x43415eb6ff9db7e26a15b704e7a3edce97d31c4e, https://explorer.plume.org/token/0xe4fa682f94610ccd170680cc3b045d77d9e528a8",,no,sí
theta-token,Theta Network,theta,"Artificial Intelligence (AI), Smart Contract Platform, Layer 1 (L1), DePIN, Theta Ecosystem, Blockchain Capital Portfolio, Made in USA",0.702845,702882151,13848099,0.01970187887158341,1000000000.0,1000000000.0,1000000000.0,12894,145,51,,"https://explorer.thetatoken.org, https://explorer.energi.network/token/0x65622f8e8b569ade3f684b5f2a189f78f98a75b0",,no,no
virtual-protocol,Virtuals Protocol,virtual,"Artificial Intelligence (AI), Solana Ecosystem, Ethereum Ecosystem, Base Ecosystem, AI Agents, Virtuals Protocol Ecosystem, AI Agent Launchpad, Binance Alpha Spotlight",1.041,681918903,49207033,0.0721596553248796,655619224.6900489,1000000000.0,1000000000.0,21658,148,35,"ethereum: 0x44ff8620b8ca30902395a7bd3f2407e1a091bf73, solana: 3iQL8BFS2vE7mww4ehAqQHAsbmRNCrPxizWAT2Zfyr9y, base: 0x0b3e328455c4059eeb9e3f84b5543f74e24e7e1b","https://etherscan.io/address/0x44ff8620b8ca30902395a7bd3f2407e1a091bf73, https://platform.arkhamintelligence.com/explorer/token/virtual-protocol, https://etherscan.io/token/0x44ff8620b8ca30902395a7bd3f2407e1a091bf73, https://ethplorer.io/address/0x44ff8620b8ca30902395a7bd3f2407e1a091bf73, https://basescan.org/token/0x0b3e328455c4059eeb9e3f84b5543f74e24e7e1b, https://solscan.io/token/3iQL8BFS2vE7mww4ehAqQHAsbmRNCrPxizWAT2Zfyr9y",,no,sí
beldex,Beldex,bdx,"Artificial Intelligence (AI), Smart Contract Platform, Privacy, Masternodes, DePIN, DWF Labs Portfolio, Proof of Stake (PoS), Proof of Work (PoW), VPN, Name Service, Privacy Blockchain",0.091489,671503568,5647633,0.008410428878019008,7345658680.802328,9937317939.203995,,26956,150,10,,https://explorer.beldex.io/,,no,no
dexe,DeXe,dexe,"Artificial Intelligence (AI), Decentralized Finance (DeFi), BNB Chain Ecosystem, Ethereum Ecosystem",9.53,543436378,8659587,0.015934868092323404,57103774.56313077,96504599.33609451,,5036,174,33,"ethereum: 0xde4ee8057785a7e8e800db58f9784845a5c2cbd6, binance-smart-chain: 0x6e88056e8376ae7709496ba64d37fa2f8015ce3e","https://etherscan.io/token/0xde4ee8057785a7e8e800db58f9784845a5c2cbd6, https://platform.arkhamintelligence.com/explorer/token/dexe, https://ethplorer.io/address/0xde4ee8057785a7e8e800db58f9784845a5c2cbd6, https://bscscan.com/token/0x6e88056e8376ae7709496ba64d37fa2f8015ce3e, https://binplorer.com/address/0x6e88056e8376ae7709496ba64d37fa2f8015ce3e",,no,sí
syrup,Maple Finance,syrup,"Decentralized Finance (DeFi), Yield Farming, Lending/Borrowing Protocols, Ethereum Ecosystem, Real World Assets (RWA), Base Ecosystem, Binance Alpha Spotlight",0.381766,425978490,15531726,0.036461291742688695,1117604386.1106412,1200275708.54902,,4775,204,58,"ethereum: 0x643c4e15d7d62ad0abec4a9bd4b001aa3ef52d66, base: 0x688aee022aa544f150678b8e5720b6b96a9e9a2f","https://etherscan.io/token/0x643C4E15d7d62Ad0aBeC4a9BD4b001aA3Ef52d66, https://platform.arkhamintelligence.com/explorer/token/syrup, https://ethplorer.io/address/0x643C4E15d7d62Ad0aBeC4a9BD4b001aA3Ef52d66, https://basescan.org/token/0x688aee022aa544f150678b8e5720b6b96a9e9a2f",,no,sí
hashnote-usyc,Circle USYC,usyc,"Ethereum Ecosystem, Real World Assets (RWA), US Treasury-backed Stablecoin",1.1,413221269,660322,0.0015979864773127154,375525781.512949,375525781.512949,,0,207,1,ethereum: 0x136471a34f6ef19fe571effc1ca711fdb8e49f2b,"https://etherscan.io/token/0x136471a34f6ef19fe571effc1ca711fdb8e49f2b, https://platform.arkhamintelligence.com/explorer/token/hashnote-usyc, https://ethplorer.io/address/0x136471a34f6ef19fE571EFFC1CA711fdb8E49f2b",,no,no
arweave,Arweave,ar,"Artificial Intelligence (AI), Smart Contract Platform, Storage, Layer 1 (L1), DePIN, Coinbase Ventures Portfolio, Multicoin Capital Portfolio, Andreessen Horowitz (a16z) Portfolio, Blockchain Capital Portfolio",5.74,374878746,31692008,0.08453935662706255,65454185.5381511,65454185.5381511,66000000.0,4903,221,47,,https://viewblock.io/arweave,,no,no
eutbl,Spiko EU T-Bills Money Market Fund,eutbl,"Tokenized Assets, Polygon Ecosystem, Arbitrum Ecosystem, Ethereum Ecosystem, Real World Assets (RWA), Base Ecosystem, Starknet Ecosystem, Tokenized Treasury Bills (T-Bills), Etherlink Ecosystem",1.22,354085460,0.0,0.0,290976505.09637,290976505.09637,,197,234,0,"ethereum: 0xa0769f7a8fc65e47de93797b4e21c073c117fc80, starknet: 0x04f5e0de717daa6aa8de63b1bf2e8d7823ec5b21a88461b1519d9dbc956fb7f2, etherlink: 0xa0769f7a8fc65e47de93797b4e21c073c117fc80, base: 0xa0769f7a8fc65e47de93797b4e21c073c117fc80, polygon-pos: 0xa0769f7a8fc65e47de93797b4e21c073c117fc80, arbitrum-one: 0xcbeb19549054cc0a6257a77736fc78c367216ce7","https://etherscan.io/token/0xa0769f7a8fc65e47de93797b4e21c073c117fc80, https://platform.arkhamintelligence.com/explorer/token/eutbl, https://polygonscan.com/token/0xa0769f7a8fc65e47de93797b4e21c073c117fc80, https://ethplorer.io/address/0xa0769f7a8fc65e47de93797b4e21c073c117fc80, https://arbiscan.io/token/0xcbeb19549054cc0a6257a77736fc78c367216ce7, https://starkscan.co/token/0x04f5e0de717daa6aa8de63b1bf2e8d7823ec5b21a88461b1519d9dbc956fb7f2, https://voyager.online/token/0x04f5e0de717daa6aa8de63b1bf2e8d7823ec5b21a88461b1519d9dbc956fb7f2, https://basescan.org/token/0xA260D72df8FF2696f3A8d0BE46B7bc4d743Be764, https://explorer.etherlink.com/token/0xa0769f7A8fC65e47dE93797b4e21C073c117Fc80, https://basescan.org/token/0xa0769f7A8fC65e47dE93797b4e21C073c117Fc80",,no,sí
reserve-rights-token,Reserve Rights,rsr,"Decentralized Finance (DeFi), Arbitrum Ecosystem, Ethereum Ecosystem, Real World Assets (RWA), Base Ecosystem, Coinbase Ventures Portfolio, Energi Ecosystem, Made in USA",0.00554785,332908879,23460729,0.07047192333971963,60144525998.0,100000000000.0,100000000000.0,10880,243,75,"ethereum: 0x320623b8e4ff03373931769a31fc52a4e78b5d70, energi: 0xfce13bb63b60f6e20ed846ae73ed242d29129800, base: 0xab36452dbac151be02b16ca17d8919826072f64a, arbitrum-one: 0xca5ca9083702c56b481d1eec86f1776fdbd2e594","https://etherscan.io/token/0x320623b8e4ff03373931769a31fc52a4e78b5d70, https://platform.arkhamintelligence.com/explorer/token/reserve-rights-token, https://ethplorer.io/address/0x320623b8e4ff03373931769a31fc52a4e78b5d70, https://explorer.energi.network/token/0xfce13bb63b60f6e20ed846ae73ed242d29129800, https://basescan.org/token/0xab36452dbac151be02b16ca17d8919826072f64a, https://arbiscan.io/token/0xca5ca9083702c56b481d1eec86f1776fdbd2e594",,no,sí
aioz-network,AIOZ Network,aioz,"Artificial Intelligence (AI), Smart Contract Platform, Storage, BNB Chain Ecosystem, Layer 1 (L1), Ethereum Ecosystem, DePIN, DWF Labs Portfolio, Osmosis Ecosystem, GMCI DePIN Index, GMCI Index",0.275364,326458008,7767244,0.02379247501871665,1186879247.938094,1205972973.176643,,13547,247,47,"ethereum: 0x626e8036deb333b408be468f951bdb42433cbf18, osmosis: ibc/BB0AFE2AFBD6E883690DAE4B9168EAC2B306BCC9C9292DACBB4152BBB08DB25F, binance-smart-chain: 0x33d08d8c7a168333a85285a68c0042b39fc3741d","https://explorer.aioz.network, https://platform.arkhamintelligence.com/explorer/token/aioz-network, https://etherscan.io/token/0x626e8036deb333b408be468f951bdb42433cbf18, https://bscscan.com/token/0x33d08d8c7a168333a85285a68c0042b39fc3741d, https://explorer.aioz.network/, https://binplorer.com/address/0x33d08d8c7a168333a85285a68c0042b39fc3741d, https://ethplorer.io/address/0x626e8036deb333b408be468f951bdb42433cbf18, https://www.mintscan.io/osmosis/assets/ibc/aWJjL0JCMEFGRTJBRkJENkU4ODM2OTBEQUU0QjkxNjhFQUMyQjMwNkJDQzlDOTI5MkRBQ0JCNDE1MkJCQjA4REIyNUY=",,no,sí
zebec-network,Zebec Network,zbcn,"Decentralized Finance (DeFi), Solana Ecosystem, Real World Assets (RWA), Payment Solutions, DePIN, Coinbase Ventures Portfolio, Alameda Research Portfolio, Circle Ventures Portfolio, OKX Ventures Portfolio, RWA Protocol, Made in USA",0.00372257,320865331,13011751,0.04055206263465092,86306925195.57034,99998835873.66039,100000000000.0,25276,251,20,solana: ZBCNpuD7YMXzTHB2fhGkGi78MNsHGLRXUhRewNRm9RU,"https://solscan.io/token/ZBCNpuD7YMXzTHB2fhGkGi78MNsHGLRXUhRewNRm9RU, https://platform.arkhamintelligence.com/explorer/token/zebec-network",,no,no
zebec-network,Zebec Network,zbcn,"Decentralized Finance (DeFi), Solana Ecosystem, Real World Assets (RWA), Payment Solutions, DePIN, Coinbase Ventures Portfolio, Alameda Research Portfolio, Circle Ventures Portfolio, OKX Ventures Portfolio, RWA Protocol, Made in USA",0.00372257,320865331,13011751,0.04055206263465092,86306925195.57034,99998835873.66039,100000000000.0,25276,251,20,solana: ZBCNpuD7YMXzTHB2fhGkGi78MNsHGLRXUhRewNRm9RU,"https://solscan.io/token/ZBCNpuD7YMXzTHB2fhGkGi78MNsHGLRXUhRewNRm9RU, https://platform.arkhamintelligence.com/explorer/token/zebec-network",,no,no
plume,Plume,plume,"Smart Contract Platform, Layer 1 (L1), Ethereum Ecosystem, Real World Assets (RWA), RWA Protocol, Made in USA, Plume Network Ecosystem",0.100545,304431942,29644084,0.09737507767828121,3034573413.0,10000000000.0,10000000000.0,118592,260,47,ethereum: 0x4c1746a800d224393fe2470c70a35717ed4ea5f1,"https://etherscan.io/token/0x4C1746A800D224393fE2470C70A35717eD4eA5F1, https://ethplorer.io/address/0x4C1746A800D224393fE2470C70A35717eD4eA5F1",,no,no
kaito,KAITO,kaito,"Artificial Intelligence (AI), Analytics, Base Ecosystem, Binance HODLer Airdrops, InfoFi, Governance",1.24,296441144,217840288,0.734851731647615,241388889.0,1000000000.0,1000000000.0,11128,264,65,base: 0x98d0baa52b2d063e780de12f615f963fe8537553,https://basescan.org/token/0x98d0baa52b2D063E780DE12F615f963Fe8537553,,no,no
keeta,Keeta,kta,"Layer 1 (L1), Real World Assets (RWA), Payment Solutions, Base Ecosystem, Stablecoin Issuer",0.671662,287133785,13497271,0.047006906554030205,426323125.0694991,1000000000.0,1000000000.0,412,269,18,base: 0xc0634090f2fe6c6d75e61be2b949464abb498973,"https://basescan.org/address/0xc0634090F2Fe6c6d75e61Be2b949464aBB498973, https://basescan.org/token/0xc0634090F2Fe6c6d75e61Be2b949464aBB498973",,no,no
akash-network,Akash Network,akt,"Artificial Intelligence (AI), Smart Contract Platform, DePIN, Osmosis Ecosystem, Proof of Stake (PoS), Archway Ecosystem, Made in USA",1.007,280150366,5818319,0.020768557553838784,278236140.708849,279232356.633833,388539008.0,9918,271,30,"akash: uakt, archway: ibc/C2CFB1C37C146CF95B0784FD518F8030FEFC76C5800105B1742FB65FFE65F873, osmosis: ibc/1480B8FD20AD5FCAE81EA87584D269547DD4D436843C1D20F15E00EB64743EF4","https://www.mintscan.io/akash, https://akash.aneka.io/, https://akash.ping.pub/, https://atomscan.com/akash, https://www.mintscan.io/osmosis/assets/ibc/aWJjLzE0ODBCOEZEMjBBRDVGQ0FFODFFQTg3NTg0RDI2OTU0N0RENEQ0MzY4NDNDMUQyMEYxNUUwMEVCNjQ3NDNFRjQ=",,no,sí
grass,Grass,grass,"Artificial Intelligence (AI), Solana Ecosystem, DePIN, Polychain Capital Portfolio, Binance Alpha Spotlight",0.907994,278992493,50020127,0.1792884333988155,307046061.0,1000000000.0,1000000000.0,0,272,60,solana: Grass7B4RdKfBCjTKgSqnXkqjwiGvQyFbuSCUJr3XXjs,"https://solscan.io/token/Grass7B4RdKfBCjTKgSqnXkqjwiGvQyFbuSCUJr3XXjs, https://platform.arkhamintelligence.com/explorer/token/grass",,no,no
livepeer,Livepeer,lpt,"Artificial Intelligence (AI), Harmony Ecosystem, Arbitrum Ecosystem, Ethereum Ecosystem, DePIN, Coinbase Ventures Portfolio, Multicoin Capital Portfolio, Pantera Capital Portfolio, GMCI DePIN Index, GMCI Index, Coinbase 50 Index",6.12,273546077,10970322,0.04010411013863672,44835433.48716318,44835433.48716318,44835433.48716318,4746,276,82,"ethereum: 0x58b6a8a3302369daec383334672404ee733ab239, harmony-shard-0: 0xbd3e698b51d340cc53b0cc549b598c13e0172b7c, arbitrum-one: 0x289ba1701c2f088cf0faf8b3705246331cb8a839","https://etherscan.io/token/0x58b6a8a3302369daec383334672404ee733ab239, https://platform.arkhamintelligence.com/explorer/token/livepeer, https://ethplorer.io/address/0x58b6a8a3302369daec383334672404ee733ab239, https://hubble.figment.network/livepeer/chains/mainnet, https://explorer.livepeer.org/, https://arbiscan.io/token/0x289ba1701c2f088cf0faf8b3705246331cb8a839, https://arbitrum.dex.guru/token/0x289ba1701c2f088cf0faf8b3705246331cb8a839, https://explorer.harmony.one/token/0xbd3e698b51d340cc53b0cc549b598c13e0172b7c",,no,sí
creditcoin-2,Creditcoin,ctc,"Smart Contract Platform, Layer 1 (L1), Ethereum Ecosystem, Real World Assets (RWA), DWF Labs Portfolio, Proof of Stake (PoS), Made in USA",0.544286,267328031,7632559,0.028551285742272198,491416053.0,599999997.0,,5324,279,37,ethereum: 0xa3ee21c306a700e682abcdfe9baa6a08f3820419,"https://www.creditcoinexplorer.com/, https://platform.arkhamintelligence.com/explorer/token/creditcoin-2, https://etherscan.io/token/0xa3ee21c306a700e682abcdfe9baa6a08f3820419, https://ethplorer.io/address/0xa3ee21c306a700e682abcdfe9baa6a08f3820419",,no,no
mira-3,Mira,mira,"Artificial Intelligence (AI), BNB Chain Ecosystem, Base Ecosystem, Binance Alpha Spotlight, AI Framework",1.37,262711583,1419846689,5.404583508599999,191244643.0,1000000000.0,1000000000.0,0,281,19,"base: 0x7aafd31a321d3627b30a8e2171264b56852187fe, binance-smart-chain: 0x7839fbfd09dae4d0f15bfb36b8f16f7898fbe684","https://basescan.org/token/0x7AaFD31a321d3627b30A8e2171264B56852187fe, https://bscscan.com/token/0x7839Fbfd09DaE4d0F15BfB36b8f16f7898FBE684, https://binplorer.com/address/0x7839Fbfd09DaE4d0F15BfB36b8f16f7898FBE684",,no,sí
arkham,Arkham,arkm,"Artificial Intelligence (AI), Exchange-based Tokens, Analytics, Derivatives, Perpetuals, Centralized Exchange (CEX) Token, Ethereum Ecosystem, Binance Launchpad, Coinbase Ventures Portfolio, YZi Labs (Prev. Binance Labs) Portfolio, Made in USA, Governance",0.527744,261233720,37904459,0.1450978801664655,496227805.0,1000000000.0,1000000000.0,16762,283,78,ethereum: 0x6e2a43be0b1d33b726f0ca3b8de60b3482b8b050,"https://platform.arkhamintelligence.com/explorer/token/arkham, https://etherscan.io/token/0x6e2a43be0b1d33b726f0ca3b8de60b3482b8b050, https://ethplorer.io/address/0x6e2a43be0b1d33b726f0ca3b8de60b3482b8b050",,no,no
openeden-open-dollar,OpenEden OpenDollar,usdo,"Stablecoins, USD Stablecoin, Ethereum Ecosystem, Real World Assets (RWA), Base Ecosystem, US Treasury-backed Stablecoin",1.002,232352817,14940.72,6.430186727626375e-05,232438867.0473771,232423861.3073771,,0,304,2,"ethereum: 0x8238884ec9668ef77b90c6dff4d1a9f4f4823bfe, base: 0xad55aebc9b8c03fc43cd9f62260391c13c23e7c0","https://etherscan.io/address/0x8238884ec9668ef77b90c6dff4d1a9f4f4823bfe, https://etherscan.io/token/0x8238884Ec9668Ef77B90C6dfF4D1a9F4F4823BFe, https://ethplorer.io/address/0x8238884Ec9668Ef77B90C6dfF4D1a9F4F4823BFe, https://basescan.org/token/0xad55aebc9b8c03fc43cd9f62260391c13c23e7c0",,no,sí
iotex,IoTeX,iotx,"Artificial Intelligence (AI), Internet of Things (IOT), Ethereum Ecosystem, DePIN, Base Ecosystem, Account Abstraction, AI Agents, GMCI DePIN Index, GMCI Index, Made in USA",0.02454235,231588008,7583354,0.032745020199836945,9441368979.0,9441368983.0,10000000000.0,26530,305,67,"ethereum: 0x6fb3e0a217407efff7ca062d46c26e5d60a14d69, base: 0xbcbaf311cec8a4eac0430193a528d9ff27ae38c1","https://iotexscan.io/, https://platform.arkhamintelligence.com/explorer/token/iotex, https://explorer.energi.network/token/0x4fffe0168b04f039496ca5189f9596c22693a19c, https://etherscan.io/token/0x6fb3e0a217407efff7ca062d46c26e5d60a14d69, https://ethplorer.io/address/0x6fb3e0a217407efff7ca062d46c26e5d60a14d69, https://basescan.org/token/0xbcbaf311cec8a4eac0430193a528d9ff27ae38c1",,no,sí
velo,Velo,velo,"Decentralized Finance (DeFi), BNB Chain Ecosystem, Real World Assets (RWA), DWF Labs Portfolio, Stellar Ecosystem, Binance Alpha Spotlight",0.01296566,227727252,13048488,0.05729875491581482,17563876115.0,23999804245.11005,,71035,310,33,"stellar: GDM4RQUQQUVSKQA7S6EM7XBZP3FCGH4Q7CL6TABQ7B2BEJ5ERARM2M5M, binance-smart-chain: 0xf486ad071f3bee968384d2e39e2d8af0fcf6fd46","https://stellar.expert/explorer/public/asset/velo-gdm4rquqquvskqa7s6em7xbzp3fcgh4q7cl6tabq7b2bej5erarm2m5m-1, https://platform.arkhamintelligence.com/explorer/token/velo, https://bscscan.com/token/0xf486ad071f3bee968384d2e39e2d8af0fcf6fd46, https://binplorer.com/address/0xf486ad071f3bee968384d2e39e2d8af0fcf6fd46",,no,sí
compounding-open-dollar,Compounding OpenDollar,cusdo,"BNB Chain Ecosystem, Ethereum Ecosystem, Real World Assets (RWA), Base Ecosystem",1.03,219683883,7321637,0.033328057115596416,213720231.0896341,213720231.0896341,,0,315,5,"ethereum: 0xad55aebc9b8c03fc43cd9f62260391c13c23e7c0, binance-smart-chain: 0x64748ea3e31d0b7916f0ff91b017b9f404ded8ef, base: 0x83db73ef5192de4b6a4c92bd0141ba1a0dc87c65","https://etherscan.io/address/0xaD55aebc9b8c03FC43cd9f62260391c13c23e7c0, https://etherscan.io/token/0xaD55aebc9b8c03FC43cd9f62260391c13c23e7c0, https://ethplorer.io/address/0xaD55aebc9b8c03FC43cd9f62260391c13c23e7c0, https://basescan.org/token/0x83db73ef5192de4b6a4c92bd0141ba1a0dc87c65, https://bscscan.com/token/0x64748ea3e31d0b7916f0ff91b017b9f404ded8ef, https://binplorer.com/address/0x64748ea3e31d0b7916f0ff91b017b9f404ded8ef",,no,sí
theta-fuel,Theta Fuel,tfuel,"Artificial Intelligence (AI), Smart Contract Platform, DePIN, Proof of Stake (PoS), Made in USA",0.0306064,216608676,1316948,0.006079848805317475,7082053381.0,7082208048.0,,13121,316,26,,https://explorer.thetatoken.org/,,no,no
golem,Golem,glm,"Artificial Intelligence (AI), Ethereum Ecosystem, DePIN, Energi Ecosystem, GMCI DePIN Index, GMCI Index",0.216005,215917809,5282459,0.024465138028517137,1000000000.0,1000000000.0,,526,317,60,"ethereum: 0x7dd9c5cba05e151c895fde1cf355c9a1d5da6429, energi: 0xf3ff3bf1d1afcbebd98a304482c4099dc953e9a8","https://etherscan.io/token/0x7dd9c5cba05e151c895fde1cf355c9a1d5da6429, https://platform.arkhamintelligence.com/explorer/token/golem, https://ethplorer.io/address/0x7dd9c5cba05e151c895fde1cf355c9a1d5da6429, https://explorer.energi.network/token/0xf3ff3bf1d1afcbebd98a304482c4099dc953e9a8",,no,sí
fidelity-digital-interest-token,Fidelity Digital Interest Token,fdit,"Ethereum Ecosystem, Real World Assets (RWA)",1.0,203966813,0.0,0.0,203966813.29,203966813.29,,0,324,0,ethereum: 0x48ab4e39ac59f4e88974804b04a991b3a402717f,"https://etherscan.io/token/0x48ab4e39ac59f4e88974804b04a991b3a402717f, https://ethplorer.io/address/0x48ab4e39ac59f4e88974804b04a991b3a402717f",,no,no
stp-network,AWE Network,awe,"Artificial Intelligence (AI), Infrastructure, Decentralized Finance (DeFi), Derivatives, Synthetic Issuer, Base Ecosystem, AI Agents, Synthetic, AI Agent Launchpad",0.102601,199331415,25246739,0.12665710018664142,1942420283.0270672,1942420283.0270672,2000000000.0,201,331,38,base: 0x1b4617734c43f6159f3a70b7e06d883647512778,https://basescan.org/token/0x1B4617734C43F6159F3a70b7E06d883647512778,,no,no
tradable-na-rent-financing-platform-sstn,Tradable NA Rent Financing Platform SSTN,pc0000031,"ZkSync Ecosystem, Real World Assets (RWA), Tradable Ecosystem",1.0,189500000,0.0,0.0,189500000.0,189500000.0,400000000.0,0,348,0,zksync: 0xac4de1e9a9e83524f24af77972dd39d588de8164,"https://era.zksync.network/token/0xac4de1e9a9e83524f24af77972dd39d588de8164, https://explorer.zksync.io/address/0xac4de1e9a9e83524f24af77972dd39d588de8164",,no,no
qubic-network,Qubic,qubic,"Artificial Intelligence (AI), Smart Contract Platform, Layer 1 (L1), Proof of Work (PoW)",1.49e-06,186952531,4319373,0.023104116199421768,125480811716381.0,157880824393905.0,200000000000000.0,20959,349,15,,https://explorer.qubic.org/,,no,no
kinesis-silver,Kinesis Silver,kag,"Stablecoins, Tokenized Assets, Real World Assets (RWA), Tokenized Silver, Tokenized Commodities",46.78,178699404,648491,0.0036289488687942127,3820061.6828,3820061.6828,,3969,363,3,,https://explorer.kinesis.money/,,no,no
ravencoin,Ravencoin,rvn,"Smart Contract Platform, Real World Assets (RWA), Proof of Work (PoW), Made in USA",0.01142143,178588858,5998282,0.033587100937730395,15630061793.47193,15630624293.47193,21000000000.0,7340,364,50,,"https://ravencoin.network/, https://rvn.tokenview.io/, https://explorer.energi.network/token/0x923e363cba492d2c448b4bed7717f3d090851a8a",,no,no
mantra-dao,MANTRA,om,"Infrastructure, Smart Contract Platform, BNB Chain Ecosystem, Cosmos Ecosystem, Layer 1 (L1), Polygon Ecosystem, Ethereum Ecosystem, Real World Assets (RWA), Base Ecosystem, Osmosis Ecosystem, Mantra Ecosystem",0.164971,178465500,25559057,0.14321567473825472,1082115686.202954,1698574146.290309,,103695,365,81,"ethereum: 0x3593d125a4f7849a1b059e64f4517a86dd60c95d, mantra: uom, cosmos: ibc/30DE434D61B6C6F0E3132FE1F2413C76D2EBA63B3E18A211C4CD192A5F5580F1, stargaze: ibc/3BD86E80E000B52DA57C474A6A44E37F73D34E38A1FA79EE678E08D119FC555B, osmosis: ibc/164807F6226F91990F358C6467EEE8B162E437BDCD3DADEC3F0CE20693720795, base: 0x3992b27da26848c2b19cea6fd25ad5568b68ab98, binance-smart-chain: 0xf78d2e7936f5fe18308a3b2951a93b6c4a41f5e2, polygon-pos: 0xc3ec80343d2bae2f8e680fdadde7c17e71e114ea","https://etherscan.io/token/0x3593d125a4f7849a1b059e64f4517a86dd60c95d, https://platform.arkhamintelligence.com/explorer/token/mantra-dao, https://ethplorer.io/address/0x3593d125a4f7849a1b059e64f4517a86dd60c95d, https://polygonscan.com/token/0xc3ec80343d2bae2f8e680fdadde7c17e71e114ea, https://bscscan.com/token/0xf78d2e7936f5fe18308a3b2951a93b6c4a41f5e2, https://binplorer.com/address/0xf78d2e7936f5fe18308a3b2951a93b6c4a41f5e2, https://basescan.org/token/0x3992b27da26848c2b19cea6fd25ad5568b68ab98, https://www.mintscan.io/mantra, https://www.mintscan.io/stargaze/assets/ibc/3BD86E80E000B52DA57C474A6A44E37F73D34E38A1FA79EE678E08D119FC555B, https://www.mintscan.io/mantra/address/uom",,no,sí
sahara-ai,Sahara AI,sahara,"Artificial Intelligence (AI), BNB Chain Ecosystem, Ethereum Ecosystem, Governance",0.076404,175193243,11272813,0.06434502157140844,2292812500.0,10000000000.0,10000000000.0,174260,369,43,"ethereum: 0xfdffb411c4a70aa7c95d5c981a6fb4da867e1111, binance-smart-chain: 0xfdffb411c4a70aa7c95d5c981a6fb4da867e1111","https://etherscan.io/token/0xFDFfB411C4A70AA7C95D5C981a6Fb4Da867e1111, https://ethplorer.io/address/0xFDFfB411C4A70AA7C95D5C981a6Fb4Da867e1111, https://bscscan.com/token/0xfdffb411c4a70aa7c95d5c981a6fb4da867e1111, https://binplorer.com/address/0xfdffb411c4a70aa7c95d5c981a6fb4da867e1111",,no,sí
centrifuge-2,Centrifuge,cfg,"Ethereum Ecosystem, Real World Assets (RWA), Coinbase Ventures Portfolio, Circle Ventures Portfolio, Galaxy Digital Portfolio, RWA Protocol",0.306764,174410727,19301990,0.11066974108765684,565298291.0,680000000.0,,11144,372,19,ethereum: 0xcccccccccc33d538dbc2ee4feab0a7a1ff4e8a94,"https://etherscan.io/token/0xcccccccccc33d538dbc2ee4feab0a7a1ff4e8a94, https://ethplorer.io/address/0xcccccccccc33d538dbc2ee4feab0a7a1ff4e8a94",,no,no
kinesis-gold,Kinesis Gold,kau,"Stablecoins, Tokenized Assets, Tokenized Gold, Real World Assets (RWA), Tokenized Commodities",121.33,174114040,302667,0.0017383262142444114,1434980.5846,1434980.5846,,3969,371,3,,https://explorer.kinesis.money/,,no,no
origintrail,OriginTrail,trac,"Artificial Intelligence (AI), Polkadot Ecosystem, Metaverse, Ethereum Ecosystem, Interoperability, Real World Assets (RWA), DePIN, Decentralized Science (DeSci), AI Agents",0.316348,158083968,1903145,0.012038823570015652,499546955.602,500000000.0,500000000.0,5581,385,26,ethereum: 0xaa7a9ca87d3694b5755f213b5d04094b8d0f0a6f,"https://etherscan.io/token/0xaa7a9ca87d3694b5755f213b5d04094b8d0f0a6f, https://platform.arkhamintelligence.com/explorer/token/origintrail, https://ethplorer.io/address/0xaa7a9ca87d3694b5755f213b5d04094b8d0f0a6f",,no,no
stasis-eurs,STASIS EURO,eurs,"Stablecoins, EUR Stablecoin, Polygon Ecosystem, Ethereum Ecosystem, Real World Assets (RWA), Fiat-backed Stablecoin",1.16,143869967,60105,0.0004177730853305888,124125940.0,124125940.0,124125940.0,1507,405,6,"ethereum: 0xdb25f211ab05b1c97d595516f45794528a807ad8, polygon-pos: 0xe111178a87a3bff0c8d18decba5798827539ae99","https://etherscan.io/token/0xdb25f211ab05b1c97d595516f45794528a807ad8, https://platform.arkhamintelligence.com/explorer/token/stasis-eurs, https://ethplorer.io/address/0xdb25f211ab05b1c97d595516f45794528a807ad8, https://polygonscan.com/token/0xe111178a87a3bff0c8d18decba5798827539ae99, https://explorer.xinfin.network/tokens/xdc1ebb2c8a71a9ec59bf558886a8adf8f4a565814f",,no,sí
polymesh,Polymesh,polyx,"Smart Contract Platform, Layer 1 (L1), Real World Assets (RWA), RWA Protocol",0.119479,143782856,1224362,0.008515354570505958,1203346181.743662,1203346181.743662,,0,406,29,,https://polymesh.subscan.io/,,no,no
spiko-us-t-bills-money-market-fund,Spiko US T-Bills Money Market Fund,ustbl,"Tokenized Assets, Polygon Ecosystem, Arbitrum Ecosystem, Ethereum Ecosystem, Real World Assets (RWA), Base Ecosystem, Starknet Ecosystem, Tokenized Treasury Bills (T-Bills), Etherlink Ecosystem",1.059,141057000,0.0,0.0,133151652.84627,133151652.84627,,196,410,0,"ethereum: 0xe4880249745eac5f1ed9d8f7df844792d560e750, starknet: 0x020ff2f6021ada9edbceaf31b96f9f67b746662a6e6b2bc9d30c0d3e290a71f6, etherlink: 0xe4880249745eac5f1ed9d8f7df844792d560e750, base: 0xe4880249745eac5f1ed9d8f7df844792d560e750, polygon-pos: 0xe4880249745eac5f1ed9d8f7df844792d560e750, arbitrum-one: 0x021289588cd81dc1ac87ea91e91607eef68303f5","https://etherscan.io/token/0xe4880249745eac5f1ed9d8f7df844792d560e750, https://platform.arkhamintelligence.com/explorer/token/spiko-us-t-bills-money-market-fund, https://polygonscan.com/token/0xe4880249745eac5f1ed9d8f7df844792d560e750, https://ethplorer.io/address/0xe4880249745eac5f1ed9d8f7df844792d560e750, https://arbiscan.io/token/0x021289588cd81dC1AC87ea91e91607eEF68303F5, https://starkscan.co/token/0x020ff2f6021ada9edbceaf31b96f9f67b746662a6e6b2bc9d30c0d3e290a71f6, https://voyager.online/token/0x020ff2f6021ada9edbceaf31b96f9f67b746662a6e6b2bc9d30c0d3e290a71f6, https://basescan.org/token/0xe4880249745eAc5F1eD9d8F7DF844792D560e750, https://explorer.etherlink.com/token/0xe4880249745eAc5F1eD9d8F7DF844792D560e750",,no,sí
vana,Vana,vana,"Artificial Intelligence (AI), Smart Contract Platform, BNB Chain Ecosystem, Layer 1 (L1), Polygon Ecosystem, Arbitrum Ecosystem, Optimism Ecosystem, Base Ecosystem, Paradigm Portfolio, Coinbase Ventures Portfolio, DeFiance Capital Portfolio, Polychain Capital Portfolio, Vana Ecosystem",4.31,132751276,19618548,0.14778425180636307,30800000.0,120000000.0,120000000.0,54207,419,32,"ethereum: 0x7ff7fa94b8b66ef313f7970d4eebd2cb3103a2c0, base: 0x7ff7fa94b8b66ef313f7970d4eebd2cb3103a2c0, arbitrum-one: 0x7ff7fa94b8b66ef313f7970d4eebd2cb3103a2c0, binance-smart-chain: 0x7ff7fa94b8b66ef313f7970d4eebd2cb3103a2c0, optimistic-ethereum: 0x7ff7fa94b8b66ef313f7970d4eebd2cb3103a2c0, polygon-pos: 0x7ff7fa94b8b66ef313f7970d4eebd2cb3103a2c0","https://vanascan.io/, https://etherscan.io/token/0x7FF7Fa94b8b66Ef313f7970d4EEbd2CB3103a2C0, https://ethplorer.io/address/0x7FF7Fa94b8b66Ef313f7970d4EEbd2CB3103a2C0, https://basescan.org/token/0x7FF7Fa94b8b66Ef313f7970d4EEbd2CB3103a2C0, https://arbiscan.io/token/0x7FF7Fa94b8b66Ef313f7970d4EEbd2CB3103a2C0, https://bscscan.com/token/0x7FF7Fa94b8b66Ef313f7970d4EEbd2CB3103a2C0, https://binplorer.com/address/0x7FF7Fa94b8b66Ef313f7970d4EEbd2CB3103a2C0, https://optimistic.etherscan.io/token/0x7FF7Fa94b8b66Ef313f7970d4EEbd2CB3103a2C0, https://polygonscan.com/token/0x7FF7Fa94b8b66Ef313f7970d4EEbd2CB3103a2C0",,no,sí
lcx,LCX,lcx,"Exchange-based Tokens, Decentralized Finance (DeFi), Centralized Exchange (CEX) Token, Ethereum Ecosystem, Real World Assets (RWA), Alleged SEC Securities",0.138209,130053469,836989,0.006435729907366024,940989527.0,950000000.0,950000000.0,12084,426,7,ethereum: 0x037a54aab062628c9bbae1fdb1583c195585fe41,"https://etherscan.io/token/0x037a54aab062628c9bbae1fdb1583c195585fe41, https://platform.arkhamintelligence.com/explorer/token/lcx, https://ethplorer.io/address/0x037a54aab062628c9bbae1fdb1583c195585fe41",,no,no
numeraire,Numeraire,nmr,"Artificial Intelligence (AI), Business Services, Decentralized Finance (DeFi), Ethereum Ecosystem, Paradigm Portfolio, DragonFly Capital Portfolio, Energi Ecosystem",16.19,129619993,69519430,0.5363326165277605,8007701.310704102,10662374.56979378,11000000.0,0,428,64,"ethereum: 0x1776e1f26f98b1a5df9cd347953a26dd3cb46671, energi: 0xd72922e849477a042a7e6dc84309f4bc1c1227a2","https://etherscan.io/token/0x1776e1f26f98b1a5df9cd347953a26dd3cb46671, https://platform.arkhamintelligence.com/explorer/token/numeraire, https://ethplorer.io/address/0x1776e1f26f98b1a5df9cd347953a26dd3cb46671, https://explorer.energi.network/token/0xd72922e849477a042a7e6dc84309f4bc1c1227a2",,no,sí
apollo-diversified-credit-securitize-fund,Apollo Diversified Credit Securitize Fund,acred,"Solana Ecosystem, Avalanche Ecosystem, Polygon Ecosystem, Ethereum Ecosystem, Aptos Ecosystem, Real World Assets (RWA), Ink Ecosystem",1062.15,126905408,0.0,0.0,119483.851237,119483.851237,,0,437,0,"ethereum: 0x17418038ecf73ba4026c4f428547bf099706f27b, solana: FubtUcvhSCr3VPXEcxouoQjKQ7NWTCzXyECe76B7L3f8, aptos: 0xe528f4df568eb9fff6398adc514bc9585fab397f478972bcbebf1e75dee40a88, ink: 0x53ad50d3b6fcacb8965d3a49cb722917c7dae1f3, avalanche: 0x7c64925002bfa705834b118a923e9911bee32875, polygon-pos: 0xfce60bbc52a5705cec5b445501fbaf3274dc43d0","https://etherscan.io/token/0x17418038ecF73BA4026c4f428547BF099706F27B, https://snowtrace.io/token/0x7C64925002BFA705834B118a923E9911BeE32875, https://polygonscan.com/token/0xFCe60bBc52a5705CeC5B445501FBAf3274Dc43D0, https://explorer.aptoslabs.com/fungible_asset/0xe528f4df568eb9fff6398adc514bc9585fab397f478972bcbebf1e75dee40a88?network=mainnet, https://ethplorer.io/address/0x17418038ecF73BA4026c4f428547BF099706F27B, https://avascan.info/blockchain/c/address/0x7c64925002bfa705834b118a923e9911bee32875/token, https://aptscan.ai/coins/0xe528f4df568eb9fff6398adc514bc9585fab397f478972bcbebf1e75dee40a88, https://tracemove.io/coin/0xe528f4df568eb9fff6398adc514bc9585fab397f478972bcbebf1e75dee40a88, https://solscan.io/token/FubtUcvhSCr3VPXEcxouoQjKQ7NWTCzXyECe76B7L3f8, https://explorer.inkonchain.com/token/0x53Ad50D3B6FCaCB8965d3A49cB722917C7DAE1F3",,no,sí
casper-network,Casper Network,cspr,"Smart Contract Platform, Layer 1 (L1), Real World Assets (RWA), Proof of Stake (PoS), GMCI Layer 1 Index, GMCI Index, Made in USA",0.00943992,126801381,2858116,0.022540101515140437,13450847776.0,13925779226.0,,51927,438,23,,"https://casperstats.io/, https://cspr.live",,no,no
openledger-2,OpenLedger,open,"Artificial Intelligence (AI), Smart Contract Platform, BNB Chain Ecosystem, Ethereum Ecosystem, Layer 2 (L2), Rollup, Binance HODLer Airdrops, Binance Alpha Spotlight",0.58134,125297004,45656506,0.3643862545987133,215500000.0,1000000000.0,1000000000.0,25227,440,34,"binance-smart-chain: 0xa227cc36938f0c9e09ce0e64dfab226cad739447, ethereum: 0xa227cc36938f0c9e09ce0e64dfab226cad739447","https://etherscan.io/token/0xa227cc36938f0c9e09ce0e64dfab226cad739447, https://ethplorer.io/address/0xa227cc36938f0c9e09ce0e64dfab226cad739447, https://bscscan.com/token/0xa227cc36938f0c9e09ce0e64dfab226cad739447, https://binplorer.com/address/0xa227cc36938f0c9e09ce0e64dfab226cad739447",,no,sí
zignaly,ZIGChain,zig,"Artificial Intelligence (AI), Smart Contract Platform, BNB Chain Ecosystem, Solana Ecosystem, Layer 1 (L1), Polygon Ecosystem, Ethereum Ecosystem, DWF Labs Portfolio, Injective Ecosystem, OKX Ventures Portfolio",0.088172,124223460,1345489,0.010831198873385108,1408940795.2396517,1953940795.2396517,1953940795.2396517,17397,444,30,"ethereum: 0xb2617246d0c6c0087f18703d576831899ca94f01, injective: peggy0xb2617246d0c6c0087f18703d576831899ca94f01, solana: 26f12PmBk77wQV1TzLe8XKkNBvMFggbuypxdtMLzNLzz, binance-smart-chain: 0x8c907e0a72c3d55627e853f4ec6a96b0c8771145, polygon-pos: 0x7bebd226154e865954a87650faefa8f485d36081","https://etherscan.io/token/0xb2617246d0c6c0087f18703d576831899ca94f01, https://platform.arkhamintelligence.com/explorer/token/zignaly, https://ethplorer.io/address/0xb2617246d0c6c0087f18703d576831899ca94f01, https://bscscan.com/token/0x8c907e0a72c3d55627e853f4ec6a96b0c8771145, https://solscan.io/token/26f12pmbk77wqv1tzle8xkknbvmfggbuypxdtmlznlzz, https://polygonscan.com/token/0x7bebd226154e865954a87650faefa8f485d36081, https://explorer.injective.network/asset/?denom=peggy0xb2617246d0c6c0087f18703d576831899ca94f01, https://binplorer.com/address/0x8c907e0a72c3d55627e853f4ec6a96b0c8771145, https://explorer.injective.network/asset/?denom=peggy0xb2617246d0c6c0087f18703d576831899ca94f01&tokentype=unknown, https://www.mintscan.io/injective/assets/peggy0xb2617246d0c6c0087f18703d576831899ca94f01",,no,sí
theo-short-duration-us-treasury-fund,Theo Short Duration US Treasury Fund,thbill,"Tokenized Assets, Arbitrum Ecosystem, Ethereum Ecosystem, Real World Assets (RWA), Base Ecosystem, Tokenized Treasury Bills (T-Bills), HyperEVM Ecosystem",1.006,122658172,7019540,0.05722847394138566,121935064.060463,121935064.060463,,0,448,9,"ethereum: 0x5fa487bca6158c64046b2813623e20755091da0b, hyperevm: 0xfdd22ce6d1f66bc0ec89b20bf16ccb6670f55a5a, base: 0xfdd22ce6d1f66bc0ec89b20bf16ccb6670f55a5a, arbitrum-one: 0xfdd22ce6d1f66bc0ec89b20bf16ccb6670f55a5a","https://etherscan.io/token/0x5FA487BCa6158c64046B2813623e20755091DA0b, https://arbiscan.io/token/0xfdd22ce6d1f66bc0ec89b20bf16ccb6670f55a5a, https://basescan.org/token/0xfdd22ce6d1f66bc0ec89b20bf16ccb6670f55a5a, https://hyperliquid.cloud.blockscout.com/token/0xfdd22ce6d1f66bc0ec89b20bf16ccb6670f55a5a, https://hyperevmscan.io/token/0xfdd22ce6d1f66bc0ec89b20bf16ccb6670f55a5a, https://ethplorer.io/address/0x5fa487bca6158c64046b2813623e20755091da0b",,no,sí
subsquid,SQD,sqd,"Artificial Intelligence (AI), Big Data, Analytics, BNB Chain Ecosystem, Arbitrum Ecosystem, Base Ecosystem",0.141441,116137260,132439930,1.1403741572687354,829270002.9894512,1337000000.0,1337000000.0,49929,482,27,"arbitrum-one: 0x1337420ded5adb9980cfc35f8f2b054ea86f8ab1, binance-smart-chain: 0xe50e3d1a46070444f44df911359033f2937fcc13, base: 0xd4554bea546efa83c1e6b389ecac40ea999b3e78","https://arbiscan.io/token/0x1337420dED5ADb9980CFc35f8f2B054ea86f8aB1, https://basescan.org/token/0xd4554bea546efa83c1e6b389ecac40ea999b3e78, https://bscscan.com/token/0xe50e3d1a46070444f44df911359033f2937fcc13, https://binplorer.com/address/0xe50e3d1a46070444f44df911359033f2937fcc13",,no,sí
io,io.net,io,"Artificial Intelligence (AI), Internet of Things (IOT), Binance Launchpool, Solana Ecosystem, DePIN, Animoca Brands Portfolio, Multicoin Capital Portfolio, Delphi Ventures Portfolio, OKX Ventures Portfolio, Made in USA",0.543418,110890473,24569048,0.22156139599115968,204409524.3136544,799998887.0223027,800000000.0,102943,489,71,solana: BZLbGTNCSFfoth2GYDtwr7e4imWzpR5jqcUuGEwr646K,"https://solscan.io/token/BZLbGTNCSFfoth2GYDtwr7e4imWzpR5jqcUuGEwr646K, https://platform.arkhamintelligence.com/explorer/token/io",,no,no
clearpool,Clearpool,cpool,"Decentralized Finance (DeFi), Solana Ecosystem, DaoMaker Launchpad, Ethereum Ecosystem, Real World Assets (RWA), Sequoia Capital Portfolio, Made in USA",0.125976,102952344,4338396,0.04213984676249819,818946755.2031598,1000000000.0,1000000000.0,12047,509,22,"ethereum: 0x66761fa41377003622aee3c7675fc7b5c1c2fac5, solana: AeXrLftu8chuY4ctc6oDeG4dUx6Yr4aqeakUMFNvACdg","https://etherscan.io/token/0x66761fa41377003622aee3c7675fc7b5c1c2fac5, https://platform.arkhamintelligence.com/explorer/token/clearpool, https://ethplorer.io/address/0x66761fa41377003622aee3c7675fc7b5c1c2fac5, https://solscan.io/token/AeXrLftu8chuY4ctc6oDeG4dUx6Yr4aqeakUMFNvACdg",,no,sí
onyc,Onchain Yield Coin,onyc,"Solana Ecosystem, Real World Assets (RWA), Yield-Bearing Stablecoin",1.029,102887615,79553,0.0007732028777224548,99999998.54412563,99999998.54412563,,458,511,1,solana: 5Y8NV33Vv7WbnLfq3zBcKSdYPrk7g2KoiQoe7M2tcxp5,https://solscan.io/token/5Y8NV33Vv7WbnLfq3zBcKSdYPrk7g2KoiQoe7M2tcxp5,,no,no
okzoo,OKZOO,aiot,"Artificial Intelligence (AI), BNB Chain Ecosystem, Binance Wallet IDO",0.903233,101625296,19130544,0.18824588712637058,112516666.0,1000000000.0,1000000000.0,914984,517,12,binance-smart-chain: 0x55ad16bd573b3365f43a9daeb0cc66a73821b4a5,"https://bscscan.com/token/0x55ad16bd573b3365f43a9daeb0cc66a73821b4a5, https://binplorer.com/address/0x55ad16bd573b3365f43a9daeb0cc66a73821b4a5",,no,no
tradable-singapore-fintech-ssl-2,Tradable Singapore Fintech SSL,pc0000023,"ZkSync Ecosystem, Real World Assets (RWA), Tradable Ecosystem",1.0,100846154,0.0,0.0,100846154.0,100846154.0,114500000.0,0,519,0,zksync: 0x5c8c39e167c604b036afd3fbb65426f9fe78ce6d,"https://era.zksync.network/address/0x5c8c39e167c604b036afd3fbb65426f9fe78ce6d, https://era.zksync.network/token/0x5c8c39e167c604b036afd3fbb65426f9fe78ce6d, https://explorer.zksync.io/address/0x5c8c39e167c604b036afd3fbb65426f9fe78ce6d",,no,no
ai16z,ai16z,ai16z,"Artificial Intelligence (AI), Solana Ecosystem, Meme, Solana Token-2022, AI Agents, Binance Alpha Spotlight, AI Framework, Made in USA",0.088887,97723909,112596239,1.152187219608663,1099995337.368958,1099995337.368958,1099999958.01,0,526,55,solana: HeLp6NuQkmYB4pYWo2zYs22mESHXPQYzXbB8n4V98jwC,"https://solscan.io/token/HeLp6NuQkmYB4pYWo2zYs22mESHXPQYzXbB8n4V98jwC, https://platform.arkhamintelligence.com/explorer/token/ai16z",,no,no
aixbt,aixbt,aixbt,"Artificial Intelligence (AI), Solana Ecosystem, Meme, Ethereum Ecosystem, Base Ecosystem, AI Meme, AI Agents, Virtuals Protocol Ecosystem, Binance Alpha Spotlight, DeFAI",0.093556,92229935,16772033,0.18185020947916747,985775277.7473916,1000000000.0,1000000000.0,8457,548,72,"base: 0x4f9fd6be4a90f2620860d680c0d4d5fb53d1a825, ethereum: 0x0d37af9d8ae74f35f3a38bd2a08fcb29890ca6d2, solana: 14zP2ToQ79XWvc7FQpm4bRnp9d6Mp1rFfsUW3gpLcRX","https://basescan.org/token/0x4f9fd6be4a90f2620860d680c0d4d5fb53d1a825, https://solscan.io/token/14zP2ToQ79XWvc7FQpm4bRnp9d6Mp1rFfsUW3gpLcRX, https://etherscan.io/token/0x0d37af9d8ae74f35f3a38bd2a08fcb29890ca6d2, https://ethplorer.io/address/0x0d37af9d8ae74f35f3a38bd2a08fcb29890ca6d2",,no,sí
holoworld,Holoworld,holo,"Artificial Intelligence (AI), Infrastructure, Solana Ecosystem, AI Agents, AI Agent Launchpad, AI Framework",0.265707,92021291,100060803,1.0873657814689863,347376226.0,2048000000.0,2048000000.0,0,550,33,"binance-smart-chain: 0x1a5d7e4c3a7f940b240b7357a4bfed30d17f9497, solana: 69RX85eQoEsnZvXGmLNjYcWgVkp9r2JjahVm99KbJETU","https://bscscan.com/token/0x1a5d7e4c3a7f940b240b7357a4bfed30d17f9497, https://binplorer.com/address/0x1a5D7E4c3A7F940B240b7357a4bFED30D17f9497, https://solscan.io/token/69RX85eQoEsnZvXGmLNjYcWgVkp9r2JjahVm99KbJETU",,no,sí
delysium,Delysium,agi,"Artificial Intelligence (AI), BNB Chain Ecosystem, Solana Ecosystem, Ethereum Ecosystem, AI Agents, Alameda Research Portfolio",0.0432531,86404846,1723706,0.019949182016943817,1997789777.834816,3000000000.0,3000000000.0,0,573,36,"ethereum: 0x7da2641000cbb407c329310c461b2cb9c70c3046, solana: 8bUbe1ujsM1G3JEbBWVVCXa2widmuPdKUB2rGKMYFw7R, binance-smart-chain: 0x818835503f55283cd51a4399f595e295a9338753","https://etherscan.io/token/0x7da2641000cbb407c329310c461b2cb9c70c3046, https://platform.arkhamintelligence.com/explorer/token/delysium, https://ethplorer.io/address/0x7da2641000cbb407c329310c461b2cb9c70c3046, https://bscscan.com/token/0x818835503f55283cd51a4399f595e295a9338753, https://binplorer.com/address/0x818835503f55283cd51a4399f595e295a9338753, https://solscan.io/token/8bUbe1ujsM1G3JEbBWVVCXa2widmuPdKUB2rGKMYFw7R",,no,sí
chex-token,Chintai,chex,"Decentralized Exchange (DEX), Decentralized Finance (DeFi), BNB Chain Ecosystem, Solana Ecosystem, Ethereum Ecosystem, Real World Assets (RWA), Base Ecosystem, RWA Protocol",0.085218,85145840,970150,0.011393980022981745,998921914.6611626,998921914.6611626,1000000000.0,5738,577,16,"ethereum: 0x9ce84f6a69986a83d92c324df10bc8e64771030f, base: 0xc43f3ae305a92043bd9b62ebd2fe14f7547ee485, binance-smart-chain: 0x9ce84f6a69986a83d92c324df10bc8e64771030f, solana: 6dKCoWjpj5MFU5gWDEFdpUUeBasBLK3wLEwhUzQPAa1e","https://bloks.io/tokens/chex-eos-chexchexchex, https://platform.arkhamintelligence.com/explorer/token/chex-token, https://bscscan.com/token/0x9ce84f6a69986a83d92c324df10bc8e64771030f, https://etherscan.io/token/0x9ce84f6a69986a83d92c324df10bc8e64771030f, https://ethplorer.io/address/0x9ce84f6a69986a83d92c324df10bc8e64771030f, https://binplorer.com/address/0x9ce84f6a69986a83d92c324df10bc8e64771030f, https://solscan.io/token/6dkcowjpj5mfu5gwdefdpuuebasblk3wlewhuzqpaa1e, https://basescan.org/token/0xc43f3ae305a92043bd9b62ebd2fe14f7547ee485",,no,sí
freysa-ai,Freysa AI,fai,"Artificial Intelligence (AI), Base Ecosystem, AI Agents, Binance Alpha Spotlight, AI Framework",0.01025941,83936903,2583429,0.03077822635414604,8189700000.0,8189700000.0,8189700000.0,1915,583,16,base: 0xb33ff54b9f7242ef1593d2c9bcd8f9df46c77935,https://basescan.org/token/0xb33ff54b9f7242ef1593d2c9bcd8f9df46c77935,,no,no
carv,CARV,carv,"Artificial Intelligence (AI), Infrastructure, Gaming (GameFi), NFT, BNB Chain Ecosystem, Solana Ecosystem, Arbitrum Ecosystem, Impossible Finance Launchpad, Ethereum Ecosystem, Animoca Brands Portfolio, Base Ecosystem",0.277653,81971850,9935396,0.12120497463458492,295209453.0,1000000000.0,1000000000.0,36826,586,43,"base: 0xc08cd26474722ce93f4d0c34d16201461c10aa8c, ethereum: 0xc08cd26474722ce93f4d0c34d16201461c10aa8c, binance-smart-chain: 0xc08cd26474722ce93f4d0c34d16201461c10aa8c, solana: AFJtnuqGMaj5jAo6Pwxo28r1f7XAXXTSA8q3rG3q8b4A, arbitrum-one: 0xc08cd26474722ce93f4d0c34d16201461c10aa8c","https://platform.arkhamintelligence.com/explorer/token/carv, https://basescan.org/token/0xc08cd26474722ce93f4d0c34d16201461c10aa8c, https://arbiscan.io/token/0xc08cd26474722ce93f4d0c34d16201461c10aa8c, https://etherscan.io/token/0xc08cd26474722ce93f4d0c34d16201461c10aa8c, https://ethplorer.io/address/0xc08cd26474722ce93f4d0c34d16201461c10aa8c, https://solscan.io/token/AFJtnuqGMaj5jAo6Pwxo28r1f7XAXXTSA8q3rG3q8b4A, https://bscscan.com/token/0xc08Cd26474722cE93F4D0c34D16201461c10AA8C, https://binplorer.com/address/0xc08Cd26474722cE93F4D0c34D16201461c10AA8C",,no,sí
pha,PHALA,pha,"Artificial Intelligence (AI), Infrastructure, Smart Contract Platform, Oracle, Polkadot Ecosystem, Ethereum Ecosystem, Interoperability, Layer 2 (L2), Zero Knowledge (ZK), DePIN, DWF Labs Portfolio, Rollup, AI Agents, Sora Ecosystem, AI Framework, Made in USA",0.095199,77223878,6676787,0.08646013607345646,812079631.4865464,1000000000.0,1000000000.0,11103,610,48,"ethereum: 0x6c5ba91642f10282b576d91922ae6448c9d52f4e, sora: 0x0033271716eec64234a5324506c4558de27b7c23c42f3e3b74801f98bdfeebf7","https://etherscan.io/token/0x6c5ba91642f10282b576d91922ae6448c9d52f4e, https://platform.arkhamintelligence.com/explorer/token/pha, https://ethplorer.io/address/0x6c5ba91642f10282b576d91922ae6448c9d52f4e, https://phala.subscan.io/account",,no,sí
chutes,Chutes,sn64,"Artificial Intelligence (AI), Bittensor Ecosystem, Bittensor Subnets",27.51,77027498,511597,0.006641745003842654,2796939.683449919,2796939.683449919,21000000.0,0,612,1,bittensor: 64,https://taostats.io/subnets/64/chart,,no,no
cyberconnect,CYBER,cyber,"Artificial Intelligence (AI), Smart Contract Platform, SocialFi, NFT, BNB Chain Ecosystem, Binance Launchpool, Ethereum Ecosystem, Decentralized Identifier (DID), Optimism Ecosystem, Layer 2 (L2), Animoca Brands Portfolio, Multicoin Capital Portfolio, YZi Labs (Prev. Binance Labs) Portfolio, Delphi Ventures Portfolio, Cyber Ecosystem, Optimism Superchain Ecosystem, AI Applications, Governance",1.56,76617705,13833016,0.18054594561400658,49239250.403333336,100000000.0,100000000.0,23996,615,62,"ethereum: 0x14778860e937f509e651192a90589de711fb88a9, optimistic-ethereum: 0x14778860e937f509e651192a90589de711fb88a9, cyber: 0x14778860e937f509e651192a90589de711fb88a9, binance-smart-chain: 0x14778860e937f509e651192a90589de711fb88a9","https://etherscan.io/token/0x14778860e937f509e651192a90589de711fb88a9, https://platform.arkhamintelligence.com/explorer/token/cyberconnect, https://ethplorer.io/address/0x14778860e937f509e651192a90589de711fb88a9, https://bscscan.com/token/0x14778860e937f509e651192a90589de711fb88a9, https://binplorer.com/address/0x14778860e937f509e651192a90589de711fb88a9, https://optimistic.etherscan.io/token/0x14778860e937f509e651192a90589de711fb88a9, https://cyberscan.co/token/0x14778860e937f509e651192a90589de711fb88a9",,no,sí
nillion,Nillion,nil,"Artificial Intelligence (AI), Infrastructure, Binance Launchpool",0.297357,76580325,9809733,0.12809730175472617,260267500.0,1000000000.0,,11778,616,24,,https://www.mintscan.io/nillion,,no,no
venice-token,Venice Token,vvv,"Artificial Intelligence (AI), Base Ecosystem, AI Agents, AI Applications, Made in USA",2.04,74947731,2391899,0.03191422833067488,36900738.96084357,75508610.2828906,,0,625,33,base: 0xacfe6019ed1a7dc6f7b508c02d1b04ec88cc21bf,https://basescan.org/token/0xacfe6019ed1a7dc6f7b508c02d1b04ec88cc21bf,,no,no
vaneck-treasury-fund,VanEck Treasury Fund,vbill,"BNB Chain Ecosystem, Solana Ecosystem, Avalanche Ecosystem, Ethereum Ecosystem, Real World Assets (RWA)",1.0,74214690,0.0,0.0,74214690.41,74214690.41,,0,632,0,"ethereum: 0x2255718832bc9fd3be1caf75084f4803da14ff01, binance-smart-chain: 0x14d72634328c4d03bba184a48081df65f1911279, solana: 34mJztT9am2jybSukvjNqRjgJBZqHJsHnivArx1P4xy1, avalanche: 0x7f4546ef315efc65336187fe3765ea779ac90183","https://etherscan.io/token/0x2255718832bC9fD3bE1CaF75084F4803DA14FF01, https://bscscan.com/token/0x14d72634328c4d03bba184a48081df65f1911279, https://snowtrace.io/token/0x7F4546eF315Efc65336187Fe3765ea779Ac90183, https://solscan.io/token/34mJztT9am2jybSukvjNqRjgJBZqHJsHnivArx1P4xy1, https://ethplorer.io/address/0x2255718832bC9fD3bE1CaF75084F4803DA14FF01, https://binplorer.com/address/0x14d72634328c4d03bba184a48081df65f1911279, https://avascan.info/blockchain/c/address/0x7f4546ef315efc65336187fe3765ea779ac90183/token, https://snowtrace.io/token/0x7f4546ef315efc65336187fe3765ea779ac90183?type=erc20&chainid=43114",,no,sí
iexec-rlc,iExec RLC,rlc,"Artificial Intelligence (AI), Oracle, Arbitrum Ecosystem, Ethereum Ecosystem, DePIN, AI Agents, Energi Ecosystem, Sora Ecosystem, GMCI DePIN Index, GMCI Index",1.029,74401270,5805461,0.07802905783731917,72382548.06525737,86999784.9868455,86999784.9868455,3840,630,51,"ethereum: 0x607f4c5bb672230e8672085532f7e901544a7375, energi: 0xb4ff17b5e93c40ff09326b0d538118022f02dc2b, sora: 0x008294f7b08f568a661de2b248c34fc574e7e0012a12ef7959eb1a5c6b349e09, arbitrum-one: 0xe649e6a1f2afc63ca268c2363691cecaf75cf47c","https://etherscan.io/token/0x607f4c5bb672230e8672085532f7e901544a7375, https://platform.arkhamintelligence.com/explorer/token/iexec-rlc, https://ethplorer.io/address/0x607f4c5bb672230e8672085532f7e901544a7375, https://explorer.energi.network/token/0xb4ff17b5e93c40ff09326b0d538118022f02dc2b, https://arbiscan.io/token/0xe649e6a1f2afc63ca268c2363691cecaf75cf47c",,no,sí
everipedia,IQ,iq,"Artificial Intelligence (AI), Big Data, Media, BNB Chain Ecosystem, Polygon Ecosystem, Ethereum Ecosystem, AI Agents, GMCI DePIN Index, Galaxy Digital Portfolio, GMCI Index, AI Agent Launchpad, AI Framework, DeFAI",0.00315759,72847154,1465335,0.020115199009696383,23074159567.929,23074159567.929,60000000000.0,4749,637,34,"ethereum: 0x579cea1889991f68acc35ff5c3dd0621ff29b0c9, binance-smart-chain: 0x0e37d70b51ffa2b98b4d34a5712c5291115464e3, polygon-pos: 0xb9638272ad6998708de56bbc0a290a1de534a578","https://etherscan.io/token/0x579cea1889991f68acc35ff5c3dd0621ff29b0c9, https://platform.arkhamintelligence.com/explorer/token/everipedia, https://bscscan.com/token/0x0e37d70b51ffa2b98b4d34a5712c5291115464e3, https://polygonscan.com/token/0xb9638272ad6998708de56bbc0a290a1de534a578, https://bloks.io/tokens/iq-eos-everipediaiq, https://ethplorer.io/address/0x579cea1889991f68acc35ff5c3dd0621ff29b0c9, https://binplorer.com/address/0x0e37d70b51ffa2b98b4d34a5712c5291115464e3",,no,sí
singularitynet,SingularityNET,agix,"Artificial Intelligence (AI), Cardano Ecosystem, Ethereum Ecosystem, AI Agents, Sora Ecosystem",0.249208,72669803,63417,0.0008726733441124094,291292006.4962001,365638123.0207168,2000000000.0,12316,639,4,"ethereum: 0x5b7533812759b45c2b44c19e320ba2cd2681b542, sora: 0x005e152271f8816d76221c7a0b5c6cafcb54fdfb6954dd8812f0158bfeac900d, cardano: f43a62fdc3965df486de8a0d32fe800963589c41b38946602a0dc53541474958","https://etherscan.io/token/0x5b7533812759b45c2b44c19e320ba2cd2681b542, https://platform.arkhamintelligence.com/explorer/token/singularitynet, https://ethplorer.io/address/0x5b7533812759b45c2b44c19e320ba2cd2681b542, https://cardanoscan.io/token/f43a62fdc3965df486de8a0d32fe800963589c41b38946602a0dc53541474958, https://cardanoscan.io/tokenpolicy/f43a62fdc3965df486de8a0d32fe800963589c41b38946602a0dc535, https://cardanoscan.io/token/f43a62fdc3965df486de8a0d32fe800963589c41b38946602a0dc535",,no,sí
zelcash,Flux,flux,"Artificial Intelligence (AI), Smart Contract Platform, Masternodes, DePIN, Proof of Work (PoW), Made in USA, Governance",0.184866,72392417,3063418,0.04231683547739538,391704059.4991484,391723259.4991484,440000000.0,8284,642,46,,https://explorer.runonflux.io/,,no,no
real-4,Real,real,"Decentralized Finance (DeFi), Lending/Borrowing Protocols, Solana Ecosystem, Real World Assets (RWA), RWA Protocol, CeFi",0.072111,71763906,10805338,0.1505678634604978,999999989.246475,999999989.246475,1000000000.0,238,645,10,solana: 8Aq4fWMgPqJbF3w8w8PnLDRVUAFe4mzsCvPKxAArbonk,https://solscan.io/token/8Aq4fWMgPqJbF3w8w8PnLDRVUAFe4mzsCvPKxAArbonk,,no,no
lagrange,Lagrange,la,"Artificial Intelligence (AI), BNB Chain Ecosystem, Ethereum Ecosystem, Zero Knowledge (ZK), Binance HODLer Airdrops, Binance Alpha Spotlight",0.36985,71283574,28037637,0.3933253543095356,193000000.0,1000000000.0,,0,646,43,"ethereum: 0x0fc2a55d5bd13033f1ee0cdd11f60f7efe66f467, binance-smart-chain: 0x389ad4bb96d0d6ee5b6ef0efaf4b7db0ba2e02a0","https://etherscan.io/token/0x0fc2a55d5BD13033f1ee0cdd11f60F7eFe66f467, https://ethplorer.io/address/0x0fc2a55d5BD13033f1ee0cdd11f60F7eFe66f467, https://bscscan.com/token/0x389AD4bb96d0D6EE5B6eF0EFAF4b7db0bA2e02a0, https://binplorer.com/address/0x389AD4bb96d0D6EE5B6eF0EFAF4b7db0bA2e02a0",,no,sí
auki-labs,Auki,auki,"Artificial Intelligence (AI), Augmented Reality, Metaverse, DePIN, Base Ecosystem, AI Applications, Outlier Ventures Portfolio, Peaq Ecosystem, Robotics",0.02580912,70803112,1195726,0.016888043000143835,2748936673.215977,9994033449.332367,10000000000.0,1857,650,7,"base: 0xf9569cfb8fd265e91aa478d86ae8c78b8af55df4, peaq: 0xf67db9d00401d9e883208882f5c100d7482b083d","https://basescan.org/token/0xf9569cfb8fd265e91aa478d86ae8c78b8af55df4, https://platform.arkhamintelligence.com/explorer/token/auki-labs, https://peaq.subscan.io/token/0xf67db9d00401d9e883208882f5c100d7482b083d",,no,sí
auki-labs,Auki,auki,"Artificial Intelligence (AI), Augmented Reality, Metaverse, DePIN, Base Ecosystem, AI Applications, Outlier Ventures Portfolio, Peaq Ecosystem, Robotics",0.02580912,70803112,1195726,0.016888043000143835,2748936673.215977,9994033449.332367,10000000000.0,1857,650,7,"base: 0xf9569cfb8fd265e91aa478d86ae8c78b8af55df4, peaq: 0xf67db9d00401d9e883208882f5c100d7482b083d","https://basescan.org/token/0xf9569cfb8fd265e91aa478d86ae8c78b8af55df4, https://platform.arkhamintelligence.com/explorer/token/auki-labs, https://peaq.subscan.io/token/0xf67db9d00401d9e883208882f5c100d7482b083d",,no,sí
dia-data,DIA,dia,"Infrastructure, Decentralized Finance (DeFi), Oracle, BNB Chain Ecosystem, Ethereum Ecosystem, Real World Assets (RWA), Sora Ecosystem, Outlier Ventures Portfolio",0.58935,70553584,15707885,0.22263766217744516,119676104.0,168817248.0,200000000.0,6243,653,41,"ethereum: 0x84ca8bc7997272c7cfb4d0cd3d55cd942b3c9419, sora: 0x001f7a13792061236adfc93fa3aa8bad1dc8a8e8f889432b3d8d416b986f2c43, binance-smart-chain: 0x99956d38059cf7beda96ec91aa7bb2477e0901dd","https://etherscan.io/token/0x84ca8bc7997272c7cfb4d0cd3d55cd942b3c9419, https://platform.arkhamintelligence.com/explorer/token/dia-data, https://ethplorer.io/address/0x84ca8bc7997272c7cfb4d0cd3d55cd942b3c9419, https://bscscan.com/token/0x99956d38059cf7beda96ec91aa7bb2477e0901dd, https://binplorer.com/address/0x99956d38059cf7beda96ec91aa7bb2477e0901dd",,no,sí
chromaway,Chromia,chr,"Artificial Intelligence (AI), Smart Contract Platform, Gaming (GameFi), NFT, BNB Chain Ecosystem, Layer 1 (L1), Ethereum Ecosystem, Real World Assets (RWA), Modular Blockchain, Chromia Ecosystem, RWA Protocol",0.082951,70261170,8071994,0.11488556196829629,847031914.378197,847031914.378197,978064789.0,22087,655,53,"ethereum: 0x8a2279d4a90b6fe1c4b30fa660cc9f926797baa2, binance-smart-chain: 0xf9cec8d50f6c8ad3fb6dccec577e05aa32b224fe","https://etherscan.io/token/0x8a2279d4a90b6fe1c4b30fa660cc9f926797baa2, https://platform.arkhamintelligence.com/explorer/token/chromaway, https://ethplorer.io/address/0x8a2279d4a90b6fe1c4b30fa660cc9f926797baa2, https://bscscan.com/token/0xf9cec8d50f6c8ad3fb6dccec577e05aa32b224fe, https://binplorer.com/address/0xf9cec8d50f6c8ad3fb6dccec577e05aa32b224fe",,no,sí
chaingpt,ChainGPT,cgpt,"Artificial Intelligence (AI), Smart Contract Platform, Decentralized Finance (DeFi), Analytics, NFT, BNB Chain Ecosystem, Solana Ecosystem, Launchpad, Ethereum Ecosystem, Telegram Apps, Discord Bots, ChainGPT Launchpad, Poolz Finance Launchpad, AI Agents, AI Applications, Binance Alpha Spotlight, AI Framework, DeFAI, Governance",0.079694,68954506,10669660,0.15473477541844763,865617618.0,997832198.0,1000000000.0,6151,662,48,"binance-smart-chain: 0x9840652dc04fb9db2c43853633f0f62be6f00f98, ethereum: 0x25931894a86d47441213199621f1f2994e1c39aa, solana: CCDfDXZxzZtkZLuhY48gyKdXc5KywqpR8xEVHHh8ck1G","https://bscscan.com/token/0x9840652dc04fb9db2c43853633f0f62be6f00f98, https://platform.arkhamintelligence.com/explorer/token/chaingpt, https://etherscan.io/token/0x25931894a86d47441213199621f1f2994e1c39aa, https://ethplorer.io/address/0x25931894a86d47441213199621f1f2994e1c39aa, https://binplorer.com/address/0x9840652dc04fb9db2c43853633f0f62be6f00f98, https://solscan.io/token/CCDfDXZxzZtkZLuhY48gyKdXc5KywqpR8xEVHHh8ck1G",,no,sí
revox,REVOX,rex,"Artificial Intelligence (AI), BNB Chain Ecosystem, AI Agents, AI Applications",0.0334598,67506811,21106069,0.3126509560642703,2021659479.0,3000000000.0,3000000000.0,0,671,13,binance-smart-chain: 0x90869b3a42e399951bd5f5ff278b8cc5ee1dc0fe,"https://bscscan.com/address/0x90869b3a42E399951bd5F5fF278B8CC5ee1Dc0fE, https://bscscan.com/token/0x90869b3a42E399951bd5F5fF278B8CC5ee1Dc0fE, https://binplorer.com/address/0x90869b3a42E399951bd5F5fF278B8CC5ee1Dc0fE",,no,no
flock-2,FLOCK,flock,"Artificial Intelligence (AI), Base Ecosystem, AI Applications, Binance Alpha Spotlight",0.293474,67134454,15154806,0.22573812844296015,228710578.9730216,1000000000.0,1000000000.1,21658,674,31,base: 0x5ab3d4c385b400f3abb49e80de2faf6a88a7b691,https://basescan.org/token/0x5aB3D4c385B400F3aBB49e80DE2fAF6a88A7B691,,no,no
cookie,Cookie DAO,cookie,"Artificial Intelligence (AI), Marketing, Analytics, BNB Chain Ecosystem, Ethereum Ecosystem, Animoca Brands Portfolio, Base Ecosystem, AI Agents, Binance Alpha Spotlight, InfoFi, Governance",0.107115,65779122,10390760,0.15796440700439876,613135489.18543,999929030.0,1000000000.0,84054,679,56,"binance-smart-chain: 0xc0041ef357b183448b235a8ea73ce4e4ec8c265f, ethereum: 0xc0041ef357b183448b235a8ea73ce4e4ec8c265f, base: 0xc0041ef357b183448b235a8ea73ce4e4ec8c265f","https://bscscan.com/token/0xc0041ef357b183448b235a8ea73ce4e4ec8c265f, https://platform.arkhamintelligence.com/explorer/token/cookie, https://etherscan.io/token/0xc0041ef357b183448b235a8ea73ce4e4ec8c265f, https://ethplorer.io/address/0xc0041ef357b183448b235a8ea73ce4e4ec8c265f, https://basescan.org/token/0xc0041ef357b183448b235a8ea73ce4e4ec8c265f, https://binplorer.com/address/0xc0041ef357b183448b235a8ea73ce4e4ec8c265f",,no,sí
marlin,Marlin,pond,"Artificial Intelligence (AI), Infrastructure, Smart Contract Platform, Decentralized Finance (DeFi), Arbitrum Ecosystem, Ethereum Ecosystem, Zero Knowledge (ZK), DWF Labs Portfolio, Coinbase Ventures Portfolio, Pantera Capital Portfolio, YZi Labs (Prev. Binance Labs) Portfolio",0.00781217,64080303,1576518,0.024602224493226882,8202394162.0,10000000000.0,10000000000.0,6401,693,37,"ethereum: 0x57b946008913b82e4df85f501cbaed910e58d26c, arbitrum-one: 0xda0a57b710768ae17941a9fa33f8b720c8bd9ddd","https://etherscan.io/token/0x57b946008913b82e4df85f501cbaed910e58d26c, https://platform.arkhamintelligence.com/explorer/token/marlin, https://ethplorer.io/address/0x57b946008913b82e4df85f501cbaed910e58d26c, https://arbiscan.io/token/0xda0a57b710768ae17941a9fa33f8b720c8bd9ddd",,no,sí
dovu-2,DOVU,dovu,"Infrastructure, Ethereum Ecosystem, Regenerative Finance (ReFi), Real World Assets (RWA), Hedera Ecosystem",0.00637639,63676462,107235,0.0016840602733236027,9986266603.504498,10000000000.0,10000000000.0,0,698,7,"hedera-hashgraph: 0.0.3716059, ethereum: 0x2aeabde1ab736c59e9a19bed67681869eef39526, base: 0xb38266e0e9d9681b77aeb0a280e98131b953f865","https://hashscan.io/mainnet/token/0.0.3716059, https://platform.arkhamintelligence.com/explorer/token/dovu-2, https://etherscan.io/token/0x2aeabde1ab736c59e9a19bed67681869eef39526, https://ethplorer.io/address/0x2aeabde1ab736c59e9a19bed67681869eef39526, https://hashscan.io/mainnet/token/0x000000000000000000000000000000000038b3db, https://basescan.org/token/0xb38266e0e9d9681b77aeb0a280e98131b953f865",,no,sí
saga-2,Saga,saga,"Artificial Intelligence (AI), Infrastructure, Smart Contract Platform, Binance Launchpool, Layer 1 (L1), Modular Blockchain, Appchains, Saga Ecosystem",0.209805,61902380,9783888,0.15805350295093662,295047652.0,1077742311.0,,4042,708,32,saga: usaga,https://sagaevm.sagaexplorer.io/token/usaga,,no,no
energy-web-token,Energy Web,ewt,"Energy, Polkadot Ecosystem, Gnosis Chain Ecosystem, Regenerative Finance (ReFi), Real World Assets (RWA), Blockchain Capital Portfolio, Hydration Ecosystem",0.989568,59907849,447095,0.007463045451690312,60544174.08365829,69017450.9455633,100000000.0,7983,720,9,"xdai: 0x6a8cb6714b1ee5b471a7d2ec4302cb4f5ff25ec2, hydration: asset_registry%2F252525","https://explorer.energyweb.org/, https://blockscout.com/poa/xdai/tokens/0x6a8cb6714b1ee5b471a7d2ec4302cb4f5ff25ec2/token-transfers, https://etherscan.io/token/0x178c820f862b14f316509ec36b13123da19a6054, https://explorer.energi.network/token/0x387005f39bf464c00bf3ac7c80021f919c2f4164, https://gnosisscan.io/token/0x6a8cb6714b1ee5b471a7d2ec4302cb4f5ff25ec2, https://hydration.subscan.io/custom_token?unique_id=asset_registry%2F252525",,no,sí
tharwa,Tharwa,trwa,"Decentralized Finance (DeFi), Ethereum Ecosystem, Real World Assets (RWA), RWA Protocol",0.00853587,59751097,1308853,0.021905087366011038,7000000000.0,10000000000.0,10000000000.0,0,723,8,ethereum: 0x7b10d50b5885be4c7985a88408265c109bd1eec8,"https://etherscan.io/token/0x7b10d50b5885bE4c7985A88408265c109bd1EeC8, https://ethplorer.io/address/0x7b10d50b5885bE4c7985A88408265c109bd1EeC8",,no,no
arcblock,Arcblock,abt,"Artificial Intelligence (AI), Infrastructure, Ethereum Ecosystem, AI Framework, Made in USA",0.599398,59102768,339150,0.005738309921457485,98580000.0,186000000.0,,3149,724,11,ethereum: 0xb98d4c97425d9908e66e53a6fdf673acca0be986,"https://etherscan.io/token/0xb98d4c97425d9908e66e53a6fdf673acca0be986, https://platform.arkhamintelligence.com/explorer/token/arcblock, https://ethplorer.io/address/0xb98d4c97425d9908e66e53a6fdf673acca0be986",,no,no
ridges-ai,Ridges AI,sn62,"Artificial Intelligence (AI), Bittensor Ecosystem, Bittensor Subnets",20.82,57441515,7435988,0.12945320122562923,2758545.569007283,2758545.569007283,21000000.0,0,729,1,bittensor: 62,https://taostats.io/subnets/62/chart,,no,no
matrixdock-gold,Matrixdock Gold,xaum,"Tokenized Assets, Tokenized Gold, Ethereum Ecosystem, Sui Ecosystem, Real World Assets (RWA), Tokenized Commodities, Plume Network Ecosystem",3783.58,55708630,339109,0.0060871897226695395,14723.7699,14723.7699,,0,743,8,"ethereum: 0x2103e845c5e135493bb6c2a4f0b8651956ea8682, plume-network: 0xa0c4f78a29ead4abf6b7f5b3f0d05c0f3eab8ddf, sui: 0x9d297676e7a4b771ab023291377b2adfaa4938fb9080b8d12430e4b108b836a9::xaum::XAUM, binance-smart-chain: 0x23ae4fd8e7844cdbc97775496ebd0e8248656028","https://etherscan.io/token/0x2103E845C5E135493Bb6c2A4f0B8651956eA8682, https://ethplorer.io/address/0x2103E845C5E135493Bb6c2A4f0B8651956eA8682, https://bscscan.com/token/0x23ae4fd8e7844cdbc97775496ebd0e8248656028, https://binplorer.com/address/0x23ae4fd8e7844cdbc97775496ebd0e8248656028, https://suiscan.xyz/mainnet/coin/0x9d297676e7a4b771ab023291377b2adfaa4938fb9080b8d12430e4b108b836a9::xaum::XAUM/txs, https://suivision.xyz/coin/0x9d297676e7a4b771ab023291377b2adfaa4938fb9080b8d12430e4b108b836a9::xaum::XAUM, https://explorer.plume.org/token/0xA0C4F78A29ead4ABf6b7f5B3F0d05C0f3EAb8DDf, https://suiscan.xyz/mainnet/coin/0x9d297676e7a4b771ab023291377b2adfaa4938fb9080b8d12430e4b108b836a9/txs, https://suivision.xyz/coin/0x9d297676e7a4b771ab023291377b2adfaa4938fb9080b8d12430e4b108b836a9",,no,sí
usual,Usual,usual,"Decentralized Finance (DeFi), BNB Chain Ecosystem, Ethereum Ecosystem, Real World Assets (RWA), Base Ecosystem, Coinbase Ventures Portfolio, Stablecoin Issuer, YZi Labs (Prev. Binance Labs) Portfolio, Galaxy Digital Portfolio, Governance",0.053148,55709634,17907120,0.3214366836443406,1048664295.5183752,1425288073.705861,4000000000.0,27898,744,40,"ethereum: 0xc4441c2be5d8fa8126822b9929ca0b81ea0de38e, binance-smart-chain: 0x4acd4d03af6f9cc0fb7c5f0868b7b6287d7969c5, base: 0x4acd4d03af6f9cc0fb7c5f0868b7b6287d7969c5","https://etherscan.io/token/0xc4441c2be5d8fa8126822b9929ca0b81ea0de38e, https://ethplorer.io/address/0xC4441c2BE5d8fA8126822B9929CA0b81Ea0DE38E, https://bscscan.com/token/0x4acd4d03af6f9cc0fb7c5f0868b7b6287d7969c5, https://binplorer.com/address/0x4acd4d03af6f9cc0fb7c5f0868b7b6287d7969c5, https://basescan.org/token/0x4acd4d03af6f9cc0fb7c5f0868b7b6287d7969c5",,no,sí
magic,Treasure,magic,"Artificial Intelligence (AI), Gaming (GameFi), NFT, Metaverse, Arbitrum Ecosystem, Ethereum Ecosystem, Layer 2 (L2), Zero Knowledge (ZK), Gaming Blockchains, Gaming Governance Token, Gaming Utility Token, AI Agents, AI Agent Launchpad",0.17311,54573359,9555904,0.17510199436322035,315185579.4407068,347687044.4673523,347714007.0,0,756,65,"arbitrum-one: 0x539bde0d7dbd336b79148aa742883198bbf60342, ethereum: 0xb0c7a3ba49c7a6eaba6cd4a96c55a1391070ac9a","https://arbiscan.io/token/0x539bde0d7dbd336b79148aa742883198bbf60342, https://etherscan.io/token/0xb0c7a3ba49c7a6eaba6cd4a96c55a1391070ac9a, https://ethplorer.io/address/0xb0c7a3ba49c7a6eaba6cd4a96c55a1391070ac9a",,no,sí
nosana,Nosana,nos,"Artificial Intelligence (AI), Solana Ecosystem, DePIN",0.646985,53962813,708800,0.013134971299587366,83400000.0,100000000.0,,3730,761,15,solana: nosXBVoaCTtYdLvKY6Csb4AC8JCdQKKAaWYtx2ZMoo7,"https://explorer.solana.com/address/nosxbvoacttydlvky6csb4ac8jcdqkkaawytx2zmoo7, https://platform.arkhamintelligence.com/explorer/token/nosana, https://solscan.io/token/nosxbvoacttydlvky6csb4ac8jcdqkkaawytx2zmoo7",,no,no
unibase,Unibase,ub,"Artificial Intelligence (AI), Ethereum Ecosystem, Data Availability, Binance Alpha Spotlight, AI Framework",0.02152524,53176915,41044025,0.771839152384075,2500000000.0,10000000000.0,10000000000.0,0,765,9,"binance-smart-chain: 0x40b8129b786d766267a7a118cf8c07e31cdb6fde, ethereum: 0x6944e1df6bf5972305f9ab25df47ef10de01bcc8","https://bscscan.com/token/0x40b8129b786d766267a7a118cf8c07e31cdb6fde, https://binplorer.com/address/0x40b8129B786D766267A7a118cF8C07E31CDB6Fde, https://etherscan.io/token/0x6944E1DF6Bf5972305f9Ab25dF47ef10De01bcc8, https://ethplorer.io/address/0x6944E1DF6Bf5972305f9Ab25dF47ef10De01bcc8",,no,sí
solidus-aitech,Solidus Ai Tech,aitech,"Artificial Intelligence (AI), BNB Chain Ecosystem, Solana Ecosystem, Launchpad, Base Ecosystem, ChainGPT Launchpad, AI Agents, Binance Alpha Spotlight, DeFAI",0.03257935,52682107,23984299,0.45526461194879697,1617659864.0,1987211428.0,2000000000.0,105784,772,29,"binance-smart-chain: 0x2d060ef4d6bf7f9e5edde373ab735513c0e4f944, solana: FUW4poh6s7uychceF8u1mo7NS65vzjX5vmS7Yi7GYQnz, base: 0xd71552d9e08e5351adb52163b3bbbc4d7de53ce1","https://bscscan.com/token/0x2d060ef4d6bf7f9e5edde373ab735513c0e4f944, https://platform.arkhamintelligence.com/explorer/token/solidus-aitech, https://binplorer.com/address/0x2d060ef4d6bf7f9e5edde373ab735513c0e4f944, https://basescan.org/token/0xd71552d9e08e5351adb52163b3bbbc4d7de53ce1, https://solscan.io/token/FUW4poh6s7uychceF8u1mo7NS65vzjX5vmS7Yi7GYQnz",,no,sí
ocean-protocol,Ocean Protocol,ocean,"Artificial Intelligence (AI), Storage, Polygon Ecosystem, Ethereum Ecosystem, Optimism Ecosystem, DePIN, Energi Ecosystem, Sora Ecosystem, Outlier Ventures Portfolio",0.257834,51585083,223356,0.00432985636564741,200081034.9720072,268449130.088174,1410000000.0,3646,779,12,"ethereum: 0x967da4048cd07ab37855c090aaf366e4ce1b9f48, optimistic-ethereum: 0x2561aa2bb1d2eb6629edd7b0938d7679b8b49f9e, energi: 0x99a17fb61fbdc4e42f6b0f496fe92ba820ce5d2b, sora: 0x002ca40397c794e25dba18cf807910eeb69eb8e81b3f07bb54f7c5d1d8ab76b9, polygon-pos: 0x282d8efce846a88b159800bd4130ad77443fa1a1","https://etherscan.io/token/0x967da4048cd07ab37855c090aaf366e4ce1b9f48, https://platform.arkhamintelligence.com/explorer/token/ocean-protocol, https://blockchair.com/ethereum/erc-20/token/0x967da4048cd07ab37855c090aaf366e4ce1b9f48, https://ethplorer.io/address/0x967da4048cd07ab37855c090aaf366e4ce1b9f48, https://explorer.energi.network/token/0x99a17fb61fbdc4e42f6b0f496fe92ba820ce5d2b, https://polygonscan.com/token/0x282d8efce846a88b159800bd4130ad77443fa1a1, https://optimistic.etherscan.io/token/0x2561aa2bb1d2eb6629edd7b0938d7679b8b49f9e",,no,sí
epic-chain,Epic Chain,epic,"Smart Contract Platform, Ethereum Ecosystem, Layer 2 (L2), Real World Assets (RWA), XRP Ledger Ecosystem, RWA Protocol",1.7,50750891,7008061,0.1380874475681619,30000000.0,30000000.0,,19483,787,30,ethereum: 0x94314a14df63779c99c0764a30e0cd22fa78fc0e,"https://etherscan.io/token/0x94314a14Df63779c99C0764a30e0CD22fA78fC0E, https://ethplorer.io/address/0x94314a14Df63779c99C0764a30e0CD22fA78fC0E",,no,no
ondo-u-s-dollar-token,Ondo U.S. Dollar Token,usdon,"Ethereum Ecosystem, Real World Assets (RWA), Payment Solutions",1.0,50469654,2298592,0.04554404117769462,50469654.01235727,50469654.01235727,,0,791,3,ethereum: 0xace8e719899f6e91831b18ae746c9a965c2119f1,"https://etherscan.io/token/0xAcE8E719899F6E91831B18AE746C9A965c2119F1, https://ethplorer.io/address/0xAcE8E719899F6E91831B18AE746C9A965c2119F1",,no,no
victoria-vr,Victoria VR,vr,"Artificial Intelligence (AI), Metaverse, DaoMaker Launchpad, Ethereum Ecosystem, AI Applications",0.00608361,49889426,1188132,0.023815307075290865,8141695688.0,16800000000.0,16800000000.0,15759,794,11,ethereum: 0x7d5121505149065b562c789a0145ed750e6e8cdd,"https://etherscan.io/token/0x7d5121505149065b562c789a0145ed750e6e8cdd, https://platform.arkhamintelligence.com/explorer/token/victoria-vr, https://ethplorer.io/address/0x7d5121505149065b562c789a0145ed750e6e8cdd",,no,no
noble-dollar-usdn,Noble Dollar (USDN),usdn,"Stablecoins, USD Stablecoin, Real World Assets (RWA), Bridged-Tokens, Bridged Stablecoin, Yield-Bearing Stablecoin, US Treasury-backed Stablecoin",0.999611,49713967,1596574,0.032115200140837685,49733326.0,49733326.0,,814,795,2,,https://www.mintscan.io/noble/assets/native/dXVzZG4=,,no,no
secret,Secret,scrt,"Artificial Intelligence (AI), Smart Contract Platform, Cosmos Ecosystem, Layer 1 (L1), Osmosis Ecosystem, Alameda Research Portfolio, DragonFly Capital Portfolio, DeFiance Capital Portfolio, Privacy Blockchain, Outlier Ventures Portfolio",0.15401,49302087,947750,0.0192233241566427,320029344.252596,334915737.301116,,7845,801,22,"secret: secret1k0jntykt7e4g3y88ltc60czgjuqdy4c9e8fzek, osmosis: ibc/0954E1C28EB7AF5B72D24F3BC2B47BBB2FDF91BDDFD57B74B99E133AED40972A","https://www.mintscan.io/secret, https://atomscan.com/secret-network, https://ping.pub/secret, https://www.mintscan.io/secret/address/secret1k0jntykt7e4g3y88ltc60czgjuqdy4c9e8fzek, https://www.mintscan.io/osmosis/assets/ibc/aWJjLzA5NTRFMUMyOEVCN0FGNUI3MkQyNEYzQkMyQjQ3QkJCMkZERjkxQkRERkQ1N0I3NEI5OUUxMzNBRUQ0MDk3MkE=",,no,sí
sygnum-fiusd-liquidity-fund,Sygnum FIUSD Liquidity Fund,fiusd,"Arbitrum Ecosystem, ZkSync Ecosystem, Real World Assets (RWA)",11598.4,48666886,0.0,0.0,4196.0,4196.0,,0,808,0,"zksync: 0x2ab105a3ead22731082b790ca9a00d9a3a7627f9, arbitrum-one: 0xcded6b899edba762d793f44ed295248049440e1e","https://era.zksync.network/address/0x2ab105a3ead22731082b790ca9a00d9a3a7627f9, https://era.zksync.network/token/0x2ab105a3ead22731082b790ca9a00d9a3a7627f9, https://explorer.zksync.io/address/0x2ab105a3ead22731082b790ca9a00d9a3a7627f9, https://zksync-era.l2scan.co/token/0x2ab105a3ead22731082b790ca9a00d9a3a7627f9, https://arbiscan.io/token/0xcDEd6B899edba762D793F44eD295248049440e1E",,no,sí
alchemist-ai,Alchemist AI,alch,"Artificial Intelligence (AI), Solana Ecosystem, Pump.fun Ecosystem, AI Applications, Binance Alpha Spotlight",0.057001,48482974,28159311,0.580808244147729,850000000.0,999955049.497509,1000000000.0,0,810,32,solana: HNg5PYJmtqcmzXrv6S9zP1CDKk5BgDuyFBxbvNApump,https://solscan.io/token/HNg5PYJmtqcmzXrv6S9zP1CDKk5BgDuyFBxbvNApump,,no,no
vanar-chain,Vanar Chain,vanry,"Artificial Intelligence (AI), Smart Contract Platform, Layer 1 (L1), Polygon Ecosystem, Ethereum Ecosystem, Vanar Chain Ecosystem",0.02472833,48448780,3697851,0.07632495596380343,1957065081.0,1991220770.0,2400000000.0,19169,813,36,"ethereum: 0x8de5b80a0c1b02fe4976851d030b36122dbb8624, vanar-chain: 0x8de5b80a0c1b02fe4976851d030b36122dbb8624, polygon-pos: 0x8de5b80a0c1b02fe4976851d030b36122dbb8624","https://etherscan.io/address/0x8de5b80a0c1b02fe4976851d030b36122dbb8624, https://platform.arkhamintelligence.com/explorer/token/vanar-chain, https://polygonscan.com/address/0x8de5b80a0c1b02fe4976851d030b36122dbb8624, https://etherscan.io/token/0x8de5b80a0c1b02fe4976851d030b36122dbb8624, https://ethplorer.io/address/0x8de5b80a0c1b02fe4976851d030b36122dbb8624, https://polygonscan.com/token/0x8de5b80a0c1b02fe4976851d030b36122dbb8624, https://explorer.vanarchain.com/token/0x8de5b80a0c1b02fe4976851d030b36122dbb8624",,no,sí
propy,Propy,pro,"Tokenized Real Estate, Ethereum Ecosystem, Real World Assets (RWA), Base Ecosystem, Made in USA",0.823704,47702693,6597965,0.1383143085863098,57896591.39105386,100000000.0,100000000.0,5491,825,22,"ethereum: 0x226bb599a12c826476e3a771454697ea52e9e220, base: 0x18dd5b087bca9920562aff7a0199b96b9230438b","https://etherscan.io/token/0x226bb599a12c826476e3a771454697ea52e9e220, https://platform.arkhamintelligence.com/explorer/token/propy, https://ethplorer.io/address/0x226bb599a12c826476e3a771454697ea52e9e220, https://basescan.org/token/0x18dd5b087bca9920562aff7a0199b96b9230438b",,no,sí
bankercoin-2,BankrCoin,bnkr,"Artificial Intelligence (AI), Base Ecosystem, AI Agents, Clanker Ecosystem, DeFAI",0.00047412,47402693,2773274,0.0585045663966813,99999999999.99998,99999999999.99998,100000000000.0,0,830,18,base: 0x22af33fe49fd1fa80c7149773dde5890d3c76f3b,"https://basescan.org/address/0x22aF33FE49fD1Fa80c7149773dDe5890D3c76F3b, https://basescan.org/token/0x22aF33FE49fD1Fa80c7149773dDe5890D3c76F3b",,no,no
alethea-artificial-liquid-intelligence-token,Artificial Liquid Intelligence,ali,"Artificial Intelligence (AI), NFT, Metaverse, Solana Ecosystem, Polygon Ecosystem, Ethereum Ecosystem, Cronos Ecosystem, Base Ecosystem, Multicoin Capital Portfolio, AI Agents, Alameda Research Portfolio, DeFiance Capital Portfolio, YZi Labs (Prev. Binance Labs) Portfolio, Governance",0.00517734,47177766,1503092,0.0318601775251503,9118091184.0,9870903732.81426,9870903732.81426,3593,833,19,"ethereum: 0x6b0b3a982b4634ac68dd83a4dbf02311ce324181, cronos: 0x45c135c1cdce8d25a3b729a28659561385c52671, solana: 9wvorGtBJ8gyLorFTmwXWcymPoGVUBn6MRzHwFpCdCeC, base: 0x97c806e7665d3afd84a8fe1837921403d59f3dcc, polygon-pos: 0xbfc70507384047aa74c29cdc8c5cb88d0f7213ac","https://etherscan.io/token/0x6b0b3a982b4634ac68dd83a4dbf02311ce324181, https://platform.arkhamintelligence.com/explorer/token/alethea-artificial-liquid-intelligence-token, https://ethplorer.io/address/0x6b0b3a982b4634ac68dd83a4dbf02311ce324181, https://polygonscan.com/token/0xbfc70507384047aa74c29cdc8c5cb88d0f7213ac, https://basescan.org/token/0x97c806e7665d3afd84a8fe1837921403d59f3dcc, https://solscan.io/token/9wvorGtBJ8gyLorFTmwXWcymPoGVUBn6MRzHwFpCdCeC, https://explorer.cronos.org/token/0x45c135c1cdce8d25a3b729a28659561385c52671",,no,sí
tagger,TAGGER,tag,"Artificial Intelligence (AI), BNB Chain Ecosystem, AI Applications",0.00042095,45904508,2995137,0.065247121263123,108864805114.17,405380800000.0,405380800000.0,14274,842,12,binance-smart-chain: 0x208bf3e7da9639f1eaefa2de78c23396b0682025,"https://bscscan.com/token/0x208bF3E7dA9639f1Eaefa2DE78c23396B0682025, https://binplorer.com/address/0x208bF3E7dA9639f1Eaefa2DE78c23396B0682025",,no,no
newton-protocol,Newton Protocol,newt,"Artificial Intelligence (AI), BNB Chain Ecosystem, Ethereum Ecosystem, Binance HODLer Airdrops, DeFAI",0.208641,44879603,9328196,0.20784934305234384,215000000.0,1000000000.0,1000000000.0,0,856,42,"ethereum: 0xd0ec028a3d21533fdd200838f39c85b03679285d, binance-smart-chain: 0xb8a677e6d805c8d743e6f14c8bc9c19305b5defc","https://etherscan.io/token/0xD0eC028a3D21533Fdd200838F39c85B03679285D, https://ethplorer.io/address/0xD0eC028a3D21533Fdd200838F39c85B03679285D, https://bscscan.com/token/0xb8a677e6d805c8d743e6f14c8bc9c19305b5defc, https://binplorer.com/address/0xb8a677e6d805c8d743e6f14c8bc9c19305b5defc",,no,sí
quack-ai,Quack AI,q,"Artificial Intelligence (AI), BNB Chain Ecosystem, Ethereum Ecosystem, AI Applications, Binance Alpha Spotlight, Governance",0.02769855,44725483,29624435,0.6623614327429399,1616000000.0,10000000000.0,10000000000.0,328905,858,17,"ethereum: 0xc07e1300dc138601fa6b0b59f8d0fa477e690589, binance-smart-chain: 0xc07e1300dc138601fa6b0b59f8d0fa477e690589","https://etherscan.io/token/0xc07e1300dc138601fa6b0b59f8d0fa477e690589, https://ethplorer.io/address/0xc07e1300dc138601fa6b0b59f8d0fa477e690589, https://bscscan.com/token/0xc07e1300dc138601FA6B0b59f8D0FA477e690589, https://binplorer.com/address/0xc07e1300dc138601FA6B0b59f8D0FA477e690589",,no,sí
goldfinch,Goldfinch,gfi,"Decentralized Finance (DeFi), Lending/Borrowing Protocols, Ethereum Ecosystem, Real World Assets (RWA), Coinbase Ventures Portfolio, Andreessen Horowitz (a16z) Portfolio, RWA Protocol, Made in USA",0.476554,44535963,196498,0.004412119706494277,93390644.08965829,114285714.0,114285714.0,3618,859,9,ethereum: 0xdab396ccf3d84cf2d07c4454e10c8a6f5b008d2b,"https://etherscan.io/token/0xdab396ccf3d84cf2d07c4454e10c8a6f5b008d2b, https://platform.arkhamintelligence.com/explorer/token/goldfinch, https://ethplorer.io/address/0xdab396ccf3d84cf2d07c4454e10c8a6f5b008d2b",,no,no
paal-ai,PAAL AI,paal,"Artificial Intelligence (AI), Virtual Reality, BNB Chain Ecosystem, Launchpad, Ethereum Ecosystem, Telegram Apps, Discord Bots, Base Ecosystem, PAAL AI Launchpad, AI Agents, AI Applications, AI Agent Launchpad, Binance Alpha Spotlight, AI Framework, DeFAI, Made in USA",0.04903159,44013277,6852453,0.1556905885467242,897491580.7199504,1000000000.0,1000000000.0,36234,864,19,"ethereum: 0x14fee680690900ba0cccfc76ad70fd1b95d10e16, binance-smart-chain: 0xbb1b031c591235408755ff4e0739cb88c5cf2507, base: 0xd52333441c0553facb259600fa833a69186893a5","https://etherscan.io/token/0x14fee680690900ba0cccfc76ad70fd1b95d10e16, https://platform.arkhamintelligence.com/explorer/token/paal-ai, https://ethplorer.io/address/0x14fee680690900ba0cccfc76ad70fd1b95d10e16, https://basescan.org/token/0xd52333441c0553fACb259600FA833a69186893A5, https://bscscan.com/token/0xbb1B031c591235408755ff4E0739cb88C5cF2507, https://binplorer.com/address/0xbb1B031c591235408755ff4E0739cb88C5cF2507",,no,sí
akedo,Akedo,ake,"Artificial Intelligence (AI), BNB Chain Ecosystem, AI Applications, Binance Wallet IDO",0.00186419,43520673,53159091,1.221467577029427,22796250000.0,100000000000.0,100000000000.0,1990754,869,13,binance-smart-chain: 0x2c3a8ee94ddd97244a93bc48298f97d2c412f7db,"https://bscscan.com/token/0x2c3a8Ee94dDD97244a93Bc48298f97d2C412F7Db, https://binplorer.com/address/0x2c3a8Ee94dDD97244a93Bc48298f97d2C412F7Db",,no,no
staked-frax-usd,Staked Frax USD,sfrxusd,"Arbitrum Ecosystem, Liquid Staking Tokens, Ethereum Ecosystem, Real World Assets (RWA), Mode Ecosystem, Fraxtal Ecosystem, X Layer Ecosystem, Sonic Ecosystem, Fiat-backed Stablecoin, Sei Network Ecosystem, Yield-Bearing Stablecoin",1.16,43115381,1104912,0.02562686387950509,37154135.52242622,37154135.52242622,,16319,870,4,"ethereum: 0xcf62f905562626cfcdd2261162a51fd02fc9c5b6, sei-v2: 0x5bff88ca1442c2496f7e475e9e7786383bc070c0, mode: 0x5bff88ca1442c2496f7e475e9e7786383bc070c0, x-layer: 0x5bff88ca1442c2496f7e475e9e7786383bc070c0, sonic: 0x5bff88ca1442c2496f7e475e9e7786383bc070c0, fraxtal: 0xfc00000000000000000000000000000000000008, arbitrum-one: 0x5bff88ca1442c2496f7e475e9e7786383bc070c0","https://etherscan.io/token/0xcf62f905562626cfcdd2261162a51fd02fc9c5b6, https://ethplorer.io/address/0xcf62F905562626CfcDD2261162a51fd02Fc9c5b6, https://fraxscan.com/token/0xfc00000000000000000000000000000000000008, https://seitrace.com/token/0x5bff88ca1442c2496f7e475e9e7786383bc070c0, https://modescan.io/token/0x5bff88ca1442c2496f7e475e9e7786383bc070c0, https://www.seiscan.app/pacific-1/accounts/0x5bff88ca1442c2496f7e475e9e7786383bc070c0, https://sei.explorers.guru/account/0x5bff88ca1442c2496f7e475e9e7786383bc070c0, https://sonicscan.org/token/0x5bff88ca1442c2496f7e475e9e7786383bc070c0, https://arbiscan.io/token/0x5bff88ca1442c2496f7e475e9e7786383bc070c0, https://explorer.mode.network/token/0x5bff88ca1442c2496f7e475e9e7786383bc070c0",,no,sí
veraone,VeraOne,vro,"Tokenized Gold, Ethereum Ecosystem, Real World Assets (RWA), Tokenized Commodities",120.46,42851778,38035,0.0008875944424056336,355671.76769314,355671.76769314,,403,871,1,ethereum: 0x10bc518c32fbae5e38ecb50a612160571bd81e44,"https://etherscan.io/token/0x10bc518c32fbae5e38ecb50a612160571bd81e44, https://platform.arkhamintelligence.com/explorer/token/veraone, https://ethplorer.io/address/0x10bc518c32fbae5e38ecb50a612160571bd81e44",,no,no
celium,Celium,sn51,"Artificial Intelligence (AI), Bittensor Ecosystem, Bittensor Subnets",18.23,42594117,272300,0.0063929016300537465,2337222.997644391,2337222.997644391,21000000.0,0,874,1,bittensor: 51,https://taostats.io/subnets/51/chart,,no,no
unit-00-rei,Rei,rei,"Artificial Intelligence (AI), Base Ecosystem, AI Applications, AI Agent Launchpad, AI Framework",0.04255764,42557636,1268409,0.02980449853934556,1000000000.0,1000000000.0,1000000000.0,0,879,4,base: 0x6b2504a03ca4d43d0d73776f6ad46dab2f2a4cfd,https://basescan.org/token/0x6B2504A03ca4D43d0D73776F6aD46dAb2F2a4cFD,,no,no
oort,OORT,oort,"Artificial Intelligence (AI), Storage, BNB Chain Ecosystem, Ethereum Ecosystem, DePIN, AI Agents, Made in USA",0.068873,41577875,1702921,0.040957384185699726,603495076.9807813,1998899999.89,2000000000.0,20536,888,11,"ethereum: 0x5651fa7a726b9ec0cad00ee140179912b6e73599, binance-smart-chain: 0x5651fa7a726b9ec0cad00ee140179912b6e73599","https://mainnet-scan.oortech.com/, https://platform.arkhamintelligence.com/explorer/token/oort, https://bscscan.com/token/0x5651fa7a726b9ec0cad00ee140179912b6e73599, https://binplorer.com/address/0x5651fa7a726b9ec0cad00ee140179912b6e73599, https://etherscan.io/token/0x5651fa7a726b9ec0cad00ee140179912b6e73599, https://ethplorer.io/address/0x5651fa7a726b9ec0cad00ee140179912b6e73599",,no,sí
autonolas,Autonolas,olas,"Artificial Intelligence (AI), Solana Ecosystem, Polygon Ecosystem, Gnosis Chain Ecosystem, Arbitrum Ecosystem, Celo Ecosystem, Ethereum Ecosystem, Optimism Ecosystem, Base Ecosystem, AI Agents, Mode Ecosystem, AI Agent Launchpad, Binance Alpha Spotlight, AI Framework, DeFAI",0.213632,38502025,253436,0.00658240702924067,180229265.88732553,471186406.5441951,,0,921,19,"ethereum: 0x0001a500a6b18995b03f44bb040a5ffc28e45cb0, celo: 0xacffae8e57ec6e394eb1b41939a8cf7892dbdc51, mode: 0xcfd1d50ce23c46d3cf6407487b2f8934e96dc8f9, xdai: 0xce11e14225575945b8e6dc0d4f2dd4c570f79d9f, optimistic-ethereum: 0xfc2e6e6bcbd49ccf3a5f029c79984372dcbfe527, solana: Ez3nzG9ofodYCvEmw73XhQ87LWNYVRM2s7diB5tBZPyM, base: 0x54330d28ca3357f294334bdc454a032e7f353416, polygon-pos: 0xfef5d947472e72efbb2e388c730b7428406f2f95, arbitrum-one: 0x064f8b858c2a603e1b106a2039f5446d32dc81c1","https://etherscan.io/token/0x0001a500a6b18995b03f44bb040a5ffc28e45cb0, https://platform.arkhamintelligence.com/explorer/token/autonolas, https://ethplorer.io/address/0x0001a500a6b18995b03f44bb040a5ffc28e45cb0, https://ethereum.dex.guru/token/0x0001a500a6b18995b03f44bb040a5ffc28e45cb0, https://gnosisscan.io/token/0xce11e14225575945b8e6dc0d4f2dd4c570f79d9f, https://polygonscan.com/token/0xfef5d947472e72efbb2e388c730b7428406f2f95, https://solscan.io/token/ez3nzg9ofodycvemw73xhq87lwnyvrm2s7dib5tbzpym, https://arbiscan.io/token/0x064F8B858C2A603e1b106a2039f5446D32dc81c1, https://optimistic.etherscan.io/token/0xFC2E6e6BCbd49ccf3A5f029c79984372DcBFE527, https://basescan.org/token/0x54330d28ca3357F294334BDC454a032e7f353416",,no,sí
olaxbt,OlaXBT,aio,"Artificial Intelligence (AI), BNB Chain Ecosystem, AI Agents, Binance Alpha Spotlight",0.166691,38381288,2129138,0.05547333377660489,230250000.0,1000000000.0,1000000000.0,303,922,12,binance-smart-chain: 0x81a7da4074b8e0ed51bea40f9dcbdf4d9d4832b4,"https://bscscan.com/token/0x81a7da4074b8e0ed51bea40f9dcbdf4d9d4832b4, https://binplorer.com/address/0x81a7da4074b8e0ed51bea40f9dcbdf4d9d4832b4",,no,no
oraichain-token,Oraichain,orai,"Artificial Intelligence (AI), Big Data, Business Services, Smart Contract Platform, Decentralized Finance (DeFi), Oracle, BNB Chain Ecosystem, Solana Ecosystem, Layer 1 (L1), Ethereum Ecosystem, DWF Labs Portfolio, Osmosis Ecosystem, AI Agents",1.99,38127800,671193,0.017603769428081346,19198934.0,19422196.0,19779272.0,14555,926,23,"ethereum: 0x4c11249814f11b9346808179cf06e71ac328c1b5, osmosis: ibc/161D7D62BAB3B9C39003334F1671208F43C06B643CC9EDBBE82B64793C857F1D, solana: oraiyuR7hz6h7ApC56mb52CJjPZBB34USTjzaELoaPk, binance-smart-chain: 0xa325ad6d9c92b55a3fc5ad7e412b1518f96441c0","https://etherscan.io/token/0x4c11249814f11b9346808179cf06e71ac328c1b5, https://platform.arkhamintelligence.com/explorer/token/oraichain-token, https://ethplorer.io/address/0x4c11249814f11b9346808179cf06e71ac328c1b5, https://bscscan.com/token/0xa325ad6d9c92b55a3fc5ad7e412b1518f96441c0, https://scan.orai.io/, https://binplorer.com/address/0xa325ad6d9c92b55a3fc5ad7e412b1518f96441c0, https://solscan.io/token/oraiyuR7hz6h7ApC56mb52CJjPZBB34USTjzaELoaPk, https://www.mintscan.io/osmosis/assets/ibc/aWJjLzE2MUQ3RDYyQkFCM0I5QzM5MDAzMzM0RjE2NzEyMDhGNDNDMDZCNjQzQ0M5RURCQkU4MkI2NDc5M0M4NTdGMUQ=",,no,sí
targon,Targon,sn4,"Artificial Intelligence (AI), Bittensor Ecosystem, Bittensor Subnets",14.46,37807911,376019,0.009945511139189891,2614696.011061641,2614696.011061641,21000000.0,0,935,1,bittensor: 4,https://taostats.io/subnets/4/chart,,no,no
truefi,TrueFi,tru,"Decentralized Finance (DeFi), Yield Farming, Lending/Borrowing Protocols, Ethereum Ecosystem, Real World Assets (RWA), Alameda Research Portfolio, Andreessen Horowitz (a16z) Portfolio, RWA Protocol",0.02760642,36645253,8576852,0.23405083326890935,1329345686.345992,1344195694.204672,1344195694.204672,3338,949,43,ethereum: 0x4c19596f5aaff459fa38b0f7ed92f11ae6543784,"https://etherscan.io/token/0x4c19596f5aaff459fa38b0f7ed92f11ae6543784, https://platform.arkhamintelligence.com/explorer/token/truefi, https://ethplorer.io/address/0x4c19596f5aaff459fa38b0f7ed92f11ae6543784",,no,no
metya,MetYa,met,"Artificial Intelligence (AI), SocialFi, BNB Chain Ecosystem, AI Applications",0.22709,35966479,782235,0.02174900134094305,158570310.37133425,980601260.7138,1000000000.0,55505,961,5,binance-smart-chain: 0xa5b000d453143b357dba63f4ee83f2f6fda832b8,"https://bscscan.com/token/0xa5b000d453143B357dbA63f4EE83F2f6FDa832b8, https://binplorer.com/address/0xa5b000d453143B357dbA63f4EE83F2f6FDa832b8",,no,no
humans-ai,Humans.ai,heart,"Artificial Intelligence (AI), Smart Contract Platform, Layer 1 (L1), Ethereum Ecosystem, Osmosis Ecosystem, AI Agents, AI Agent Launchpad",0.00444714,34696901,238816,0.006882920177799164,7800000000.0,7800000000.0,7800000000.0,8901,978,5,"ethereum: 0x8fac8031e079f409135766c7d5de29cf22ef897c, osmosis: ibc/35CECC330D11DD00FACB555D07687631E0BC7D226260CC5F015F6D7980819533","https://etherscan.io/token/0x8fac8031e079f409135766c7d5de29cf22ef897c, https://platform.arkhamintelligence.com/explorer/token/humans-ai, https://ethplorer.io/address/0x8fac8031e079f409135766c7d5de29cf22ef897c, https://www.mintscan.io/humans, https://bigdipper.live/humansai, https://humans.explorers.guru/",,no,sí
pinlink,PinLink,pin,"Artificial Intelligence (AI), Ethereum Ecosystem, Real World Assets (RWA), DePIN, RWA Protocol",0.428986,34318858,728809,0.021236400115644875,80000000.0,100000000.0,100000000.0,2179,983,9,ethereum: 0x2e44f3f609ff5aa4819b323fd74690f07c3607c4,"https://etherscan.io/token/0x2e44f3f609ff5aa4819b323fd74690f07c3607c4, https://ethplorer.io/address/0x2e44f3f609ff5aA4819B323FD74690f07C3607c4",,no,no
tokenfi,TokenFi,token,"Artificial Intelligence (AI), Decentralized Finance (DeFi), Analytics, BNB Chain Ecosystem, Launchpad, Ethereum Ecosystem, Real World Assets (RWA), Telegram Apps, Discord Bots, DWF Labs Portfolio, TokenFi Launchpad, RWA Protocol, Governance",0.01187111,34013945,1938894,0.05700291453990415,2864299662.097277,10000000000.0,10000000000.0,75332,989,38,"ethereum: 0x4507cef57c46789ef8d1a19ea45f4216bae2b528, binance-smart-chain: 0x4507cef57c46789ef8d1a19ea45f4216bae2b528","https://etherscan.io/token/0x4507cef57c46789ef8d1a19ea45f4216bae2b528, https://platform.arkhamintelligence.com/explorer/token/tokenfi, https://bscscan.com/token/0x4507cef57c46789ef8d1a19ea45f4216bae2b528, https://ethplorer.io/address/0x4507cef57c46789ef8d1a19ea45f4216bae2b528, https://binplorer.com/address/0x4507cef57c46789ef8d1a19ea45f4216bae2b528",,no,sí
chainopera-ai,ChainOpera AI,coai,"Artificial Intelligence (AI), BNB Chain Ecosystem, AI Applications, Binance Alpha Spotlight, AI Framework",0.166134,32304802,26643563,0.8247554961024061,196479267.0,1000000000.0,1000000000.0,33898,1011,8,binance-smart-chain: 0x0a8d6c86e1bce73fe4d0bd531e1a567306836ea5,"https://bscscan.com/token/0x0A8D6C86e1bcE73fE4D0bD531e1a567306836EA5, https://binplorer.com/address/0x0A8D6C86e1bcE73fE4D0bD531e1a567306836EA5",,no,no
forta,Forta,fort,"Artificial Intelligence (AI), Polygon Ecosystem, Arbitrum Ecosystem, Ethereum Ecosystem, Base Ecosystem, Coinbase Ventures Portfolio, Cybersecurity, Andreessen Horowitz (a16z) Portfolio, Blockchain Capital Portfolio",0.051429,32208285,552993,0.017169278028929515,625484416.0,1000000000.0,1000000000.0,0,1013,22,"ethereum: 0x41545f8b9472d758bb669ed8eaeeecd7a9c4ec29, base: 0x7588310a7abf34dc608ac98a1c4432f85e194df5, polygon-pos: 0x9ff62d1fc52a907b6dcba8077c2ddca6e6a9d3e1, arbitrum-one: 0x3a1429d50e0cbbc45c997af600541fe1cc3d2923","https://explorer.forta.network/, https://platform.arkhamintelligence.com/explorer/token/forta, https://etherscan.io/token/0x41545f8b9472d758bb669ed8eaeeecd7a9c4ec29, https://ethplorer.io/address/0x41545f8b9472d758bb669ed8eaeeecd7a9c4ec29, https://polygonscan.com/token/0x9ff62d1fc52a907b6dcba8077c2ddca6e6a9d3e1, https://arbiscan.io/token/0x3A1429d50E0cBBc45c997aF600541Fe1cc3D2923, https://basescan.org/token/0x7588310a7aBF34DC608ac98a1c4432F85e194Df5",,no,sí
myshell,MyShell,shell,"Artificial Intelligence (AI), BNB Chain Ecosystem, Ethereum Ecosystem, DragonFly Capital Portfolio, YZi Labs (Prev. Binance Labs) Portfolio, Delphi Ventures Portfolio, OKX Ventures Portfolio, Binance HODLer Airdrops, AI Agent Launchpad, Binance Alpha Spotlight, AI Framework, Binance Wallet IDO",0.119074,32114799,11340118,0.3531119095592035,270000000.0,1000000000.0,1000000000.0,0,1017,44,"ethereum: 0xf2c88757f8d03634671208935974b60a2a28bdb3, binance-smart-chain: 0xf2c88757f8d03634671208935974b60a2a28bdb3","https://etherscan.io/token/0xf2c88757f8d03634671208935974B60a2a28Bdb3, https://ethplorer.io/address/0xf2c88757f8d03634671208935974B60a2a28Bdb3, https://bscscan.com/token/0xf2c88757f8d03634671208935974B60a2a28Bdb3, https://binplorer.com/address/0xf2c88757f8d03634671208935974B60a2a28Bdb3",,no,sí
parcl,Parcl,prcl,"Tokenized Real Estate, Decentralized Finance (DeFi), Derivatives, Solana Ecosystem, Real World Assets (RWA), Coinbase Ventures Portfolio, DragonFly Capital Portfolio, RWA Protocol, Made in USA, Governance",0.073115,31684421,10385919,0.3277926082348167,433250062.830016,999998209.583491,1000000000.0,0,1026,31,solana: 4LLbsb5ReP3yEtYzmXewyGjcir5uXtKFURtaEUVC2AHs,"https://solscan.io/token/4LLbsb5ReP3yEtYzmXewyGjcir5uXtKFURtaEUVC2AHs, https://platform.arkhamintelligence.com/explorer/token/parcl, https://explorer.solana.com/address/4llbsb5rep3yetyzmxewygjcir5uxtkfurtaeuvc2ahs",,no,no
gradients,Gradients,sn56,"Artificial Intelligence (AI), Bittensor Ecosystem, Bittensor Subnets",11.68,31173460,287344,0.009217584445230013,2666365.813073478,2666365.813073478,21000000.0,0,1035,1,bittensor: 56,https://taostats.io/subnets/56/chart,,no,no
rss3,RSS3,rss3,"Artificial Intelligence (AI), Infrastructure, Storage, Ethereum Ecosystem, Coinbase Ventures Portfolio, DragonFly Capital Portfolio, RSS3 VSL Ecosystem, AI Framework, DeFAI",0.03755719,30962027,1752663,0.05660685587542443,825597147.3174512,1006361036.935319,,13292,1040,23,"rss3-vsl: 0x4200000000000000000000000000000000000042, ethereum: 0xc98d64da73a6616c42117b582e832812e7b8d57f","https://platform.arkhamintelligence.com/explorer/token/rss3, https://etherscan.io/token/0xc98d64da73a6616c42117b582e832812e7b8d57f, https://ethplorer.io/address/0xc98d64da73a6616c42117b582e832812e7b8d57f, https://scan.rss3.io/token/0x4200000000000000000000000000000000000042?tab=holders",,no,sí
tars-protocol,TARS AI,tai,"Artificial Intelligence (AI), Solana Ecosystem",0.052605,30897815,1926170,0.06234000689045487,586681333.5321538,894996126.4121538,1000000000.0,31413,1041,24,solana: Hax9LTgsQkze1YFychnBLtFH8gYbQKtKfWKKg2SP6gdD,"https://solscan.io/token/Hax9LTgsQkze1YFychnBLtFH8gYbQKtKfWKKg2SP6gdD, https://platform.arkhamintelligence.com/explorer/token/tars-protocol",,no,no
griffain,GRIFFAIN,griffain,"Artificial Intelligence (AI), Solana Ecosystem, Meme, AI Meme, Pump.fun Ecosystem, AI Agent Launchpad, Binance Alpha Spotlight, DeFAI",0.03065691,30641773,3843910,0.12544672268148452,999862428.486245,999862428.486245,999880903.89,7126,1048,33,solana: KENJSUYLASHUMfHyy5o4Hp2FdNqZg1AsUPhfH2kYvEP,https://solscan.io/token/KENJSUYLASHUMfHyy5o4Hp2FdNqZg1AsUPhfH2kYvEP,,no,no
tokenbot-2,tokenbot,clanker,"Artificial Intelligence (AI), Launchpad, Base Ecosystem, AI Applications, Clanker Ecosystem, Binance Alpha Spotlight",30.25,30303327,18012147,0.5943950312782488,1000000.0,1000000.0,1000000.0,0,1058,26,base: 0x1bc0c42215582d5a085795f4badbac3ff36d1bcb,"https://basescan.org/token/0x1bc0c42215582d5a085795f4badbac3ff36d1bcb, https://platform.arkhamintelligence.com/explorer/token/tokenbot-2",,no,no
ao-computer,ao Computer,ao,"Artificial Intelligence (AI), Smart Contract Platform, DePIN",6.03,30232832,379472,0.012551652455185145,5025853.955974,5025853.955974,21000000.0,0,1060,10,,,,no,no
phoenix-global,Phoenix,phb,"Artificial Intelligence (AI), Oracle, NFT, BNB Chain Ecosystem, DePIN, Made in China",0.511062,30132218,4876928,0.16185094638569256,58959981.53268884,58959981.53268884,64000000.0,20620,1061,34,binance-smart-chain: 0x0409633a72d846fc5bbe2f98d88564d35987904d,"https://bscscan.com/token/0x0409633a72d846fc5bbe2f98d88564d35987904d, https://platform.arkhamintelligence.com/explorer/token/phoenix-global, https://binplorer.com/address/0x0409633a72d846fc5bbe2f98d88564d35987904d",,no,no
mia-2,MIA,mia,"Artificial Intelligence (AI), BNB Chain Ecosystem, Base Ecosystem, AI Agents, Binance Alpha Spotlight",0.05435,29755923,1764038,0.0592835920431707,548320000.0,1000000000.0,1000000000.0,641,1076,7,"base: 0x7cea5b9548a4b48cf9551813ef9e73de916e41e0, binance-smart-chain: 0x7cea5b9548a4b48cf9551813ef9e73de916e41e0","https://basescan.org/token/0x7cea5b9548a4b48cf9551813ef9e73de916e41e0, https://bscscan.com/token/0x7CEA5B9548a4B48cF9551813Ef9e73DE916e41E0, https://binplorer.com/address/0x7CEA5B9548a4B48cF9551813Ef9e73DE916e41E0",,no,sí
elixir-finance,Elixir,elx,"Decentralized Finance (DeFi), Ethereum Ecosystem, Real World Assets (RWA), Stablecoin Issuer, RWA Protocol",0.11434,29621832,7713377,0.26039500190265075,259270213.47748435,1000000000.0,1000000000.0,7825,1078,19,ethereum: 0x89a8c847f41c0dfa6c8b88638bacca8a0b777da7,"https://etherscan.io/token/0x89A8c847f41C0dfA6c8B88638bACca8a0b777Da7, https://ethplorer.io/address/0x89A8c847f41C0dfA6c8B88638bACca8a0b777Da7",,no,no
chainbase,Chainbase,c,"Artificial Intelligence (AI), Analytics, BNB Chain Ecosystem, AI Applications, Binance Alpha Spotlight",0.183963,29439209,9514424,0.32318884654815283,160000000.0,1000000000.0,,88041,1083,28,"base: 0xba12bc7b210e61e5d3110b997a63ea216e0e18f7, binance-smart-chain: 0xc32cc70741c3a8433dcbcb5ade071c299b55ffc8","https://basescan.org/token/0xba12bc7b210e61e5d3110b997a63ea216e0e18f7, https://bscscan.com/token/0xba12bc7b210e61e5d3110b997a63ea216e0e18f7, https://binplorer.com/address/0xba12BC7B210E61e5D3110B997A63Ea216e0E18F7, https://bscscan.com/token/0xc32cc70741c3a8433dcbcb5ade071c299b55ffc8, https://binplorer.com/address/0xc32cc70741c3a8433dcbcb5ade071c299b55ffc8",,no,sí
strikecoin,StrikeX,strx,"BNB Chain Ecosystem, Solana Ecosystem, Ethereum Ecosystem, Real World Assets (RWA)",0.0347591,29412060,11570.38,0.0003933889703747374,847976290.02959,886812043.0,1000000000.0,3407,1082,5,"binance-smart-chain: 0xd6fdde76b8c1c45b33790cc8751d5b88984c44ec, solana: 9HCRyuqrFDt1kUrwuUF7xjb2eqCgFmC5433MjqJ3STRX, ethereum: 0x4ed257678fc4e76df9642a416b223729fdedbefd","https://bscscan.com/token/0xd6fdde76b8c1c45b33790cc8751d5b88984c44ec, https://platform.arkhamintelligence.com/explorer/token/strikecoin, https://binplorer.com/address/0xd6fdde76b8c1c45b33790cc8751d5b88984c44ec, https://etherscan.io/token/0x4ed257678fc4e76df9642a416b223729fdedbefd, https://ethplorer.io/address/0x4ed257678fc4e76df9642a416b223729fdedbefd, https://solscan.io/token/9HCRyuqrFDt1kUrwuUF7xjb2eqCgFmC5433MjqJ3STRX",,no,sí
proprietary-trading-network,Proprietary Trading Network,sn8,"Artificial Intelligence (AI), Bittensor Ecosystem, Bittensor Subnets",10.54,29398039,203012,0.0069056306782911605,2786325.675163238,2786325.675163238,21000000.0,0,1084,1,bittensor: 8,https://taostats.io/subnets/8/chart,,no,no
wayfinder,Wayfinder,prompt,"Artificial Intelligence (AI), Base Ecosystem, AI Agents, Binance Alpha Spotlight, DeFAI",0.129874,29078858,11094574,0.38153403410821707,223900304.0,1000000000.0,1000000000.0,0,1090,48,"ethereum: 0x28d38df637db75533bd3f71426f3410a82041544, base: 0x30c7235866872213f68cb1f08c37cb9eccb93452","https://etherscan.io/token/0x28d38dF637dB75533bD3F71426F3410a82041544, https://ethplorer.io/address/0x28d38dF637dB75533bD3F71426F3410a82041544, https://basescan.org/token/0x30c7235866872213F68cb1F08c37Cb9eCCB93452",,no,sí
infinity-ground,Infinity Ground,ain,"Artificial Intelligence (AI), BNB Chain Ecosystem, Binance Alpha Spotlight, AI Framework",0.156698,29022809,7818453,0.2693899477476491,185300000.0,1000000000.0,1000000000.0,83270,1089,18,binance-smart-chain: 0x9558a9254890b2a8b057a789f413631b9084f4a3,"https://bscscan.com/token/0x9558a9254890B2A8B057a789F413631B9084f4a3, https://binplorer.com/address/0x9558a9254890B2A8B057a789F413631B9084f4a3",,no,no
aia,DeAgentAI,aia,"Artificial Intelligence (AI), BNB Chain Ecosystem, Sui Ecosystem, Binance Alpha Spotlight, AI Framework",0.293153,29088076,20145147,0.6925568745076162,99500000.0,1000000000.0,1000000000.0,16682,1089,10,"sui: 0x8b449b4dc0f8c5f996734eaf23d36a5f6724e02e312a7e4af34bd0bb74de7b17::deagent_token::DEAGENT_TOKEN, binance-smart-chain: 0x48a18a4782b65a0fbed4dca608bb28038b7be339","https://suiscan.xyz/mainnet/coin/0x8b449b4dc0f8c5f996734eaf23d36a5f6724e02e312a7e4af34bd0bb74de7b17::deagent_token::DEAGENT_TOKEN/txs, https://suivision.xyz/coin/0x8b449b4dc0f8c5f996734eaf23d36a5f6724e02e312a7e4af34bd0bb74de7b17::deagent_token::DEAGENT_TOKEN, https://bscscan.com/token/0x48a18A4782b65a0fBed4dcA608BB28038B7bE339, https://binplorer.com/address/0x48a18A4782b65a0fBed4dcA608BB28038B7bE339",,no,sí
limewire-token,LimeWire,lmwr,"Artificial Intelligence (AI), Music, SocialFi, NFT, BNB Chain Ecosystem, DePIN, Base Ecosystem",0.077559,28580773,1835959,0.06423755578619235,368475266.97402555,633045269.0,1000000000.0,21258,1103,27,"ethereum: 0x628a3b2e302c7e896acc432d2d0dd22b6cb9bc88, binance-smart-chain: 0x307bc76e3d59ed73886a9cf9360a9286f6281ba7, base: 0xe997017e0cb0ceb503565f181e9ea922cd979c35","https://etherscan.io/token/0x628a3b2e302c7e896acc432d2d0dd22b6cb9bc88, https://platform.arkhamintelligence.com/explorer/token/limewire-token, https://ethplorer.io/address/0x628a3b2e302c7e896acc432d2d0dd22b6cb9bc88, https://bscscan.com/token/0x307bc76e3d59ed73886a9cf9360a9286f6281ba7, https://binplorer.com/address/0x307bc76e3d59ed73886a9cf9360a9286f6281ba7, https://basescan.org/token/0xe997017e0cb0ceb503565f181e9ea922cd979c35",,no,sí
natix-network,NATIX Network,natix,"Artificial Intelligence (AI), Internet of Things (IOT), Solana Ecosystem, DePIN, Robotics",0.00069207,28073191,256417,0.00913387437858418,40564288076.440895,99566849007.21205,100000000000.0,31518,1108,7,solana: FRySi8LPkuByB7VPSCCggxpewFUeeJiwEGRKKuhwpKcX,"https://solscan.io/token/FRySi8LPkuByB7VPSCCggxpewFUeeJiwEGRKKuhwpKcX, https://platform.arkhamintelligence.com/explorer/token/natix-network",,no,no
elysia,ELYSIA,el,"Tokenized Real Estate, Ethereum Ecosystem, Real World Assets (RWA)",0.00406777,27671458,303959,0.010984567564166658,6803300704.688,6803300704.688,7000000000.0,35726,1115,8,ethereum: 0x2781246fe707bb15cee3e5ea354e2154a2877b16,"https://etherscan.io/token/0x2781246fe707bb15cee3e5ea354e2154a2877b16, https://platform.arkhamintelligence.com/explorer/token/elysia, https://ethplorer.io/address/0x2781246fe707bb15cee3e5ea354e2154a2877b16",,no,no
dusk-network,DUSK,dusk,"Smart Contract Platform, BNB Chain Ecosystem, Layer 1 (L1), Ethereum Ecosystem, Zero Knowledge (ZK), Real World Assets (RWA), YZi Labs (Prev. Binance Labs) Portfolio, Privacy Blockchain",0.054301,27134586,2661539,0.09808658956506652,500000000.0,500000000.0,1000000000.0,8840,1131,38,"ethereum: 0x940a2db1b7008b6c776d4faaca729d6d4a4aa551, binance-smart-chain: 0xb2bd0749dbe21f623d9baba856d3b0f0e1bfec9c","https://etherscan.io/token/0x940a2db1b7008b6c776d4faaca729d6d4a4aa551, https://ethplorer.io/address/0x940a2db1b7008b6c776d4faaca729d6d4a4aa551, https://bscscan.com/token/0xb2bd0749dbe21f623d9baba856d3b0f0e1bfec9c, https://binplorer.com/address/0xb2bd0749dbe21f623d9baba856d3b0f0e1bfec9c, https://explorer.energi.network/token/0x458a9f6a008055fd79f321ea7eb3f83a6cb326e2",,no,sí
templar,τemplar,sn3,"Artificial Intelligence (AI), Bittensor Ecosystem, Bittensor Subnets",10.18,26962691,150702,0.005589278903949164,2647441.659362192,2647441.659362192,21000000.0,0,1134,1,bittensor: 3,https://taostats.io/subnets/3/chart,,no,no
openserv,OpenServ,serv,"Artificial Intelligence (AI), Ethereum Ecosystem, Base Ecosystem, AI Agents, AI Framework",0.03651561,26653109,260612,0.009777921217370927,730000000.0,1000000000.0,1000000000.0,2778,1138,6,"ethereum: 0x40e3d1a4b2c47d9aa61261f5606136ef73e28042, base: 0x5576d6ed9181f2225aff5282ac0ed29f755437ea","https://etherscan.io/token/0x40e3d1A4B2C47d9AA61261F5606136ef73E28042, https://platform.arkhamintelligence.com/explorer/token/openserv, https://ethplorer.io/address/0x40e3d1A4B2C47d9AA61261F5606136ef73E28042, https://basescan.org/token/0x5576d6ed9181f2225aff5282ac0ed29f755437ea",,no,sí
mamo,Mamo,mamo,"Artificial Intelligence (AI), Base Ecosystem, AI Agents, DeFAI",0.070672,26580081,9546331,0.3591535706757252,376060104.53,1000000000.0,1000000000.0,0,1143,12,base: 0x7300b37dfdfab110d83290a29dfb31b1740219fe,"https://basescan.org/address/0x7300B37DfdfAb110d83290A29DfB31B1740219fE, https://basescan.org/token/0x7300B37DfdfAb110d83290A29DfB31B1740219fE",,no,no
cudos,Cudos,cudos,"Artificial Intelligence (AI), Smart Contract Platform, Layer 1 (L1), Ethereum Ecosystem, DePIN, Animoca Brands Portfolio, DWF Labs Portfolio, Osmosis Ecosystem, Archway Ecosystem, Outlier Ventures Portfolio",0.0035728,26349911,8.01,3.0398584647970915e-07,7375147428.0,9317568774.0,10000000000.0,6100,1147,2,"ethereum: 0x817bbdbc3e8a1204f3691d14bb44992841e3db35, archway: ibc/2AE1ECA44CAD0C933CE178742595CE6796530FA1983E4FA7F4E43FBB5854D505, osmosis: ibc/E09ED39F390EC51FA9F3F69BEA08B5BBE6A48B3057B2B1C3467FAAE9E58B021B","https://etherscan.io/token/0x817bbdbc3e8a1204f3691d14bb44992841e3db35, https://platform.arkhamintelligence.com/explorer/token/cudos, https://ethplorer.io/address/0x817bbdbc3e8a1204f3691d14bb44992841e3db35, https://explorer.cudos.org/, https://explorer-v1.cudos.org/, https://www.mintscan.io/cudos, https://www.mintscan.io/osmosis/assets/ibc/aWJjL0UwOUVEMzlGMzkwRUM1MUZBOUYzRjY5QkVBMDhCNUJCRTZBNDhCMzA1N0IyQjFDMzQ2N0ZBQUU5RTU4QjAyMUI=",,no,sí
mansory-token,Mansory Token,mnsry,"Retail, BNB Chain Ecosystem, Solana Ecosystem, Real World Assets (RWA), Pump.fun Ecosystem",0.02915215,26195149,1004795,0.03835805629507967,899993842.0,899993842.0,1000000000.0,19319,1151,6,"solana: 1xdtu7y3LkkrVCAbm5KGKfYzq1qgKhxxk5AaJBqpump, binance-smart-chain: 0x0fcfe33b46e5b21e5e96b722d4c85510198f9255","https://solscan.io/token/1xdtu7y3LkkrVCAbm5KGKfYzq1qgKhxxk5AaJBqpump, https://bscscan.com/token/0x0fcfe33b46e5b21e5e96b722d4c85510198f9255, https://binplorer.com/address/0x0fcfe33b46e5b21e5e96b722d4c85510198f9255",,no,sí
agentcoin-tv,AITV,aitv,"Artificial Intelligence (AI), Entertainment, Ethereum Ecosystem, Base Ecosystem, AI Agents",0.102111,25586676,894.25,3.494983091981155e-05,250602409.0,1000000000.0,1000000000.0,3688,1167,2,"ethereum: 0x04e69ff14a86e1ca9a155a8563e95887973ee175, base: 0x45e4e92f5a94f4b741c9cb553ff8be7b25eb7df5","https://etherscan.io/token/0x04e69ff14a86e1ca9a155a8563e95887973ee175, https://ethplorer.io/address/0x04e69ff14a86e1ca9a155a8563e95887973ee175, https://basescan.org/token/0x45e4e92f5a94f4b741c9cb553ff8be7b25eb7df5",,no,sí
spdr-s-p-500-etf-ondo-tokenized-etf,SPDR S&P 500 ETF (Ondo Tokenized ETF),spyon,"Tokenized Assets, Ethereum Ecosystem, Real World Assets (RWA), Ondo Tokenized Assets",663.44,24302794,587584,0.02417763159248274,36625.80126645976,36625.80126645976,,0,1197,4,ethereum: 0xfedc5f4a6c38211c1338aa411018dfaf26612c08,"https://etherscan.io/address/0xFeDC5f4a6c38211c1338aa411018DFAf26612c08, https://etherscan.io/token/0xFeDC5f4a6c38211c1338aa411018DFAf26612c08, https://ethplorer.io/address/0xFeDC5f4a6c38211c1338aa411018DFAf26612c08",,no,no
nest-basis-vault,Nest Basis Vault,nbasis,"Tokenized Assets, Ethereum Ecosystem, Real World Assets (RWA), Tokenized Treasury Bills (T-Bills), Plume Network Ecosystem",1.031,24270628,33566,0.0013829885242359612,23541591.627818,23541591.627818,,67524,1199,2,"ethereum: 0x11113ff3a60c2450f4b22515cb760417259ee94b, plume-network: 0x11113ff3a60c2450f4b22515cb760417259ee94b","https://explorer.plume.org/token/0x11113Ff3a60C2450F4b22515cB760417259eE94B, https://etherscan.io/token/0x11113Ff3a60C2450F4b22515cB760417259eE94B, https://phoenix-explorer.plumenetwork.xyz/token/0x11113Ff3a60C2450F4b22515cB760417259eE94B, https://ethplorer.io/address/0x11113ff3a60c2450f4b22515cb760417259ee94b, https://explorer.plume.org/token/0x11113ff3a60c2450f4b22515cb760417259ee94b",,no,sí
assemble-protocol,Assemble AI,asm,"Artificial Intelligence (AI), Ethereum Ecosystem, Base Ecosystem, AI Applications",0.01587741,23665491,285031,0.012044161686736185,1500350000.0,3000000000.0,3000000000.0,1839,1209,7,"base: 0x3b53604113b5677291bfc0bc255379e7a796559b, ethereum: 0x2565ae0385659badcada1031db704442e1b69982","https://etherscan.io/token/0x2565ae0385659badcada1031db704442e1b69982, https://platform.arkhamintelligence.com/explorer/token/assemble-protocol, https://ethplorer.io/address/0x2565ae0385659badcada1031db704442e1b69982, https://basescan.org/token/0x3b53604113B5677291BFc0bc255379E7a796559b",,no,sí
tao-bot,tao.bot,taobot,"Artificial Intelligence (AI), Ethereum Ecosystem, AI Applications, Bittensor Ecosystem",0.294597,23532508,98526,0.004186804058453948,80034999.99,100000000.0,100000000.0,1929,1216,1,ethereum: 0x49fb8ad7578148e17c3ef0c344ce23a66ed372c4,"https://etherscan.io/token/0x49fb8ad7578148e17c3ef0c344ce23a66ed372c4, https://platform.arkhamintelligence.com/explorer/token/tao-bot, https://ethplorer.io/address/0x49fb8ad7578148e17c3ef0c344ce23a66ed372c4",,no,no
realio-network,Realio Network Token,rio,"BNB Chain Ecosystem, Solana Ecosystem, Ethereum Ecosystem, Algorand Ecosystem, Real World Assets (RWA), Osmosis Ecosystem, Stellar Ecosystem, Made in USA",0.233766,23376516,1105372,0.047285574976185504,100000000.0,100000000.0,175000000.0,1398,1224,23,"ethereum: 0x94a8b4ee5cd64c79d0ee816f467ea73009f51aa0, osmosis: ibc/1CDF9C7D073DD59ED06F15DB08CC0901F2A24759BE70463570E8896F9A444ADF, algorand: 2751733, solana: HELn8rSM1rp8vAjNH4NYXzX6FvCbwWMGqLfaMgiBnZFV, stellar: RIO-GBNLJIYH34UWO5YZFA3A3HD3N76R6DOI33N4JONUOHEEYZYCAYTEJ5AK, binance-smart-chain: 0x94a8b4ee5cd64c79d0ee816f467ea73009f51aa0","https://etherscan.io/token/0x94a8b4EE5CD64C79D0Ee816f467EA73009f51aA0, https://platform.arkhamintelligence.com/explorer/token/realio-network, https://stellar.expert/explorer/public/asset/rio-gbnljiyh34uwo5yzfa3a3hd3n76r6doi33n4jonuoheeyzycaytej5ak, https://allo.info/asset/2751733/token, https://ethplorer.io/address/0x94a8b4EE5CD64C79D0Ee816f467EA73009f51aA0, https://explorer.realio.network/, https://bscscan.com/token/0x94a8b4EE5CD64C79D0Ee816f467EA73009f51aA0, https://binplorer.com/address/0x94a8b4EE5CD64C79D0Ee816f467EA73009f51aA0, https://explorer.perawallet.app/asset/2751733/, https://solscan.io/token/HELn8rSM1rp8vAjNH4NYXzX6FvCbwWMGqLfaMgiBnZFV",,no,sí
aubrai-by-bio,Aubrai by Bio,aubrai,"Artificial Intelligence (AI), Base Ecosystem, Decentralized Science (DeSci), AI Agents",16.9,23287716,929840,0.03992834677303691,1379000.0,2000000.0,2000000.0,0,1225,6,base: 0x9d56c29e820dd13b0580b185d0e0dc301d27581d,https://basescan.org/token/0x9d56c29e820dd13b0580b185d0e0dc301d27581d,,no,no
heyanon,Hey Anon,anon,"Artificial Intelligence (AI), Decentralized Finance (DeFi), Solana Ecosystem, Avalanche Ecosystem, Arbitrum Ecosystem, Metis Ecosystem, AI Agents, Cross-chain Communication, Hyperliquid Ecosystem, Sonic Ecosystem, IOTA EVM Ecosystem, DeFAI, HyperEVM Ecosystem",1.73,23261091,1221750,0.052523331773217344,13426230.054133,21000000.0,21000000.0,6268,1227,30,"sonic: 0x79bbf4508b1391af3a0f4b30bb5fc4aa9ab0e07c, hyperevm: 0x79bbf4508b1391af3a0f4b30bb5fc4aa9ab0e07c, hyperliquid: 0x5b56ac883c628df1fe24d463b3ac82ac, ethereum: 0x79bbf4508b1391af3a0f4b30bb5fc4aa9ab0e07c, iota-evm: 0x79bbf4508b1391af3a0f4b30bb5fc4aa9ab0e07c, metis-andromeda: 0x79bbf4508b1391af3a0f4b30bb5fc4aa9ab0e07c, kava: 0x79bbf4508b1391af3a0f4b30bb5fc4aa9ab0e07c, binance-smart-chain: 0x79bbf4508b1391af3a0f4b30bb5fc4aa9ab0e07c, solana: 9McvH6w97oewLmPxqQEoHUAv3u5iYMyQ9AeZZhguYf1T, base: 0x79bbf4508b1391af3a0f4b30bb5fc4aa9ab0e07c, avalanche: 0x79bbf4508b1391af3a0f4b30bb5fc4aa9ab0e07c, arbitrum-one: 0x79bbf4508b1391af3a0f4b30bb5fc4aa9ab0e07c","https://sonicscan.org/token/0x79bbF4508B1391af3A0F4B30bb5FC4aa9ab0E07C, https://solscan.io/account/AGWZY6Zf71x8VUmmRXYdaxbxH571nKmi8nkXUJ787QBv, https://arbiscan.io/token/0x79bbF4508B1391af3A0F4B30bb5FC4aa9ab0E07C, https://explorer.evm.iota.org/address/0x79bbF4508B1391af3A0F4B30bb5FC4aa9ab0E07C, https://andromeda-explorer.metis.io/address/0x79bbF4508B1391af3A0F4B30bb5FC4aa9ab0E07C, https://solscan.io/token/AGWZY6Zf71x8VUmmRXYdaxbxH571nKmi8nkXUJ787QBv, https://explorer.evm.iota.org/token/0x79bbf4508b1391af3a0f4b30bb5fc4aa9ab0e07c, https://andromeda-explorer.metis.io/token/0x79bbf4508b1391af3a0f4b30bb5fc4aa9ab0e07c, https://explorer.metis.io/token/0x79bbf4508b1391af3a0f4b30bb5fc4aa9ab0e07c, https://solscan.io/token/9McvH6w97oewLmPxqQEoHUAv3u5iYMyQ9AeZZhguYf1T",,no,sí
melon,Enzyme,mln,"Decentralized Finance (DeFi), Asset Manager, Polygon Ecosystem, Arbitrum Ecosystem, Ethereum Ecosystem, Real World Assets (RWA), DeFiance Capital Portfolio",7.56,22647565,4469078,0.1973315012011225,2997654.59385489,2997654.59385489,2997654.59385489,2288,1238,29,"ethereum: 0xec67005c4e498ec7f55e092bd1d35cbc47c91892, polygon-pos: 0xa9f37d84c856fda3812ad0519dad44fa0a3fe207, arbitrum-one: 0x8f5c1a99b1df736ad685006cb6adca7b7ae4b514","https://etherscan.io/token/0xec67005c4e498ec7f55e092bd1d35cbc47c91892, https://platform.arkhamintelligence.com/explorer/token/melon, https://ethplorer.io/address/0xec67005c4e498ec7f55e092bd1d35cbc47c91892, https://polygonscan.com/token/0xa9f37d84c856fda3812ad0519dad44fa0a3fe207, https://arbiscan.io/token/0x8f5c1a99b1df736ad685006cb6adca7b7ae4b514",,no,sí
morphware,Morphware,xmw,"Artificial Intelligence (AI), Ethereum Ecosystem, DePIN",0.02865479,22380105,225543,0.010077834755466966,780582622.2736651,1232922769.0,1232922769.0,2411,1247,3,ethereum: 0x391cf4b21f557c935c7f670218ef42c21bd8d686,"https://etherscan.io/token/0x391cf4b21f557c935c7f670218ef42c21bd8d686, https://platform.arkhamintelligence.com/explorer/token/morphware, https://ethplorer.io/address/0x391cf4b21f557c935c7f670218ef42c21bd8d686",,no,no
apraemio,Apraemio,apra,"BNB Chain Ecosystem, Real World Assets (RWA), RWA Protocol",0.161236,22250611,72741,0.003269168653391136,137999980.0,1000000000.0,1000000000.0,16059,1252,3,binance-smart-chain: 0x0c4ac8952c28e2e7fe22033c8d2f1263372d301d,"https://bscscan.com/address/0x0c4ac8952c28e2e7fe22033c8d2f1263372d301d, https://bscscan.com/token/0x0c4ac8952c28e2e7fe22033C8D2F1263372d301d, https://binplorer.com/address/0x0c4ac8952c28e2e7fe22033C8D2F1263372d301d",,no,no
redbelly-network-token,Redbelly Network,rbnt,"Smart Contract Platform, Layer 1 (L1), Real World Assets (RWA), Redbelly Network Ecosystem",0.01007678,22081818,409247,0.018533211350623396,2190962088.1616,10000000000.0,10000000000.0,20468,1254,6,,https://redbelly.routescan.io,,no,no
o-intelligence-coin,O Intelligence Coin,oi,"Artificial Intelligence (AI), Solana Ecosystem, DePIN, AI Applications",21654276,21652036,9465.48,0.0004371635073948704,1.0,1.0,1.0,17518,1266,3,solana: AKzAhPPLMH5NG35kGbgkwtrTLeGyVrfCtApjnvqAATcm,https://solscan.io/token/AKzAhPPLMH5NG35kGbgkwtrTLeGyVrfCtApjnvqAATcm,,no,no
the-doge-nft,Own The Doge,dog,"NFT, BNB Chain Ecosystem, Solana Ecosystem, Polygon Ecosystem, Meme, Arbitrum Ecosystem, Fractionalized NFT, Ethereum Ecosystem, Optimism Ecosystem, Real World Assets (RWA), Base Ecosystem, Dog-Themed, NFTFi, Farcaster Ecosystem",0.00157674,21602470,64545,0.0029878527779462257,13710128783.755672,16969696969.0,16969696969.0,1098,1269,14,"ethereum: 0xbaac2b4491727d78d2b78815144570b9f2fe8899, optimistic-ethereum: 0x8f69ee043d52161fd29137aedf63f5e70cd504d5, solana: B9u8h65uM1oifqmP82VyUDb68iG2fKfZiyubmNMtu3h7, binance-smart-chain: 0xaa88c603d142c371ea0eac8756123c5805edee03, base: 0xafb89a09d82fbde58f18ac6437b3fc81724e4df6, polygon-pos: 0xeee3371b89fc43ea970e908536fcddd975135d8a, arbitrum-one: 0x4425742f1ec8d98779690b5a3a6276db85ddc01a","https://etherscan.io/token/0xbaac2b4491727d78d2b78815144570b9f2fe8899, https://platform.arkhamintelligence.com/explorer/token/the-doge-nft, https://ethplorer.io/address/0xbaac2b4491727d78d2b78815144570b9f2fe8899, https://bscscan.com/token/0xaa88c603d142c371ea0eac8756123c5805edee03, https://arbiscan.io/token/0x4425742f1ec8d98779690b5a3a6276db85ddc01a, https://optimistic.etherscan.io/token/0x8f69ee043d52161fd29137aedf63f5e70cd504d5, https://polygonscan.com/token/0xeee3371b89fc43ea970e908536fcddd975135d8a, https://binplorer.com/address/0xaa88c603d142c371ea0eac8756123c5805edee03, https://basescan.org/token/0xafb89a09d82fbde58f18ac6437b3fc81724e4df6, https://solscan.io/token/B9u8h65uM1oifqmP82VyUDb68iG2fKfZiyubmNMtu3h7",,no,sí
covalent-x-token,Covalent X Token,cxt,"Artificial Intelligence (AI), Infrastructure, Decentralized Finance (DeFi), Ethereum Ecosystem, Data Availability, Coinbase Ventures Portfolio, YZi Labs (Prev. Binance Labs) Portfolio",0.0227377,21424404,2100205,0.098028631274877,942518017.7608603,1000000000.0,1000000000.0,10449,1276,23,ethereum: 0x7abc8a5768e6be61a6c693a6e4eacb5b60602c4d,"https://etherscan.io/token/0x7abc8a5768e6be61a6c693a6e4eacb5b60602c4d, https://platform.arkhamintelligence.com/explorer/token/covalent-x-token, https://ethplorer.io/address/0x7abc8a5768e6be61a6c693a6e4eacb5b60602c4d",,no,no
neuron,Neuron,nrn,"Artificial Intelligence (AI), Gaming (GameFi), NFT, Arbitrum Ecosystem, Paradigm Portfolio, AI Agents, AI Framework, Action Games, Robotics",0.0473064,21260095,351835,0.016549079390284945,449433049.35544,1000000000.0,1000000000.0,0,1279,9,arbitrum-one: 0xdadeca1167fe47499e53eb50f261103630974905,"https://arbiscan.io/token/0xdadeca1167fe47499e53eb50f261103630974905, https://platform.arkhamintelligence.com/explorer/token/neuron",,no,no
lumia,Lumia,lumia,"Smart Contract Platform, Layer 2 (L2), Real World Assets (RWA), Governance",0.281675,21211549,2589878,0.12209754223984302,75306824.97,238888888.0,238888888.0,25404,1281,23,,https://explorer.lumia.org/,,no,no
ai-rig-complex,AI Rig Complex,arc,"Artificial Intelligence (AI), Infrastructure, Solana Ecosystem, AI Agents, Pump.fun Ecosystem, AI Agent Launchpad, Binance Alpha Spotlight, AI Framework",0.02125984,21183476,4439240,0.2095614525208233,999988552.180231,999988552.180231,999998319.33,4353,1284,26,solana: 61V8vBaqAGMpgDQi4JcAwo1dmBGHsyhzodcPqnEVpump,https://solscan.io/token/61V8vBaqAGMpgDQi4JcAwo1dmBGHsyhzodcPqnEVpump,,no,no
tesla-xstock,Tesla xStock,tslax,"Tokenized Assets, BNB Chain Ecosystem, Solana Ecosystem, Tokenized Stock, Ethereum Ecosystem, Real World Assets (RWA), BackedFi xStocks Ecosystem",440.6,20847994,10277174,0.49295745192559054,47317.73738791936,90998.23103349,,3975,1292,23,"arbitrum-one: 0x8ad3c73f833d3f9a523ab01476625f269aeb7cf0, binance-smart-chain: 0x8ad3c73f833d3f9a523ab01476625f269aeb7cf0, ethereum: 0x8ad3c73f833d3f9a523ab01476625f269aeb7cf0, solana: XsDoVfqeBukxuZHWhdvWHBhgEHjGNst4MLodqsJHzoB","https://www.arbiscan.io/token/0x8ad3c73f833d3f9a523ab01476625f269aeb7cf0, https://arbiscan.io/token/0x8ad3c73f833d3f9a523ab01476625f269aeb7cf0, https://solscan.io/token/XsDoVfqeBukxuZHWhdvWHBhgEHjGNst4MLodqsJHzoB, https://bscscan.com/token/0x8ad3c73f833d3f9a523ab01476625f269aeb7cf0, https://binplorer.com/address/0x8ad3c73f833d3f9a523ab01476625f269aeb7cf0, https://etherscan.io/token/0x8ad3c73f833d3f9a523ab01476625f269aeb7cf0, https://ethplorer.io/address/0x8ad3c73f833d3f9a523ab01476625f269aeb7cf0",,no,sí
creatorbid,CreatorBid,bid,"Artificial Intelligence (AI), BNB Chain Ecosystem, Base Ecosystem, AI Agent Launchpad, Binance Alpha Spotlight, Binance Wallet IDO",0.076982,20717467,726153,0.035050279071278355,269300128.899736,999979940.8997359,1000000000.0,10678,1295,18,"binance-smart-chain: 0xa1832f7f4e534ae557f9b5ab76de54b1873e498b, base: 0xa1832f7f4e534ae557f9b5ab76de54b1873e498b","https://bscscan.com/token/0xa1832f7F4e534aE557f9B5AB76dE54B1873e498B, https://binplorer.com/address/0xa1832f7F4e534aE557f9B5AB76dE54B1873e498B, https://basescan.org/token/0xa1832f7F4e534aE557f9B5AB76dE54B1873e498B",,no,sí
neuralai,NEURALAI,neural,"Artificial Intelligence (AI), Gaming (GameFi), Solana Ecosystem, Ethereum Ecosystem, Bittensor Ecosystem",2.09,20685974,139303,0.0067341765004635505,10000000.0,10000000.0,10000000.0,8935,1299,3,"ethereum: 0x32b053f2cba79f80ada5078cb6b305da92bde6e1, solana: BNC5eVJZixJFykygncDuUK5TpRBsWZuT6eSA99YNh2cZ","https://etherscan.io/address/0x32b053f2cba79f80ada5078cb6b305da92bde6e1, https://platform.arkhamintelligence.com/explorer/token/neuralai, https://etherscan.io/token/0x32b053f2cba79f80ada5078cb6b305da92bde6e1, https://ethplorer.io/address/0x32b053f2cba79f80ada5078cb6b305da92bde6e1, https://solscan.io/token/BNC5eVJZixJFykygncDuUK5TpRBsWZuT6eSA99YNh2cZ",,no,sí
ishares-core-s-p-500-etf-ondo-tokenized-etf,iShares Core S&P 500 ETF (Ondo Tokenized ETF),ivvon,"Tokenized Assets, Ethereum Ecosystem, Real World Assets (RWA), Ondo Tokenized Assets",666.91,20675309,368196,0.017808488376159216,31001.5633387619,31001.5633387619,,0,1298,1,ethereum: 0x62ca254a363dc3c748e7e955c20447ab5bf06ff7,"https://etherscan.io/address/0x62cA254a363dc3c748e7E955c20447aB5bF06fF7, https://etherscan.io/token/0x62cA254a363dc3c748e7E955c20447aB5bF06fF7, https://ethplorer.io/address/0x62cA254a363dc3c748e7E955c20447aB5bF06fF7",,no,no
araistotle,ArAIstotle,facy,"Artificial Intelligence (AI), Meme, AI Meme, AI Agents, Virtuals Protocol Ecosystem",0.0385295,20668861,1135639,0.05494444033466576,533400000.0,1000000000.0,1000000000.0,1551,1300,4,base: 0xfac77f01957ed1b3dd1cbea992199b8f85b6e886,https://basescan.org/token/0xfac77f01957ed1b3dd1cbea992199b8f85b6e886,,no,no
kled-ai,Kled AI,kled,"Artificial Intelligence (AI), Solana Ecosystem, AI Framework, Believe.app Ecosystem",0.02030896,20304183,1683048,0.0828916878852008,999812314.2246964,999812314.2246964,1000000000.0,0,1309,4,solana: 1zJX5gRnjLgmTpq5sVwkq69mNDQkCemqoasyjaPW6jm,https://solscan.io/token/1zJX5gRnjLgmTpq5sVwkq69mNDQkCemqoasyjaPW6jm,,no,no
midas-mtbill,Midas mTBILL,mtbill,"Tokenized Assets, Ethereum Ecosystem, Real World Assets (RWA), Tokenized Treasury Bills (T-Bills), Rootstock Ecosystem, Etherlink Ecosystem, Yield-Bearing Stablecoin, Plume Network Ecosystem, Midas Liquid Yield Tokens",1.039,20151332,65.04,3.227578206740875e-06,19404124.85430289,19404124.85430289,,1703901,1317,2,"ethereum: 0xdd629e5241cbc5919847783e6c96b2de4754e438, plume-network: 0xe85f2b707ec5ae8e07238f99562264f304e30109, rootstock: 0xdd629e5241cbc5919847783e6c96b2de4754e438, oasis-sapphire: 0xdd629e5241cbc5919847783e6c96b2de4754e438, etherlink: 0xdd629e5241cbc5919847783e6c96b2de4754e438, base: 0xdd629e5241cbc5919847783e6c96b2de4754e438","https://etherscan.io/token/0xdd629e5241cbc5919847783e6c96b2de4754e438, https://platform.arkhamintelligence.com/explorer/token/midas-mtbill, https://ethplorer.io/address/0xdd629e5241cbc5919847783e6c96b2de4754e438, https://basescan.org/token/0xdd629e5241cbc5919847783e6c96b2de4754e438, https://explorer.sapphire.oasis.io/token/0xdd629e5241cbc5919847783e6c96b2de4754e438/token-transfers, https://explorer.etherlink.com/token/0xdd629e5241cbc5919847783e6c96b2de4754e438, https://explorer.plume.org/token/0xe85f2b707ec5ae8e07238f99562264f304e30109, https://explorer.rootstock.io/address/0xdd629e5241cbc5919847783e6c96b2de4754e438",,no,sí
pippin,pippin,pippin,"Artificial Intelligence (AI), Infrastructure, Solana Ecosystem, Meme, Solana Meme, AI Meme, AI Agents, Pump.fun Ecosystem, Binance Alpha Spotlight, AI Framework",0.02015635,20146630,5034925,0.24991400546890472,999942544.196717,999942544.196717,1000000000.0,439,1318,25,solana: Dfh5DzRgSvvCFDoYc2ciTkMrbDfRKybA4SoFbPmApump,https://solscan.io/token/Dfh5DzRgSvvCFDoYc2ciTkMrbDfRKybA4SoFbPmApump,,no,no
giza,GIZA,giza,"Artificial Intelligence (AI), Infrastructure, Decentralized Finance (DeFi), Ethereum Ecosystem, Base Ecosystem, AI Agents, AI Framework, DeFAI",0.127055,20101393,2514175,0.12507466522344993,158804706.5247357,1000000000.0,1000000000.0,61462,1319,12,"ethereum: 0x590830dfdf9a3f68afcdde2694773debdf267774, base: 0x590830dfdf9a3f68afcdde2694773debdf267774","https://etherscan.io/token/0x590830dFDf9A3F68aFCDdE2694773dEBDF267774, https://ethplorer.io/address/0x590830dFDf9A3F68aFCDdE2694773dEBDF267774, https://basescan.org/token/0x590830dFDf9A3F68aFCDdE2694773dEBDF267774",,no,sí
mavryk-network,Mavryk Network,mvrk,"Layer 1 (L1), Ethereum Ecosystem, Real World Assets (RWA), Base Ecosystem",0.066486,19981733,79259,0.003966572869330203,300000000.0,300000000.0,300000000.0,103942,1323,2,"ethereum: 0xec2fbe79236fa86bf2aa5d674dea20e2a1e7b01a, base: 0x05fc76666676f3afa90504e2ebc820612287a82f","https://etherscan.io/token/0xec2fbe79236fa86bf2aa5d674dea20e2a1e7b01a, https://ethplorer.io/address/0xec2FBE79236fa86bF2aa5D674deA20e2a1E7B01a, https://basescan.org/token/0x05fc76666676f3afa90504e2ebc820612287a82f",,no,sí
infinit,INFINIT,in,"Artificial Intelligence (AI), BNB Chain Ecosystem, Ethereum Ecosystem, AI Applications, Binance Alpha Spotlight, DeFAI",0.085337,19537009,23718864,1.2140478616762678,228333333.0,1000000000.0,1000000000.0,67981,1335,24,"ethereum: 0x61fac5f038515572d6f42d4bcb6b581642753d50, binance-smart-chain: 0x61fac5f038515572d6f42d4bcb6b581642753d50","https://etherscan.io/token/0x61fac5F038515572d6F42d4BcB6B581642753D50, https://ethplorer.io/address/0x61fac5F038515572d6F42d4BcB6B581642753D50, https://bscscan.com/token/0x61fac5F038515572d6F42d4BcB6B581642753D50, https://binplorer.com/address/0x61fac5F038515572d6F42d4BcB6B581642753D50",,no,sí
arai,Arai,aa,"Artificial Intelligence (AI), Gaming (GameFi), BNB Chain Ecosystem, Animoca Brands Portfolio, Sequoia Capital Portfolio, Binance Alpha Spotlight",0.134101,19294064,35485294,1.8391819369936784,144500000.0,1000000000.0,1000000000.0,0,1343,11,binance-smart-chain: 0x01bf3d77cd08b19bf3f2309972123a2cca0f6936,"https://bscscan.com/token/0x01bf3d77cd08b19bf3f2309972123a2cca0f6936, https://binplorer.com/address/0x01bf3D77cd08b19Bf3F2309972123a2cCa0F6936",,no,no
ethichub,Ethix,ethix,"Gnosis Chain Ecosystem, Celo Ecosystem, Ethereum Ecosystem, Real World Assets (RWA)",0.27103,19110374,833.81,4.3631275871419366e-05,70498105.06473097,100000000.0,100000000.0,602,1349,5,"ethereum: 0xfd09911130e6930bf87f2b0554c44f400bd80d3e, xdai: 0xec3f3e6d7907acda3a7431abd230196cda3fbb19, celo: 0x9995cc8f20db5896943afc8ee0ba463259c931ed","https://etherscan.io/token/0xfd09911130e6930bf87f2b0554c44f400bd80d3e, https://platform.arkhamintelligence.com/explorer/token/ethichub, https://ethplorer.io/address/0xfd09911130e6930bf87f2b0554c44f400bd80d3e, https://blockscout.com/xdai/mainnet/token/0xec3f3e6d7907acda3a7431abd230196cda3fbb19/token-transfers, https://celoscan.io/token/0x9995cc8f20db5896943afc8ee0ba463259c931ed, https://explorer.celo.org/mainnet/token/0x9995cc8f20db5896943afc8ee0ba463259c931ed, https://gnosisscan.io/token/0xec3f3e6d7907acda3a7431abd230196cda3fbb19",,no,sí
ava-ai,Ava AI,ava,"Artificial Intelligence (AI), Solana Ecosystem, Meme, AI Meme, AI Agents, Pump.fun Ecosystem, Binance Alpha Spotlight, Made in USA",0.01911183,19089124,5847339,0.30631782788984974,999219673.745609,999219673.745609,1000000000.0,3677,1350,24,solana: DKu9kykSfbN5LBfFXtNNDPaX35o4Fv6vJ9FKk7pZpump,https://solscan.io/token/DKu9kykSfbN5LBfFXtNNDPaX35o4Fv6vJ9FKk7pZpump,,no,no
codatta,Codatta,xny,"Artificial Intelligence (AI), Big Data, BNB Chain Ecosystem, OKX Ventures Portfolio, Binance Alpha Spotlight",0.00747643,18706025,20745738,1.1090404294872909,2500000000.0,10000000000.0,10000000000.0,61811,1365,12,binance-smart-chain: 0xe3225e11cab122f1a126a28997788e5230838ab9,"https://bscscan.com/token/0xE3225e11Cab122F1a126A28997788E5230838ab9, https://binplorer.com/address/0xE3225e11Cab122F1a126A28997788E5230838ab9",,no,no
openkaito,OpenKaito,sn5,"Artificial Intelligence (AI), Bittensor Ecosystem, Bittensor Subnets",7.8,18554495,6804.5,0.0003667305415749661,2378991.630816372,2378991.630816372,21000000.0,0,1370,1,bittensor: 5,https://taostats.io/subnets/5/chart,,no,no
avo,Avo,avo,"Artificial Intelligence (AI), Solana Ecosystem, AI Agents, Believe.app Ecosystem",0.01873537,18505788,311427,0.01682862680584042,999974090.3612329,999974090.3612329,1000000000.0,0,1373,4,solana: GdZ9rwHyKcriLdbSzhtEFLe5MLs7Vk6AY1aE5ei7nsmP,https://solscan.io/token/GdZ9rwHyKcriLdbSzhtEFLe5MLs7Vk6AY1aE5ei7nsmP,,no,no
swarms,Swarms,swarms,"Artificial Intelligence (AI), Solana Ecosystem, AI Agents, Pump.fun Ecosystem, Binance Alpha Spotlight, AI Framework",0.01806845,18044255,2874779,0.15931824284238943,999984830.56,999984830.56,1000000000.0,0,1387,32,solana: 74SBV4zDXxTRgv1pEMoECskKBkZHc2yGPnc7GYVepump,"https://solscan.io/account/74SBV4zDXxTRgv1pEMoECskKBkZHc2yGPnc7GYVepump, https://solscan.io/token/74SBV4zDXxTRgv1pEMoECskKBkZHc2yGPnc7GYVepump",,no,no
netmind-token,NetMind Token,nmt,"Artificial Intelligence (AI), BNB Chain Ecosystem, Ethereum Ecosystem, DePIN, AI Agents",0.336018,17819896,3614511,0.20283569556185962,53078106.45285385,143951628.2,143951628.2,10609,1393,12,"ethereum: 0x03aa6298f1370642642415edc0db8b957783e8d6, binance-smart-chain: 0x03aa6298f1370642642415edc0db8b957783e8d6","https://etherscan.io/token/0x03aa6298f1370642642415edc0db8b957783e8d6, https://platform.arkhamintelligence.com/explorer/token/netmind-token, https://ethplorer.io/address/0x03aa6298f1370642642415edc0db8b957783e8d6, https://bscscan.com/token/0x03aa6298f1370642642415edc0db8b957783e8d6, https://binplorer.com/address/0x03aa6298f1370642642415edc0db8b957783e8d6",,no,sí
coral-protocol,Coral Protocol,coral,"Artificial Intelligence (AI), Solana Ecosystem, AI Agents, AI Applications, AI Framework",0.00177823,17782334,235046,0.013217949904663809,10000000000.0,10000000000.0,10000000000.0,367,1398,2,solana: CoRAitPvr9seu5F9Hk39vbjqA1o1XuoryHjSk1Z1q2mo,https://solscan.io/token/CoRAitPvr9seu5F9Hk39vbjqA1o1XuoryHjSk1Z1q2mo,,no,no
ishares-20-year-treasury-bond-etf-ondo-tokenized-etf,iShares 20+ Year Treasury Bond ETF (Ondo Tokenized ETF),tlton,"Tokenized Assets, Ethereum Ecosystem, Real World Assets (RWA), Ondo Tokenized Assets",89.55,17629370,316688,0.017963659506834335,196858.4460672258,196858.4460672258,,0,1401,1,ethereum: 0x992651bfeb9a0dcc4457610e284ba66d86489d4d,"https://etherscan.io/address/0x992651BFeB9A0DCC4457610E284ba66D86489d4d, https://etherscan.io/token/0x992651BFeB9A0DCC4457610E284ba66D86489d4d, https://ethplorer.io/address/0x992651BFeB9A0DCC4457610E284ba66D86489d4d",,no,no
invesco-qqq-etf-ondo-tokenized-etf,Invesco QQQ ETF (Ondo Tokenized ETF),qqqon,"Tokenized Assets, Ethereum Ecosystem, Real World Assets (RWA), Ondo Tokenized Assets",596.05,17516522,397831,0.02271175750528558,29400.90493764357,29400.90493764357,,0,1406,2,ethereum: 0x0e397938c1aa0680954093495b70a9f5e2249aba,"https://etherscan.io/address/0x0e397938C1Aa0680954093495B70A9F5e2249aBa, https://etherscan.io/token/0x0e397938C1Aa0680954093495B70A9F5e2249aBa, https://ethplorer.io/address/0x0e397938C1Aa0680954093495B70A9F5e2249aBa",,no,no
altura,Altura,alu,"Artificial Intelligence (AI), Infrastructure, Gaming (GameFi), NFT, BNB Chain Ecosystem, NFT Marketplace, Base Ecosystem, Gaming Platform, Made in USA, Gaming Marketplace",0.01752636,17337455,2603780,0.15018236528948453,990000000.0,990000000.0,990000000.0,3565,1412,22,"binance-smart-chain: 0x8263cd1601fe73c066bf49cc09841f35348e3be0, base: 0x91ad1b44913cd1b8241a4ff1e2eaa198da6bf4c9","https://bscscan.com/token/0x8263cd1601fe73c066bf49cc09841f35348e3be0, https://platform.arkhamintelligence.com/explorer/token/altura, https://bnb.dex.guru/token/0x8263cd1601fe73c066bf49cc09841f35348e3be0, https://binplorer.com/address/0x8263cd1601fe73c066bf49cc09841f35348e3be0, https://basescan.org/token/0x91Ad1b44913cD1B8241A4Ff1e2EAa198DA6Bf4c9",,no,sí
galeon,Galeon,galeon,"Artificial Intelligence (AI), Healthcare, Gaming (GameFi), BNB Chain Ecosystem, Decentralized Science (DeSci), AI Applications",0.02306669,17287891,77952,0.004509052029539057,746450856.8048245,2580000000.0,4000000000.0,1820,1413,2,binance-smart-chain: 0x1d0ac23f03870f768ca005c84cbb6fb82aa884fd,"https://bscscan.com/token/0x1d0ac23f03870f768ca005c84cbb6fb82aa884fd, https://platform.arkhamintelligence.com/explorer/token/galeon, https://binplorer.com/address/0x1d0ac23f03870f768ca005c84cbb6fb82aa884fd",,no,no
allo,Allo,rwa,"BNB Chain Ecosystem, Real World Assets (RWA), RWA Protocol",0.00954512,17181223,5071704,0.295188765083836,1800000000.0,10000000000.0,10000000000.0,100981,1422,18,binance-smart-chain: 0x9c8b5ca345247396bdfac0395638ca9045c6586e,"https://bscscan.com/token/0x9C8B5CA345247396bDfAc0395638ca9045C6586E, https://binplorer.com/address/0x9C8B5CA345247396bDfAc0395638ca9045C6586E",,no,no
velvet,Velvet,velvet,"Artificial Intelligence (AI), Decentralized Finance (DeFi), BNB Chain Ecosystem, Base Ecosystem, YZi Labs (Prev. Binance Labs) Portfolio, AI Applications, DeFAI, Binance Wallet IDO",0.187664,16860322,6837628,0.4055455168649804,89861864.68456075,1000000000.0,1000000000.0,5859,1427,26,"binance-smart-chain: 0x8b194370825e37b33373e74a41009161808c1488, base: 0xbf927b841994731c573bdf09ceb0c6b0aa887cdd","https://bscscan.com/token/0x8b194370825E37b33373e74A41009161808C1488, https://binplorer.com/address/0x8b194370825E37b33373e74A41009161808C1488, https://basescan.org/token/0xbf927b841994731c573bdf09ceb0c6b0aa887cdd",,no,sí
genius-ai,GENIUS AI,gnus,"Artificial Intelligence (AI), BNB Chain Ecosystem, Polygon Ecosystem, Ethereum Ecosystem, DePIN, Base Ecosystem, AI Agents, AI Applications, Made in USA",1.35,16776136,7500.42,0.0004470886502112286,12422964.499849198,15193848.0,50000000.0,4271,1431,3,"polygon-pos: 0x127e47aba094a9a87d084a3a93732909ff031419, ethereum: 0x614577036f0a024dbc1c88ba616b394dd65d105a, base: 0x614577036f0a024dbc1c88ba616b394dd65d105a, binance-smart-chain: 0x614577036f0a024dbc1c88ba616b394dd65d105a","https://polygonscan.com/address/0x127e47aba094a9a87d084a3a93732909ff031419, https://platform.arkhamintelligence.com/explorer/token/genius-ai, https://etherscan.io/token/0x614577036f0a024dbc1c88ba616b394dd65d105a, https://polygonscan.com/token/0x127e47aba094a9a87d084a3a93732909ff031419, https://ethplorer.io/address/0x614577036f0a024dbc1c88ba616b394dd65d105a, https://bscscan.com/token/0x614577036f0a024dbc1c88ba616b394dd65d105a, https://binplorer.com/address/0x614577036f0a024dbc1c88ba616b394dd65d105a, https://basescan.org/token/0x614577036f0a024dbc1c88ba616b394dd65d105a",,no,sí
imo,IMO,imo,"Tokenized Real Estate, Tokenized Assets, Solana Ecosystem, Real World Assets (RWA), Base Ecosystem",1.5,16756793,86209,0.0051447195176308495,11172422.99999999,17946489.06832,20000000.0,1897,1433,4,"base: 0x5a7a2bf9ffae199f088b25837dcd7e115cf8e1bb, solana: 8z5VhoM97qYGZM4UH9VH2BWhKb6Xyf7kB3J55hM4JUNF","https://basescan.org/token/0x5A7a2bf9fFae199f088B25837DcD7E115CF8E1bb, https://solscan.io/token/8z5VhoM97qYGZM4UH9VH2BWhKb6Xyf7kB3J55hM4JUNF",,no,sí
codec-flow,Codec Flow,codec,"Artificial Intelligence (AI), Solana Ecosystem, Pump.fun Ecosystem, Peaq Ecosystem, Robotics",0.02227771,16762578,5646288,0.3368388800338468,752437149.719819,1002437151.506947,999901998.0,195,1434,6,"solana: 69LjZUUzxj3Cb3Fxeo1X4QpYEQTboApkhXTysPpbpump, peaq: 0xee311e67825c22e5c7238546431651686ce91421","https://solscan.io/token/69LjZUUzxj3Cb3Fxeo1X4QpYEQTboApkhXTysPpbpump, https://peaq.subscan.io/token/0xee311e67825c22e5c7238546431651686ce91421",,no,sí
imagen-ai,Imagen Network,image,"Artificial Intelligence (AI), Solana Ecosystem, Ethereum Ecosystem",0.00332599,16629959,56847,0.0034183487764461716,5000000000.0,5000000000.0,5000000000.0,13500,1441,2,"ethereum: 0x1c3547dfa9ce7acd9c54ae49244575fa65bc75e2, solana: EZGB14NYbqMrsw1QKSgfLXKpj8PrnQBXSjWHbwxpvbAy","https://bscscan.com/token/0x2e156a3e09782A785345B7A33c46C71596FFd551, https://binplorer.com/address/0x2e156a3e09782A785345B7A33c46C71596FFd551, https://etherscan.io/token/0x1c3547dfa9ce7acd9c54ae49244575fa65bc75e2, https://ethplorer.io/address/0x1c3547dfa9ce7acd9c54ae49244575fa65bc75e2, https://solscan.io/token/EZGB14NYbqMrsw1QKSgfLXKpj8PrnQBXSjWHbwxpvbAy",,no,sí
vertical-ai,Vertical AI,vertai,"Artificial Intelligence (AI), Avalanche Ecosystem, Ethereum Ecosystem, AI Agent Launchpad, Binance Alpha Spotlight",0.164337,16402662,805302,0.049095811399393584,100000000.0,100000000.0,100000000.0,2690,1446,3,"ethereum: 0xcdbddbdefb0ee3ef03a89afcd714aa4ef310d567, avalanche: 0x6edac263561da41ade155a992759260fafb87b43","https://etherscan.io/token/0xcdbddbdefb0ee3ef03a89afcd714aa4ef310d567, https://platform.arkhamintelligence.com/explorer/token/vertical-ai, https://ethplorer.io/address/0xcdbddbdefb0ee3ef03a89afcd714aa4ef310d567, https://avascan.info/blockchain/c/address/0x6edac263561da41ade155a992759260fafb87b43/token, https://snowtrace.io/token/0x6edac263561da41ade155a992759260fafb87b43?type=erc20&chainid=43114",,no,sí
octaspace,OctaSpace,octa,"Artificial Intelligence (AI), Internet of Things (IOT), Smart Contract Platform, BNB Chain Ecosystem, Layer 1 (L1), Ethereum Ecosystem, DePIN, AI Agents",0.404789,16436210,512508,0.031181641023082574,40614294.3568056,40617356.5693056,48000000.0,6834,1449,8,"binance-smart-chain: 0xfa704148d516b209d52c2d75f239274c8f8eaf1a, ethereum: 0xfa704148d516b209d52c2d75f239274c8f8eaf1a","https://explorer.octa.space, https://platform.arkhamintelligence.com/explorer/token/octaspace, https://etherscan.io/token/0xfa704148d516b209d52c2d75f239274c8f8eaf1a, https://bscscan.com/token/0xfa704148d516b209d52c2d75f239274c8f8eaf1a, https://ethplorer.io/address/0xfa704148d516b209d52c2d75f239274c8f8eaf1a, https://binplorer.com/address/0xfa704148d516b209d52c2d75f239274c8f8eaf1a",,no,sí
propchain,Propchain,propc,"Ethereum Ecosystem, Real World Assets (RWA)",0.382059,16282838,682576,0.041919965057688344,42470391.19681182,63763336.999999404,100000000.0,9178,1453,5,ethereum: 0x9ff58067bd8d239000010c154c6983a325df138e,"https://etherscan.io/token/0x9ff58067bd8d239000010c154c6983a325df138e, https://platform.arkhamintelligence.com/explorer/token/propchain, https://ethplorer.io/address/0x9ff58067bd8d239000010c154c6983a325df138e",,no,no
sleepless-ai,Sleepless AI,ai,"Artificial Intelligence (AI), BNB Chain Ecosystem, Binance Launchpool, YZi Labs (Prev. Binance Labs) Portfolio",0.123321,16031534,27311036,1.7035822024267921,130000000.0,1000000000.0,,0,1469,40,binance-smart-chain: 0xbda011d7f8ec00f66c1923b049b94c67d148d8b2,"https://bscscan.com/token/0xbda011d7f8ec00f66c1923b049b94c67d148d8b2, https://platform.arkhamintelligence.com/explorer/token/sleepless-ai, https://binplorer.com/address/0xbda011d7f8ec00f66c1923b049b94c67d148d8b2",,no,no
adex,AdEx,adx,"Artificial Intelligence (AI), BNB Chain Ecosystem, Ethereum Ecosystem, AI Agents, AI Applications, DeFAI",0.108275,16016111,2903722,0.18130006716362043,147900000.0,150000000.0,150000000.0,1575,1473,21,"ethereum: 0xade00c28244d5ce17d72e40330b1c318cd12b7c3, binance-smart-chain: 0x6bff4fb161347ad7de4a625ae5aa3a1ca7077819","https://etherscan.io/token/0xade00c28244d5ce17d72e40330b1c318cd12b7c3, https://polygonscan.com/token/0xdda7b23d2d72746663e7939743f929a3d85fc975, https://ethplorer.io/address/0xade00c28244d5ce17d72e40330b1c318cd12b7c3, https://bscscan.com/token/0x6bff4fb161347ad7de4a625ae5aa3a1ca7077819, https://binplorer.com/address/0x6bff4fb161347ad7de4a625ae5aa3a1ca7077819",,no,sí
draiftking,SIRE,sire,"Artificial Intelligence (AI), Base Ecosystem, AI Agents, Bittensor Ecosystem, CreatorBid Ecosystem",0.75091,15769103,327062,0.02074068512330727,21000000.0,21000000.0,21000000.0,1560,1479,4,base: 0x7ce02e86354ea0cc3b302aeadc0ab56bc7eb44b8,"https://basescan.org/token/0x7Ce02e86354EA0Cc3b302AeAdC0Ab56bC7EB44b8, https://base.blockscout.com/token/0x7Ce02e86354EA0Cc3b302AeAdC0Ab56bC7EB44b8",,no,no
thought,Thought,tht,"Artificial Intelligence (AI), Layer 1 (L1), Wallets, Made in USA",0.02886442,15681874,11532.52,0.0007354044548502303,543294359.48,1579231676.0,1618033988.0,1304,1483,1,,https://exp.thought.live/insight/,,no,no
nodeai,NodeAI,gpu,"Artificial Intelligence (AI), Ethereum Ecosystem, DePIN, Base Ecosystem, Made in USA",0.160578,15600611,128542,0.008239549079199526,97153156.22085401,99487383.42481649,100000000.0,6610,1485,8,"ethereum: 0x1258d60b224c0c5cd888d37bbf31aa5fcfb7e870, base: 0x16a3832e690278d4979fd072fa4913bd1e8cbfd8","https://etherscan.io/token/0x1258d60b224c0c5cd888d37bbf31aa5fcfb7e870, https://platform.arkhamintelligence.com/explorer/token/nodeai, https://ethplorer.io/address/0x1258d60b224c0c5cd888d37bbf31aa5fcfb7e870, https://basescan.org/token/0x16a3832e690278d4979fd072fa4913bd1e8cbfd8",,no,sí
origyn-foundation,ORIGYN,ogy,"Internet Computer Ecosystem, Real World Assets (RWA), RWA Protocol",0.00185684,15264786,255146,0.016714679131433614,8220782357.695525,10416037571.63056,10620470496.95,10578,1497,5,internet-computer: lkwrt-vyaaa-aaaaq-aadhq-cai,"https://dashboard.origyn.com/explorer, https://dashboard.internetcomputer.org/canister/lkwrt-vyaaa-aaaaq-aadhq-cai",,no,no
palm-ai,PaLM AI,palm,"Artificial Intelligence (AI), Ethereum Ecosystem, Telegram Apps",0.19569,15185485,98099,0.006460050502173621,77129726.29891282,77129726.29891282,100000000.0,5857,1502,2,ethereum: 0xf1df7305e4bab3885cab5b1e4dfc338452a67891,"https://etherscan.io/token/0xf1df7305e4bab3885cab5b1e4dfc338452a67891, https://platform.arkhamintelligence.com/explorer/token/palm-ai, https://ethplorer.io/address/0xf1df7305e4bab3885cab5b1e4dfc338452a67891",,no,no
cortex,Cortex,ctxc,"Artificial Intelligence (AI), Smart Contract Platform, Layer 1 (L1)",0.064909,15109670,3043692,0.20144000497694523,232781888.5624999,299792458.0,,7477,1505,5,,https://cerebro.cortexlabs.ai/#/blocks,,no,no
bitmind,BitMind,sn34,"Artificial Intelligence (AI), Bittensor Ecosystem, Bittensor Subnets",5.85,14715073,492358,0.03345943305887779,2514907.74933416,2514907.74933416,21000000.0,233,1520,1,bittensor: 34,https://taostats.io/subnets/34/chart,,no,no
netx,NetX,netx,"Artificial Intelligence (AI), BNB Chain Ecosystem, Layer 1 (L1), AI Agent Launchpad",0.969797,14537965,798587,0.05493114063763395,15027377.204472147,20000000.0,20000000.0,0,1528,4,binance-smart-chain: 0x4c32964715e9a42f8d119bfa8917d57822d3adf1,"https://bscscan.com/token/0x4c32964715e9a42f8d119bfa8917d57822d3adf1, https://binplorer.com/address/0x4c32964715e9a42F8d119bFA8917d57822d3aDF1",,no,no
icecream-ai,IceCream AI,icecream,"Artificial Intelligence (AI), SocialFi, BNB Chain Ecosystem, AI Applications, Four.meme Ecosystem",0.01438751,14387510,55859,0.003882464721136597,1000000000.0,1000000000.0,1000000000.0,96,1531,2,binance-smart-chain: 0xd438b82543fb109f34575c825edaeefc98f1f2b4,"https://bscscan.com/token/0xd438b82543fb109f34575c825edaeefc98f1f2b4, https://binplorer.com/address/0xd438b82543fb109f34575c825edaeefc98f1f2b4",,no,no
estatex,EstateX,esx,"Tokenized Real Estate, Tokenized Assets, Solana Ecosystem, Real World Assets (RWA), Base Ecosystem",0.01154235,14247516,2652028,0.1861396751546024,1234381742.5191474,7000000000.0,7000000000.0,72392,1538,6,"base: 0x6a72d3a87f97a0fee2c2ee4233bdaebc32813d7a, solana: 28G7z3VyHDFNhrnvSTf1GssKoGrtCrdiguASQy2BsHiF","https://basescan.org/token/0x6a72d3A87f97a0fEE2c2ee4233BdAEBc32813D7a, https://platform.arkhamintelligence.com/explorer/token/estatex, https://solscan.io/token/28G7z3VyHDFNhrnvSTf1GssKoGrtCrdiguASQy2BsHiF",,no,sí
score,Score,sn44,"Artificial Intelligence (AI), Bittensor Ecosystem, Bittensor Subnets",5.22,14136977,466439,0.03299425329757557,2708405.30180717,2708405.30180717,21000000.0,0,1541,1,bittensor: 44,https://taostats.io/subnets/44/chart,,no,no
ishares-core-us-aggregate-bond-etf-ondo-tokenized-etf,iShares Core US Aggregate Bond ETF (Ondo Tokenized ETF),aggon,"Tokenized Assets, Ethereum Ecosystem, Real World Assets (RWA), Ondo Tokenized Assets",100.42,14113147,262097,0.018571123789754333,140536.7221427793,140536.7221427793,,0,1542,1,ethereum: 0xff7cf16aa2ffc463b996db2f7b7cf0130336899d,"https://etherscan.io/address/0xfF7CF16aA2fFc463b996DB2f7B7cf0130336899D, https://etherscan.io/token/0xfF7CF16aA2fFc463b996DB2f7B7cf0130336899D, https://ethplorer.io/address/0xfF7CF16aA2fFc463b996DB2f7B7cf0130336899D",,no,no
ishares-core-msci-eafe-etf-ondo-tokenized-etf,iShares Core MSCI EAFE ETF (Ondo Tokenized ETF),iefaon,"Tokenized Assets, Ethereum Ecosystem, Real World Assets (RWA), Ondo Tokenized Assets",85.98,14111503,261531,0.018533178216381344,164122.2059969064,164122.2059969064,,0,1543,1,ethereum: 0xfeff7a377a86462f5a2a872009722c154707f09e,"https://etherscan.io/address/0xFEFf7a377A86462F5a2A872009722C154707F09e, https://etherscan.io/token/0xFEFf7a377A86462F5a2A872009722C154707F09e, https://ethplorer.io/address/0xFEFf7a377A86462F5a2A872009722C154707F09e",,no,no
holdstation,Holdstation,hold,"Artificial Intelligence (AI), Wallets, ZkSync Ecosystem, Account Abstraction, Berachain Ecosystem, AI Agent Launchpad, Governance",1.77,14000624,293762,0.02098206479939751,7903700.0,30000000.0,30000000.0,24754,1544,13,"zksync: 0xed4040fd47629e7c8fbb7da76bb50b3e7695f0f2, berachain: 0xff0a636dfc44bb0129b631cdd38d21b613290c98","https://era.zksync.network/token/0xed4040fd47629e7c8fbb7da76bb50b3e7695f0f2, https://berascan.com/token/0xff0a636dfc44bb0129b631cdd38d21b613290c98, https://explorer.zksync.io/address/0xed4040fd47629e7c8fbb7da76bb50b3e7695f0f2",,no,sí
spectre-ai,Spectre AI,spectre,"Artificial Intelligence (AI), Ethereum Ecosystem, Telegram Apps, AI Agents, DeFAI",1.4,13999658,109463,0.007818976720717035,9993171.20242279,9993171.20242279,10000000.0,4040,1545,2,ethereum: 0x9cf0ed013e67db12ca3af8e7506fe401aa14dad6,"https://etherscan.io/token/0x9cf0ed013e67db12ca3af8e7506fe401aa14dad6, https://platform.arkhamintelligence.com/explorer/token/spectre-ai, https://ethplorer.io/address/0x9cf0ed013e67db12ca3af8e7506fe401aa14dad6",,no,no
iota-2,iota,sn9,"Artificial Intelligence (AI), Bittensor Ecosystem, Bittensor Subnets",5.59,13919892,1237268,0.08888488502640682,2491029.649331688,2491029.649331688,21000000.0,0,1551,1,bittensor: 9,https://taostats.io/subnets/9/chart,,no,no
empyreal,Empyreal,emp,"Artificial Intelligence (AI), Arbitrum Ecosystem, Ethereum Ecosystem, Base Ecosystem, Account Abstraction, AI Agents, Intent, AI Agent Launchpad, DeFAI",46.02,13805577,37296,0.0027015169304405026,300000.0,300000.0,300000.0,105,1556,6,"arbitrum-one: 0x772598e9e62155d7fdfe65fdf01eb5a53a8465be, ethereum: 0x39d5313c3750140e5042887413ba8aa6145a9bd2, base: 0x39d5313c3750140e5042887413ba8aa6145a9bd2","https://arbiscan.io/token/0x772598e9e62155d7fdfe65fdf01eb5a53a8465be, https://platform.arkhamintelligence.com/explorer/token/empyreal, https://etherscan.io/token/0x39d5313c3750140e5042887413ba8aa6145a9bd2, https://ethplorer.io/address/0x39d5313c3750140e5042887413ba8aa6145a9bd2, https://basescan.org/token/0x39d5313c3750140e5042887413ba8aa6145a9bd2",,no,sí
rhetor,Rhetor,rt,"Artificial Intelligence (AI), Solana Ecosystem, BONK.fun Ecosystem",0.01361422,13797751,337514,0.024461522751062836,999999678.263749,999999678.263749,1000000000.0,0,1557,1,solana: 3uxMtF7dT2VSvRFkrLf9Gqm4nDDy2J5RBEXCQpjubonk,https://solscan.io/token/3uxMtF7dT2VSvRFkrLf9Gqm4nDDy2J5RBEXCQpjubonk,,no,no
gamercoin,GamerCoin,ghx,"Artificial Intelligence (AI), Infrastructure, BNB Chain Ecosystem, Solana Ecosystem, Ethereum Ecosystem, DePIN, AI Applications",0.01962637,13790615,130091,0.00943329938512532,702820490.0,808000000.0,880000000.0,10304,1553,11,"ethereum: 0x728f30fa2f100742c7949d1961804fa8e0b1387d, solana: Cy52Ts2GwSzdkhCihB5i1Vu6sApzgqktNNFyHbsdgwm7, binance-smart-chain: 0xbd7b8e4de08d9b01938f7ff2058f110ee1e0e8d4","https://etherscan.io/token/0x728f30fa2f100742c7949d1961804fa8e0b1387d, https://platform.arkhamintelligence.com/explorer/token/gamercoin, https://ethplorer.io/address/0x728f30fa2f100742c7949d1961804fa8e0b1387d, https://bscscan.com/token/0xbd7b8e4de08d9b01938f7ff2058f110ee1e0e8d4, https://binplorer.com/address/0xbd7b8e4de08d9b01938f7ff2058f110ee1e0e8d4, https://solscan.io/token/Cy52Ts2GwSzdkhCihB5i1Vu6sApzgqktNNFyHbsdgwm7",,no,sí
sportstensor,Sportstensor,sn41,"Artificial Intelligence (AI), Bittensor Ecosystem, Bittensor Subnets",5.14,13567357,763544,0.05627802084075771,2639035.346313676,2639035.346313676,21000000.0,0,1564,1,bittensor: 41,https://taostats.io/subnets/41/chart,,no,no
hifi-finance,Hifi Finance,hifi,"Tokenized Real Estate, Decentralized Finance (DeFi), Lending/Borrowing Protocols, Ethereum Ecosystem, Real World Assets (RWA), Made in USA, Governance",0.088744,13508502,2370904,0.17551198497065035,152256358.2899422,166963129.3587208,,3286,1567,12,ethereum: 0x4b9278b94a1112cad404048903b8d343a810b07e,"https://etherscan.io/token/0x4b9278b94a1112cad404048903b8d343a810b07e, https://platform.arkhamintelligence.com/explorer/token/hifi-finance, https://ethplorer.io/address/0x4b9278b94a1112cad404048903b8d343a810b07e",,no,no
gold-dao,Gold DAO,goldao,"Tokenized Gold, Internet Computer Ecosystem, Real World Assets (RWA), Tokenized Commodities",0.01830958,13458426,2546.82,0.00018923609640533002,735048341.4943659,990372971.4803659,1000000000.0,671,1571,2,internet-computer: tyyy3-4aaaa-aaaaq-aab7a-cai,"https://dashboard.internetcomputer.org/canister/tyyy3-4aaaa-aaaaq-aab7a-cai, https://dashboard.gold-dao.org/",,no,no
realtoken-ecosystem-governance,RealToken Ecosystem Governance,reg,"Tokenized Real Estate, Gnosis Chain Ecosystem, RealT Tokens, Real World Assets (RWA), RWA Protocol, Governance",0.183413,13420415,293.91,2.1900216945601163e-05,73170324.4480877,501570324.4480877,,763,1574,3,"xdai: 0x0aa1e96d2a46ec6beb2923de1e61addf5f5f1dce, ethereum: 0x0aa1e96d2a46ec6beb2923de1e61addf5f5f1dce, polygon-pos: 0x0aa1e96d2a46ec6beb2923de1e61addf5f5f1dce","https://gnosisscan.io/token/0x0aa1e96d2a46ec6beb2923de1e61addf5f5f1dce, https://etherscan.io/token/0x0aa1e96d2a46ec6beb2923de1e61addf5f5f1dce, https://ethplorer.io/address/0x0aa1e96d2a46ec6beb2923de1e61addf5f5f1dce, https://polygonscan.com/token/0x0aa1e96d2a46ec6beb2923de1e61addf5f5f1dce",,no,sí
fireverse,Fireverse,fir,"Artificial Intelligence (AI), Music, BNB Chain Ecosystem, AI Applications, Binance Alpha Spotlight",0.097744,13416105,13366361,0.9962922174505939,137409990.0,1000000000.0,1000000000.0,0,1570,13,binance-smart-chain: 0x238d72e179a581c98dc1996417a49818c7e509dc,"https://bscscan.com/token/0x238D72E179A581C98DC1996417a49818c7E509dC, https://binplorer.com/address/0x238D72E179A581C98DC1996417a49818c7E509dC",,no,no
gaia-3,Gaia,gaia,"Artificial Intelligence (AI), BNB Chain Ecosystem, Ethereum Ecosystem, AI Agent Launchpad, Binance Alpha Spotlight, AI Framework, Governance",0.078844,13409480,21798234,1.6255838406858432,170000000.0,1000000000.0,1000000000.0,170742,1575,15,"ethereum: 0x2ee7097bfdd98fce2ac08a1896038a7cd9aaed81, binance-smart-chain: 0xd715cc968c288740028be20685263f43ed1e4837","https://etherscan.io/token/0x2EE7097BfdD98fCE2AC08A1896038a7cd9aaEd81, https://ethplorer.io/address/0x2EE7097BfdD98fCE2AC08A1896038a7cd9aaEd81, https://bscscan.com/token/0xd715cC968c288740028be20685263F43ED1E4837, https://binplorer.com/address/0xd715cC968c288740028be20685263F43ED1E4837",,no,sí
ix-swap,IXS,ixs,"Polygon Ecosystem, Ethereum Ecosystem, Real World Assets (RWA), Base Ecosystem, DWF Labs Portfolio, Poolz Finance Launchpad, Coinbase Ventures Portfolio",0.074489,13386927,174470,0.013032864077020813,180000000.0,180000000.0,180000000.0,6643,1577,8,"ethereum: 0x73d7c860998ca3c01ce8c808f5577d94d545d1b4, base: 0xfe550bffb51eb645ea3b324d772a19ac449e92c5, polygon-pos: 0x1ba17c639bdaecd8dc4aac37df062d17ee43a1b8","https://etherscan.io/token/0x73d7c860998ca3c01ce8c808f5577d94d545d1b4, https://platform.arkhamintelligence.com/explorer/token/ix-swap, https://ethplorer.io/address/0x73d7c860998ca3c01ce8c808f5577d94d545d1b4, https://polygonscan.com/token/0x1ba17c639bdaecd8dc4aac37df062d17ee43a1b8, https://basescan.org/token/0xfe550bffb51eb645ea3b324d772a19ac449e92c5",,no,sí
synth-2,Synth,sn50,"Artificial Intelligence (AI), Bittensor Ecosystem, Bittensor Subnets",4.79,13229362,671057,0.05072481953400323,2761257.678424372,2761257.678424372,21000000.0,0,1581,1,bittensor: 50,https://taostats.io/subnets/50/chart,,no,no
comtech-gold,Comtech Gold,cgo,"Tokenized Assets, Tokenized Gold, XDC Ecosystem, Real World Assets (RWA), Tokenized Commodities",120.95,13183944,1437534,0.10903671920936557,109000.0,109000.0,,265,1585,4,xdc-network: xdc8f9920283470f52128bf11b0c14e798be704fd15,"https://xdc.blocksscan.io/tokens/xdc8f9920283470f52128bf11b0c14e798be704fd15#tokentransfers, https://xdcscan.com/token/xdc8f9920283470f52128bf11b0c14e798be704fd15",,no,no
aleph,Aleph Cloud,aleph,"Artificial Intelligence (AI), Infrastructure, Storage, BNB Chain Ecosystem, Avalanche Ecosystem, Ethereum Ecosystem, DePIN, Base Ecosystem, FTX Holdings, Alameda Research Portfolio",0.070196,13085895,200290,0.015305792993142617,186431941.41027194,500000000.0,500000000.0,1033,1590,11,"ethereum: 0x27702a26126e0b3702af63ee09ac4d1a084ef628, base: 0xc0fbc4967259786c743361a5885ef49380473dcf, binance-smart-chain: 0x82d2f8e02afb160dd5a480a617692e62de9038c4, avalanche: 0xc0fbc4967259786c743361a5885ef49380473dcf","https://etherscan.io/token/0x27702a26126e0b3702af63ee09ac4d1a084ef628, https://platform.arkhamintelligence.com/explorer/token/aleph, https://nuls.world/addresses/contracts/nulsd6hgyzkiqlnbztaesqfx1tng2cqbzq51h, https://ethplorer.io/address/0x27702a26126e0b3702af63ee09ac4d1a084ef628, https://avascan.info/blockchain/c/address/0xc0fbc4967259786c743361a5885ef49380473dcf/token, https://explorer.aleph.im/, https://bscscan.com/token/0x82d2f8e02afb160dd5a480a617692e62de9038c4, https://binplorer.com/address/0x82d2f8e02afb160dd5a480a617692e62de9038c4, https://solscan.io/token/3ucmisnkcnkpe1pgq5ggpcbv6dxgvuy16tmmue1wpg9x, https://basescan.org/token/0xc0fbc4967259786c743361a5885ef49380473dcf",,no,sí
brickken,Brickken,bkn,"Tokenized Real Estate, BNB Chain Ecosystem, Impossible Finance Launchpad, Ethereum Ecosystem, Real World Assets (RWA), RWA Protocol",0.182167,13013694,834731,0.06414251018965099,71413193.84298503,143000000.0,143000000.0,15020,1595,7,"ethereum: 0x0a638f07acc6969abf392bb009f216d22adea36d, binance-smart-chain: 0x0e28bc9b03971e95acf9ae1326e51ecf9c55b498","https://etherscan.io/token/0x0a638f07acc6969abf392bb009f216d22adea36d, https://platform.arkhamintelligence.com/explorer/token/brickken, https://bscscan.com/token/0x0e28bc9b03971e95acf9ae1326e51ecf9c55b498, https://ethplorer.io/address/0x0a638f07acc6969abf392bb009f216d22adea36d, https://binplorer.com/address/0x0e28bc9b03971e95acf9ae1326e51ecf9c55b498",,no,sí
edge,Edge,edge,"Artificial Intelligence (AI), Business Services, Ethereum Ecosystem, DePIN, Robotics",0.317183,12916340,52043,0.004029237384584178,40740420.010653,59715295.0,60000000.0,3118,1600,1,ethereum: 0x4ec1b60b96193a64acae44778e51f7bff2007831,"https://explorer.edge.network/, https://platform.arkhamintelligence.com/explorer/token/edge, https://etherscan.io/token/0x4ec1b60b96193a64acae44778e51f7bff2007831, https://ethplorer.io/address/0x4ec1b60b96193a64acae44778e51f7bff2007831",,no,no
morpheusai,MorpheusAI,mor,"Artificial Intelligence (AI), Arbitrum Ecosystem, Ethereum Ecosystem, Base Ecosystem, AI Agents",3.22,12685741,33297,0.002624757986151538,3956220.404299788,7745074.734932517,42000000.0,1116,1614,8,"arbitrum-one: 0x092baadb7def4c3981454dd9c0a0d7ff07bcfc86, ethereum: 0xcbb8f1bda10b9696c57e13bc128fe674769dcec0, base: 0x7431ada8a591c955a994a21710752ef9b882b8e3","https://arbiscan.io/token/0x092baadb7def4c3981454dd9c0a0d7ff07bcfc86, https://platform.arkhamintelligence.com/explorer/token/morpheusai, https://etherscan.io/token/0xcbb8f1bda10b9696c57e13bc128fe674769dcec0, https://basescan.org/token/0x7431ada8a591c955a994a21710752ef9b882b8e3, https://ethplorer.io/address/0xcbb8f1bda10b9696c57e13bc128fe674769dcec0",,no,sí
pop-2,Zypher Network,pop,"Artificial Intelligence (AI), Smart Contract Platform, BNB Chain Ecosystem, Layer 2 (L2), Binance Alpha Spotlight",0.00877906,12639696,81823932,6.473568035180593,1439583333.0,10000000000.0,10000000000.0,73141,1615,7,binance-smart-chain: 0xa3cfb853339b77f385b994799b015cb04b208fe6,"https://bscscan.com/address/0xA3cfB853339b77F385B994799B015cB04b208Fe6#code, https://bscscan.com/token/0xA3cfB853339b77F385B994799B015cB04b208Fe6, https://binplorer.com/address/0xA3cfB853339b77F385B994799B015cB04b208Fe6",,no,no
hippius,Hippius,sn75,"Artificial Intelligence (AI), Bittensor Ecosystem, Bittensor Subnets",5.31,12588859,2128116,0.1690475681711901,2372467.212125139,2372467.212125139,21000000.0,0,1617,1,bittensor: 75,https://taostats.io/subnets/75/chart,,no,no
midas-basis-trading-token,Midas mBASIS,mbasis,"Ethereum Ecosystem, Real World Assets (RWA), Etherlink Ecosystem, Yield-Bearing Stablecoin, Plume Network Ecosystem, Midas Liquid Yield Tokens",1.14,12569085,216.86,1.725344366753825e-05,10993263.01864167,10993263.01864167,,1703769,1620,3,"ethereum: 0x2a8c22e3b10036f3aef5875d04f8441d4188b656, plume-network: 0x0c78ca789e826fe339de61934896f5d170b66d78, etherlink: 0x2247b5a46bb79421a314ab0f0b67ffd11dd37ee4, base: 0x1c2757c1fef1038428b5bef062495ce94bbe92b2","https://etherscan.io/token/0x2a8c22E3b10036f3AEF5875d04f8441d4188b656, https://platform.arkhamintelligence.com/explorer/token/midas-basis-trading-token, https://ethplorer.io/address/0x2a8c22E3b10036f3AEF5875d04f8441d4188b656, https://basescan.org/token/0x1c2757c1fef1038428b5bef062495ce94bbe92b2, https://explorer.etherlink.com/token/0x2247b5a46bb79421a314ab0f0b67ffd11dd37ee4, https://explorer.plume.org/token/0x0c78Ca789e826fE339dE61934896F5D170b66d78",,no,sí
rize,RIZE,rize,"BNB Chain Ecosystem, Polygon Ecosystem, Ethereum Ecosystem, Real World Assets (RWA), Base Ecosystem, Governance",0.0142276,12477639,745480,0.05974527713135474,876778954.6301866,5000000000.0,5000000000.0,6438,1623,4,"base: 0x9818b6c09f5ecc843060927e8587c427c7c93583, ethereum: 0x9f1e8f87c6321b84bad7dda7dfb86d5115a47605, binance-smart-chain: 0xaedaff046601beb063b647845dfb21841f32d6a4, polygon-pos: 0x9f1e8f87c6321b84bad7dda7dfb86d5115a47605","https://basescan.org/token/0x9818B6c09f5ECc843060927E8587c427C7C93583, https://bscscan.com/token/0xaedaff046601beb063b647845dfb21841f32d6a4, https://binplorer.com/address/0xaedaff046601beb063b647845dfb21841f32d6a4, https://etherscan.io/token/0x9f1e8f87c6321b84bad7dda7dfb86d5115a47605, https://ethplorer.io/address/0x9f1e8f87c6321b84bad7dda7dfb86d5115a47605, https://polygonscan.com/token/0x9f1e8f87c6321b84bad7dda7dfb86d5115a47605",,no,sí
synternet-synt,Synternet,synt,"Artificial Intelligence (AI), Smart Contract Platform, Layer 1 (L1), Ethereum Ecosystem, DePIN, Data Availability, AI Agents",0.01218887,12370362,1299834,0.10507647229725371,1011848300.0,1122529800.0,2500000000.0,11069,1630,8,ethereum: 0xda987c655ebc38c801db64a8608bc1aa56cd9a31,"https://etherscan.io/token/0xda987c655ebc38c801db64a8608bc1aa56cd9a31, https://platform.arkhamintelligence.com/explorer/token/synternet-synt, https://explorer.synternet.com/, https://ethplorer.io/address/0xda987c655ebc38c801db64a8608bc1aa56cd9a31",,no,no
nest-treasury-vault,Nest Treasury Vault,ntbill,"Tokenized Assets, Arbitrum Ecosystem, Ethereum Ecosystem, Real World Assets (RWA), Plume Network Ecosystem",1.015,12335512,28331,0.002296702398733024,12158748.104315,12158748.104315,,67520,1633,2,"ethereum: 0xe72fe64840f4ef80e3ec73a1c749491b5c938cb9, plume-network: 0xe72fe64840f4ef80e3ec73a1c749491b5c938cb9, arbitrum-one: 0xe72fe64840f4ef80e3ec73a1c749491b5c938cb9","https://explorer.plume.org/token/0xE72Fe64840F4EF80E3Ec73a1c749491b5c938CB9, https://etherscan.io/token/0xE72Fe64840F4EF80E3Ec73a1c749491b5c938CB9, https://arbiscan.io/token/0xE72Fe64840F4EF80E3Ec73a1c749491b5c938CB9, https://phoenix-explorer.plumenetwork.xyz/token/0xE72Fe64840F4EF80E3Ec73a1c749491b5c938CB9, https://ethplorer.io/address/0xe72fe64840f4ef80e3ec73a1c749491b5c938cb9, https://explorer.plume.org/token/0xe72fe64840f4ef80e3ec73a1c749491b5c938cb9",,no,sí
xterio,Xterio,xter,"Artificial Intelligence (AI), Gaming (GameFi), NFT, BNB Chain Ecosystem, Animoca Brands Portfolio, Gaming Blockchains, YZi Labs (Prev. Binance Labs) Portfolio, Binance Alpha Spotlight",0.084975,12036107,5023453,0.41736526602829305,141630716.528,1000000000.0,1000000000.0,23100,1649,20,binance-smart-chain: 0x103071da56e7cd95b415320760d6a0ddc4da1ca5,"https://bscscan.com/token/0x103071Da56e7cD95b415320760D6a0dDC4DA1ca5, https://binplorer.com/address/0x103071Da56e7cD95b415320760D6a0dDC4DA1ca5",,no,no
xterio,Xterio,xter,"Artificial Intelligence (AI), Gaming (GameFi), NFT, BNB Chain Ecosystem, Animoca Brands Portfolio, Gaming Blockchains, YZi Labs (Prev. Binance Labs) Portfolio, Binance Alpha Spotlight",0.084975,12036107,5023453,0.41736526602829305,141630716.528,1000000000.0,1000000000.0,23100,1649,20,binance-smart-chain: 0x103071da56e7cd95b415320760d6a0ddc4da1ca5,"https://bscscan.com/token/0x103071Da56e7cD95b415320760D6a0dDC4DA1ca5, https://binplorer.com/address/0x103071Da56e7cD95b415320760D6a0dDC4DA1ca5",,no,no
mind-network,Mind Network,fhe,"Artificial Intelligence (AI), Smart Contract Platform, BNB Chain Ecosystem, Layer 2 (L2), Binance Wallet IDO",0.04816689,11982982,4827960,0.4029013813089263,249000000.0,1000000000.0,1000000000.0,79634,1653,24,"ethereum: 0xd55c9fb62e176a8eb6968f32958fefdd0962727e, binance-smart-chain: 0xd55c9fb62e176a8eb6968f32958fefdd0962727e","https://etherscan.io/token/0xd55C9fB62E176a8Eb6968f32958FeFDD0962727E, https://ethplorer.io/address/0xd55C9fB62E176a8Eb6968f32958FeFDD0962727E, https://bscscan.com/token/0xd55C9fB62E176a8Eb6968f32958FeFDD0962727E, https://binplorer.com/address/0xd55C9fB62E176a8Eb6968f32958FeFDD0962727E, https://explorer.mindnetwork.xyz/token/0xd55C9fB62E176a8Eb6968f32958FeFDD0962727E",,no,sí
kryll,KRYLL,krl,"Artificial Intelligence (AI), Decentralized Finance (DeFi), Analytics, Arbitrum Ecosystem, Ethereum Ecosystem, Optimism Ecosystem, Base Ecosystem, AI Applications",0.299969,11954399,95565,0.007994128353922268,39852368.60137463,49417348.0,49417348.0,13893,1657,11,"ethereum: 0x464ebe77c293e473b48cfe96ddcf88fcf7bfdac0, optimistic-ethereum: 0x2ed6222cb75e353b8789bec7bb443b7ec9022021, base: 0xdae49c25fad3a62a8e8bfb6da12c46be611f9f7a, arbitrum-one: 0xf75ee6d319741057a82a88eeff1dbafab7307b69","https://etherscan.io/token/0x464ebe77c293e473b48cfe96ddcf88fcf7bfdac0, https://platform.arkhamintelligence.com/explorer/token/kryll, https://ethplorer.io/address/0x464ebe77c293e473b48cfe96ddcf88fcf7bfdac0, https://basescan.org/token/0xdae49c25fad3a62a8e8bfb6da12c46be611f9f7a, https://arbiscan.io/token/0xf75ee6d319741057a82a88eeff1dbafab7307b69, https://optimistic.etherscan.io/token/0x2ed6222cb75e353b8789bec7bb443b7ec9022021",,no,sí
apf-coin,APF coin,apfc,"Tokenized Real Estate, Ethereum Ecosystem, Real World Assets (RWA), RWA Protocol",0.069929,11906743,91864,0.007715292082813915,170268683.7504873,250000000.0,250000000.0,11117,1659,5,ethereum: 0x8ed955a2b7d2c3a17a9d05daca95e01818f8c11e,"https://etherscan.io/token/0x8ed955a2b7d2c3a17a9d05daca95e01818f8c11e, https://platform.arkhamintelligence.com/explorer/token/apf-coin, https://ethplorer.io/address/0x8ed955a2b7d2c3a17a9d05daca95e01818f8c11e",,no,no
artrade,Artrade,atr,"NFT, Solana Ecosystem, NFT Marketplace, Real World Assets (RWA), Art",0.00925739,11663504,718051,0.06156391767002438,1260104055.326622,1263995252.891813,1800000000.0,13016,1678,10,solana: ATRLuHph8dxnPny4WSNW7fxkhbeivBrtWbY6BfB4xpLj,"https://solscan.io/token/ATRLuHph8dxnPny4WSNW7fxkhbeivBrtWbY6BfB4xpLj, https://platform.arkhamintelligence.com/explorer/token/artrade",,no,no
opulous,Opulous,opul,"Artificial Intelligence (AI), Music, NFT, BNB Chain Ecosystem, Arbitrum Ecosystem, Ethereum Ecosystem, Algorand Ecosystem, Real World Assets (RWA), Telegram Apps, AI Applications",0.02331697,11658072,513017,0.044005303792942776,500000000.0,500000000.0,500000000.0,8109,1672,19,"ethereum: 0x80d55c03180349fff4a229102f62328220a96444, optimistic-ethereum: 0x1f444e9fb735b2438bee3b841efea060d235abf1, algorand: 287867876, base: 0x118a14bd824a7099e8c5279216ff410a7e5472bd, binance-smart-chain: 0x686318000d982bc8dcc1cdcf8ffd22322f0960ed, avalanche: 0x6c44e09737ac84bcf27633883daf7487898e4e5e, polygon-pos: 0xcccde52ef8f7d74d73ee033f7daccfafe29edd45, arbitrum-one: 0x0c5fa0e07949f941a6c2c29a008252db1527d6ee","https://etherscan.io/token/0x80d55c03180349fff4a229102f62328220a96444, https://platform.arkhamintelligence.com/explorer/token/opulous, https://ethplorer.io/address/0x80d55c03180349fff4a229102f62328220a96444, https://bscscan.com/token/0x686318000d982bc8dcc1cdcf8ffd22322f0960ed, https://binplorer.com/address/0x686318000d982bc8dcc1cdcf8ffd22322f0960ed, https://arbiscan.io/token/0x0c5fa0e07949f941a6c2c29a008252db1527d6ee, https://avascan.info/blockchain/c/address/0x6c44e09737ac84bcf27633883daf7487898e4e5e/token, https://basescan.org/token/0x118a14bd824a7099e8c5279216ff410a7e5472bd, https://optimistic.etherscan.io/token/0x1f444e9fb735b2438bee3b841efea060d235abf1, https://polygonscan.com/token/0xcccde52ef8f7d74d73ee033f7daccfafe29edd45",,no,sí
trusta-ai,Trusta AI,ta,"Artificial Intelligence (AI), Analytics, BNB Chain Ecosystem, AI Applications, Binance Alpha Spotlight",0.064727,11656899,3805783,0.326483312585963,180000000.0,1000000000.0,1000000000.0,0,1676,6,"linea: 0x539ae81a166e5e80aed211731563e549c411b140, binance-smart-chain: 0x539ae81a166e5e80aed211731563e549c411b140","https://lineascan.build/token/0x539ae81a166e5e80aed211731563e549c411b140, https://lineaplorer.build/address/0x539ae81a166e5e80aed211731563e549c411b140, https://bscscan.com/token/0x539AE81A166E5E80aEd211731563e549c411b140, https://binplorer.com/address/0x539AE81A166E5E80aEd211731563e549c411b140",,no,sí
dippy,Dippy,sn11,"Artificial Intelligence (AI), Bittensor Ecosystem, Bittensor Subnets",4.99,11580884,85977,0.007424044658421585,2325696.141796056,2325696.141796056,21000000.0,0,1680,1,bittensor: 11,https://taostats.io/subnets/11/chart,,no,no
boson-protocol,Boson,boson,"NFT, Metaverse, Polygon Ecosystem, Ethereum Ecosystem, Real World Assets (RWA), Animoca Brands Portfolio, Base Ecosystem, RWA Protocol, E-commerce, Outlier Ventures Portfolio",0.079483,11501154,1405758,0.12222756081694063,144699814.7201309,200000000.0,200000000.0,16727,1682,16,"ethereum: 0xc477d038d5420c6a9e0b031712f61c5120090de9, base: 0x2192607c3cba9ec3d490206d10d831e68e5f3c97, polygon-pos: 0x9b3b0703d392321ad24338ff1f846650437a43c9","https://etherscan.io/token/0xc477d038d5420c6a9e0b031712f61c5120090de9, https://platform.arkhamintelligence.com/explorer/token/boson-protocol, https://ethplorer.io/address/0xc477d038d5420c6a9e0b031712f61c5120090de9, https://polygonscan.com/token/0x9b3b0703d392321ad24338ff1f846650437a43c9, https://basescan.org/token/0x2192607C3CBA9Ec3D490206d10d831E68E5F3c97",,no,sí
vivi-coin,VIVI COIN,vivi,"Artificial Intelligence (AI), NFT, Solana Ecosystem, Real World Assets (RWA), AI Agents",0.01057456,11361478,72482,0.0063796277209708105,1074416181.439548,1999966081.439548,2000000000.0,0,1690,3,solana: 9RUup1LmD5PBsnd23JmTy39wSwALB7JF7xMfUJP8K7je,https://solscan.io/token/9RUup1LmD5PBsnd23JmTy39wSwALB7JF7xMfUJP8K7je,,no,no
game-by-virtuals,GAME by Virtuals,game,"Artificial Intelligence (AI), Base Ecosystem, AI Agents, Virtuals Protocol Ecosystem, Binance Alpha Spotlight, AI Framework",0.01131852,11322485,3176642,0.2805604953329591,1000000000.0,1000000000.0,1000000000.0,0,1691,17,base: 0x1c4cca7c5db003824208adda61bd749e55f463a3,"https://basescan.org/token/0x1c4cca7c5db003824208adda61bd749e55f463a3, https://platform.arkhamintelligence.com/explorer/token/game-by-virtuals",,no,no
publicai,PublicAI,public,"Artificial Intelligence (AI), SocialFi, BNB Chain Ecosystem, Near Protocol Ecosystem, AI Applications",0.05602,11204093,1475215,0.13166750757959614,200000000.0,1000000000.0,1000000000.0,79848,1698,14,"near-protocol: token.publicailab.near, binance-smart-chain: 0x87aa6aeb62ff128aaa96e275d7b24cd12a72aba1","https://nearblocks.io/token/token.publicailab.near, https://bscscan.com/token/0x87aa6aeb62ff128aaa96e275d7b24cd12a72aba1, https://binplorer.com/address/0x87aa6aeb62ff128aaa96e275d7b24cd12a72aba1",,no,sí
nest-alpha-vault-lp,Nest Alpha Vault (LP),inalpha,"Stablecoins, Yield Farming, Ethereum Ecosystem, Real World Assets (RWA), Plume Network Ecosystem",1.018,11142447,0.0,0.0,10943891.713999,10943891.713999,,67524,1699,0,"ethereum: 0x64ab176c545bb85eca75d53c3ffcb361deafb855, plume-network: 0x64ab176c545bb85eca75d53c3ffcb361deafb855","https://etherscan.io/token/0x64ab176c545bb85eca75d53c3ffcb361deafb855, https://ethplorer.io/address/0x64ab176c545bb85eca75d53c3ffcb361deafb855, https://explorer.plume.org/token/0x64Ab176C545bb85EcA75d53c3Ffcb361dEafb855",,no,sí
ishares-tips-bond-etf-ondo-tokenized-etf,iShares TIPS Bond ETF (Ondo Tokenized ETF),tipon,"Tokenized Assets, Ethereum Ecosystem, Real World Assets (RWA), Ondo Tokenized Assets",111.46,11112407,209540,0.018856400777977265,99694.98229703646,99694.98229703646,,0,1700,1,ethereum: 0x2df38ca485d01fc15e4fd85847ed26b7ef871c1c,"https://etherscan.io/address/0x2Df38cA485D01fC15e4FD85847ed26b7EF871c1c, https://etherscan.io/token/0x2Df38cA485D01fC15e4FD85847ed26b7EF871c1c, https://ethplorer.io/address/0x2Df38cA485D01fC15e4FD85847ed26b7EF871c1c",,no,no
readyai,ReadyAI,sn33,"Artificial Intelligence (AI), Bittensor Ecosystem, Bittensor Subnets",4.31,10933889,1883144,0.17223002721172678,2529802.797805279,2529802.797805279,21000000.0,0,1713,1,bittensor: 33,https://taostats.io/subnets/33/chart,,no,no
lingo,Lingo,lingo,"Solana Ecosystem, Real World Assets (RWA), Base Ecosystem, RWA Protocol",0.02004131,10860071,174310,0.01605053963275194,541890260.8026,541908922.90506,1000000000.0,0,1715,11,"base: 0xfb42da273158b0f642f59f2ba7cc1d5457481677, solana: GWZGj6AM4pkWxQW6bifE6JChSRf2hEQFWFkYC4REaL7H","https://basescan.org/token/0xfb42Da273158B0F642F59F2Ba7cc1d5457481677, https://base.blockscout.com/token/0xfb42Da273158B0F642F59F2Ba7cc1d5457481677, https://solscan.io/token/GWZGj6AM4pkWxQW6bifE6JChSRf2hEQFWFkYC4REaL7H",,no,sí
collaterize,Collaterize,collat,"Smart Contract Platform, Solana Ecosystem, Layer 1 (L1), Real World Assets (RWA), Pump.fun Ecosystem, RWA Protocol",0.01078956,10809157,1412352,0.13066254843000244,999914470.775916,999914469.944655,999973317.89,3278,1719,12,solana: C7heQqfNzdMbUFQwcHkL9FvdwsFsDRBnfwZDDyWYCLTZ,"https://explorer.collaterize.com/, https://solscan.io/token/C7heQqfNzdMbUFQwcHkL9FvdwsFsDRBnfwZDDyWYCLTZ",,no,no
agent-hustle,Agent Hustle,hustle,"Artificial Intelligence (AI), Solana Ecosystem, AI Agents, DeFAI, Made in USA",0.01067325,10722161,125446,0.011699693746437869,999997413.892216,999997413.892216,1000000000.0,1356,1728,3,solana: HUSTLFV3U5Km8u66rMQExh4nLy7unfKHedEXVK1WgSAG,https://solscan.io/token/HUSTLFV3U5Km8u66rMQExh4nLy7unfKHedEXVK1WgSAG,,no,no
logicnet,LogicNet,sn35,"Artificial Intelligence (AI), Bittensor Ecosystem, Bittensor Subnets",4.04,10648709,1731276,0.16258083491623257,2634872.248991312,2634872.248991312,21000000.0,0,1732,1,bittensor: 35,https://taostats.io/subnets/35/chart,,no,no
basedai,BasedAI,basedai,"Artificial Intelligence (AI), Ethereum Ecosystem, AI Agents",0.295106,10551928,95219,0.009023848532704165,35669420.0,35669420.0,,0,1736,5,ethereum: 0x44971abf0251958492fee97da3e5c5ada88b9185,"https://etherscan.io/token/0x44971abf0251958492fee97da3e5c5ada88b9185, https://platform.arkhamintelligence.com/explorer/token/basedai, https://ethplorer.io/address/0x44971abf0251958492fee97da3e5c5ada88b9185",,no,no
numbers-protocol,Numbers Protocol,num,"Artificial Intelligence (AI), Smart Contract Platform, BNB Chain Ecosystem, DaoMaker Launchpad, Ethereum Ecosystem, Avalanche L1, YZi Labs (Prev. Binance Labs) Portfolio, Outlier Ventures Portfolio",0.01259852,10471433,1083509,0.10347284846305181,829632333.0,839695317.0,1000000000.0,12926,1745,11,"ethereum: 0x3496b523e5c00a4b4150d6721320cddb234c3079, binance-smart-chain: 0xeceb87cf00dcbf2d4e2880223743ff087a995ad9","https://etherscan.io/token/0x3496b523e5c00a4b4150d6721320cddb234c3079, https://platform.arkhamintelligence.com/explorer/token/numbers-protocol, https://ethplorer.io/address/0x3496b523e5c00a4b4150d6721320cddb234c3079, https://bscscan.com/token/0xeceb87cf00dcbf2d4e2880223743ff087a995ad9, https://mainnet.num.network/overview, https://binplorer.com/address/0xeceb87cf00dcbf2d4e2880223743ff087a995ad9",,no,sí
agoras-currency-of-tau,Agoras: Tau Net,agrs,"Artificial Intelligence (AI), Smart Contract Platform, Ethereum Ecosystem",0.578595,10414344,35543,0.003412888992335955,18000000.0,42000000.0,,4198,1748,4,ethereum: 0x738865301a9b7dd80dc3666dd48cf034ec42bdda,"https://etherscan.io/token/0x738865301a9b7dd80dc3666dd48cf034ec42bdda, https://platform.arkhamintelligence.com/explorer/token/agoras-currency-of-tau, https://ethplorer.io/address/0x738865301a9b7dd80dc3666dd48cf034ec42bdda, https://www.omniexplorer.info/asset/58",,no,no
astraai,AstraAI,astra,"Artificial Intelligence (AI), Ethereum Ecosystem, Telegram Apps",1.039,10389589,194803,0.01874982735120706,10000000.0,10000000.0,10000000.0,3134,1750,4,ethereum: 0x0aa8a7d1fb4c64b3b1dcea9a7ade81c59c25b95b,"https://etherscan.io/token/0x0aa8a7d1fb4c64b3b1dcea9a7ade81c59c25b95b, https://platform.arkhamintelligence.com/explorer/token/astraai, https://ethplorer.io/address/0x0aa8a7d1fb4c64b3b1dcea9a7ade81c59c25b95b",,no,no
astraai,AstraAI,astra,"Artificial Intelligence (AI), Ethereum Ecosystem, Telegram Apps",1.039,10389589,194803,0.01874982735120706,10000000.0,10000000.0,10000000.0,3134,1750,4,ethereum: 0x0aa8a7d1fb4c64b3b1dcea9a7ade81c59c25b95b,"https://etherscan.io/token/0x0aa8a7d1fb4c64b3b1dcea9a7ade81c59c25b95b, https://platform.arkhamintelligence.com/explorer/token/astraai, https://ethplorer.io/address/0x0aa8a7d1fb4c64b3b1dcea9a7ade81c59c25b95b",,no,no
singularry,Singularry,singularry,"Artificial Intelligence (AI), BNB Chain Ecosystem, AI Agents, Pump.fun Ecosystem, AI Applications, DeFAI",0.01028032,10279263,39878,0.003879461008050869,999897536.93,999897536.93,1000000000.0,1628,1760,3,binance-smart-chain: 0x18ea4df6a9cde2472f2321a4ec77da106498a66e,"https://bscscan.com/token/0x18ea4df6a9cde2472f2321a4ec77da106498a66e, https://binplorer.com/address/0x18ea4df6a9cde2472f2321a4ec77da106498a66e",,no,no
kondux-v2,KONDUX,kndx,"Artificial Intelligence (AI), NFT, Ethereum Ecosystem, AI Applications, Made in USA",0.01865138,10218901,10645.23,0.001041719652631922,547924317.3460163,943410209.0,1000000000.0,1540,1758,1,ethereum: 0x7ca5af5ba3472af6049f63c1abc324475d44efc1,"https://etherscan.io/token/0x7ca5af5ba3472af6049f63c1abc324475d44efc1, https://platform.arkhamintelligence.com/explorer/token/kondux-v2, https://ethplorer.io/address/0x7ca5af5ba3472af6049f63c1abc324475d44efc1",,no,no
botto,Botto,botto,"Artificial Intelligence (AI), NFT, Ethereum Ecosystem, Base Ecosystem, AI Agents",0.204939,10156685,67917,0.006686925901512156,49513833.34391302,93872825.47976364,100000000.0,43,1768,6,"ethereum: 0x9dfad1b7102d46b1b197b90095b5c4e9f5845bba, base: 0x24914cb6bd01e6a0cf2a9c0478e33c25926e6a0c","https://etherscan.io/token/0x9dfad1b7102d46b1b197b90095b5c4e9f5845bba, https://platform.arkhamintelligence.com/explorer/token/botto, https://ethplorer.io/address/0x9dfad1b7102d46b1b197b90095b5c4e9f5845bba, https://basescan.org/token/0x24914cb6bd01e6a0cf2a9c0478e33c25926e6a0c",,no,sí
gata,Gata,gata,"Artificial Intelligence (AI), BNB Chain Ecosystem, YZi Labs (Prev. Binance Labs) Portfolio, AI Applications, Binance Alpha Spotlight",0.057923,10136325,8000222,0.7892625779066871,175000000.0,1000000000.0,1000000000.0,0,1763,15,binance-smart-chain: 0x46ee3bfc281d59009ccd06f1dd6abdbfcd82ffc3,"https://bscscan.com/token/0x46Ee3BFC281d59009cCD06F1dD6aBDbfCd82FFC3, https://binplorer.com/address/0x46Ee3BFC281d59009cCD06F1dD6aBDbfCd82FFC3",,no,no
nineteen-ai,Nineteen.ai,sn19,"Artificial Intelligence (AI), Bittensor Ecosystem, Bittensor Subnets",3.82,10077914,18330.74,0.0018189022053571803,2636869.746497695,2636869.746497695,21000000.0,0,1779,1,bittensor: 19,https://taostats.io/subnets/19/chart,,no,no
nextplace,NextPlace,sn48,"Artificial Intelligence (AI), Bittensor Ecosystem, Bittensor Subnets",3.98,10030836,272096,0.027125954406990605,2513654.526995773,2513654.526995773,21000000.0,0,1783,1,bittensor: 48,https://taostats.io/subnets/48/chart,,no,no
torus,Torus,torus,"Artificial Intelligence (AI), Base Ecosystem, AI Agents",0.145209,9970765,6749.7,0.0006769490605786015,68664965.79855664,144000000.0,144000000.0,1034,1786,1,base: 0x78ec15c5fd8efc5e924e9eebb9e549e29c785867,https://basescan.org/token/0x78EC15C5FD8EfC5e924e9EEBb9e549e29C785867,,no,no
ishares-core-s-p-total-us-stock-market-etf-ondo-tokenized-etf,iShares Core S&P Total US Stock Market ETF (Ondo Tokenized ETF),itoton,"Tokenized Assets, Ethereum Ecosystem, Real World Assets (RWA), Ondo Tokenized Assets",145.06,9946213,183981,0.01849759300348786,68567.05767313832,68567.05767313832,,0,1789,1,ethereum: 0x0692481c369e2bdc728a69ae31b848343a4567be,"https://etherscan.io/address/0x0692481C369E2BDc728A69ae31b848343a4567Be, https://etherscan.io/token/0x0692481C369E2BDc728A69ae31b848343a4567Be, https://ethplorer.io/address/0x0692481C369E2BDc728A69ae31b848343a4567Be",,no,no
hamilton-lane-senior-credit-opportunities-securitize-fund,Hamilton Lane Senior Credit Opportunities Securitize Fund,hlscope,"Polygon Ecosystem, Ethereum Ecosystem, Optimism Ecosystem, Real World Assets (RWA)",1205.9,9857778,0.0,0.0,8174.597194,8174.597194,,0,1793,0,"polygon-pos: 0x4c5ca366e26409845624e29b62c388a06961a792, optimistic-ethereum: 0x720f86f4b5b5d5d0ea3e5718ec43071d4d05134b, ethereum: 0xda2ffa104356688e74d9340519b8c17f00d7752e","https://polygonscan.com/token/0x4C5cA366e26409845624E29B62C388a06961A792, https://optimistic.etherscan.io/token/0x720f86f4B5b5d5d0ea3E5718EC43071d4d05134b, https://etherscan.io/token/0xDa2fFA104356688E74D9340519B8C17f00d7752E, https://ethplorer.io/address/0xDa2fFA104356688E74D9340519B8C17f00d7752E",,no,sí
trias-token,TriasLab,trias,"Artificial Intelligence (AI), Smart Contract Platform, BNB Chain Ecosystem, Layer 1 (L1), Ethereum Ecosystem, AI Agents",0.985791,9857907,8555.76,0.0008679083704076332,10000000.0,10000000.0,10000000.0,10620,1794,4,"binance-smart-chain: 0x184cff0e719826b966025f93e05d8c8b0a79b3f9, ethereum: 0x3a856d4effa670c54585a5d523e96513e148e95d","https://bscscan.com/token/0x184cff0e719826b966025f93e05d8c8b0a79b3f9, https://platform.arkhamintelligence.com/explorer/token/trias-token, https://binplorer.com/address/0x184cff0e719826b966025f93e05d8c8b0a79b3f9, https://etherscan.io/token/0x3a856d4effa670c54585a5d523e96513e148e95d, https://ethplorer.io/address/0x3a856d4effa670c54585a5d523e96513e148e95d",,no,sí
data-universe,Data Universe,sn13,"Artificial Intelligence (AI), Bittensor Ecosystem, Bittensor Subnets",3.54,9826153,28327,0.0028828169070845935,2771801.903632042,2771801.903632042,21000000.0,0,1798,1,bittensor: 13,https://taostats.io/subnets/13/chart,,no,no
ishares-msci-eafe-etf-ondo-tokenized-etf,iShares MSCI EAFE ETF (Ondo Tokenized ETF),efaon,"Tokenized Assets, Ethereum Ecosystem, Real World Assets (RWA), Ondo Tokenized Assets",92.08,9538366,172755,0.018111592698372026,103583.0946644324,103583.0946644324,,0,1813,1,ethereum: 0x4111b60bc87f2bd1e81e783e271d7f0ec6ee088b,"https://etherscan.io/address/0x4111b60bc87F2Bd1e81E783E271D7F0ec6EE088B, https://etherscan.io/token/0x4111b60bc87F2Bd1e81E783E271D7F0ec6EE088B, https://ethplorer.io/address/0x4111b60bc87F2Bd1e81E783E271D7F0ec6EE088B",,no,no
mey-network,Mey Network,mey,"Decentralized Finance (DeFi), Real World Assets (RWA), Base Ecosystem",0.10826,9530907,338510,0.03551708142782214,87242697.7,2300000000.0,2300000000.0,7947,1816,4,base: 0x8bfac1b375bf2894d6f12fb2eb48b1c1a7916789,https://basescan.org/token/0x8bFAc1b375bf2894D6F12fb2Eb48B1C1a7916789,,no,no
wagmi-game-2,WAGMI Games,wagmigames,"Artificial Intelligence (AI), Gaming (GameFi), NFT, Meme, Ethereum Ecosystem, Strategy Games, AI Agents, Anime-Themed, Made in USA, Action Games",4.52e-06,9527746,351300,0.03687126000210333,2104228266398.4458,2200000000000.0,2200000000000.0,7138,1815,4,ethereum: 0x3b604747ad1720c01ded0455728b62c0d2f100f0,"https://etherscan.io/token/0x3b604747ad1720c01ded0455728b62c0d2f100f0, https://platform.arkhamintelligence.com/explorer/token/wagmi-game-2, https://ethplorer.io/address/0x3b604747ad1720c01ded0455728b62c0d2f100f0",,no,no
apex-5,Apex,sn1,"Artificial Intelligence (AI), Bittensor Ecosystem, Bittensor Subnets",3.58,9380781,10828.67,0.0011543463172202827,2614945.712983583,2614945.712983583,21000000.0,0,1823,1,bittensor: 1,https://taostats.io/subnets/1/chart,,no,no
parallelai,ParallelAI,pai,"Artificial Intelligence (AI), Infrastructure, Ethereum Ecosystem",0.093548,9355275,150135,0.016048165339875096,100000000.0,100000000.0,100000000.0,0,1826,4,ethereum: 0x13e4b8cffe704d3de6f19e52b201d92c21ec18bd,"https://etherscan.io/token/0x13e4b8cffe704d3de6f19e52b201d92c21ec18bd, https://platform.arkhamintelligence.com/explorer/token/parallelai, https://ethplorer.io/address/0x13e4b8cffe704d3de6f19e52b201d92c21ec18bd",,no,no
taohash,TAOHash,sn14,"Artificial Intelligence (AI), Bittensor Ecosystem, Bittensor Subnets",3.57,9166364,30439,0.0033207278262133164,2565022.324289478,2565022.324289478,21000000.0,0,1838,1,bittensor: 14,https://taostats.io/subnets/14/chart,,no,no
propbase,Propbase,props,"Tokenized Real Estate, Aptos Ecosystem, Real World Assets (RWA), Base Ecosystem, RWA Protocol",0.02053301,9104206,1708495,0.18765996727226955,443456869.5010158,1200000000.0,1200000000.0,28963,1842,13,"aptos: 0xe50684a338db732d8fb8a3ac71c4b8633878bd0193bca5de2ebc852a83b35099::propbase_coin::PROPS, base: 0xd6aaf4d477999fa50c5a1aa35f708862113a73cc","https://aptscan.ai/coins/0xe50684a338db732d8fb8a3ac71c4b8633878bd0193bca5de2ebc852a83b35099::propbase_coin::PROPS, https://platform.arkhamintelligence.com/explorer/token/propbase, https://tracemove.io/coin/0xe50684a338db732d8fb8a3ac71c4b8633878bd0193bca5de2ebc852a83b35099::propbase_coin::PROPS, https://basescan.org/token/0xd6aaf4d477999fa50c5a1aa35f708862113a73cc",,no,sí
zeus-5,Zeus,sn18,"Artificial Intelligence (AI), Bittensor Ecosystem, Bittensor Subnets",3.48,9064568,582464,0.06425722659921576,2599340.741426792,2599340.741426792,21000000.0,0,1845,1,bittensor: 18,https://taostats.io/subnets/18/chart,,no,no
digitalbits,XDB CHAIN,xdb,"Smart Contract Platform, Layer 1 (L1), Real World Assets (RWA)",0.00052518,8946937,928295,0.10375562049894842,17057062634.0,18765762572.0,20000000000.0,6729,1856,5,,"https://explorer.xdbchain.com/, https://horizon.livenet.xdbchain.com/",,no,no
the-innovation-game,The Innovation Game,tig,"Artificial Intelligence (AI), Smart Contract Platform, Base Ecosystem, Decentralized Science (DeSci), Proof of Work (PoW)",0.363743,8862151,226851,0.02559773580928603,24363149.148056764,46052881.837036565,131040000.0,0,1860,8,base: 0x0c03ce270b4826ec62e7dd007f0b716068639f7b,"https://basescan.org/token/0x0C03Ce270B4826Ec62e7DD007f0B716068639F7B, https://platform.arkhamintelligence.com/explorer/token/the-innovation-game",,no,no
silencio,Silencio,slc,"Artificial Intelligence (AI), DePIN, Base Ecosystem, Decentralized Science (DeSci), Peaq Ecosystem, Robotics",0.00034065,8830481,382923,0.04336377599362934,25922933056.0,98797933055.0,100000000000.0,390,1864,7,"peaq: 0x5c3126bfb9a68a7021d461230127470b3824886b, base: 0x6bd83abc39391af1e24826e90237c4bd3468b5d2","https://peaq.subscan.io/token/0x5c3126bfb9a68a7021d461230127470b3824886b, https://basescan.org/token/0x6bd83abc39391af1e24826e90237c4bd3468b5d2",,no,sí
ishares-russell-1000-growth-etf-ondo-tokenized-etf,iShares Russell 1000 Growth ETF (Ondo Tokenized ETF),iwfon,"Tokenized Assets, Ethereum Ecosystem, Real World Assets (RWA), Ondo Tokenized Assets",465.28,8786399,158187,0.018003621278751398,18884.14186573409,18884.14186573409,,0,1867,1,ethereum: 0x8d05432c2786e3f93f1a9a62b9572dbf54f3ea06,"https://etherscan.io/address/0x8d05432C2786e3F93f1a9A62b9572DBf54f3ea06, https://etherscan.io/token/0x8d05432C2786e3F93f1a9A62b9572DBf54f3ea06, https://ethplorer.io/address/0x8d05432C2786e3F93f1a9A62b9572DBf54f3ea06",,no,no
hypergpt,HyperGPT,hgpt,"Artificial Intelligence (AI), NFT, BNB Chain Ecosystem, Launchpad, Telegram Apps, TON Ecosystem, Poolz Finance Launchpad, AI Agents, AI Agent Launchpad, Made in USA",0.01096212,8756728,801619,0.09154321111721182,799666666.6667,997742373.48909,1000000000.0,54035,1870,7,"binance-smart-chain: 0x529c79f6918665ebe250f32eeeaa1d410a0798c6, the-open-network: EQAuw01klxL8qKe9cBioTfjst0d6Gdagg51_c73z8X2-zJmj","https://bscscan.com/token/0x529c79f6918665ebe250f32eeeaa1d410a0798c6, https://platform.arkhamintelligence.com/explorer/token/hypergpt, https://binplorer.com/address/0x529c79f6918665ebe250f32eeeaa1d410a0798c6, https://tonscan.org/address/EQAuw01klxL8qKe9cBioTfjst0d6Gdagg51_c73z8X2-zJmj, https://tonviewer.com/EQAuw01klxL8qKe9cBioTfjst0d6Gdagg51_c73z8X2-zJmj",,no,sí
nova-3,NOVA,sn68,"Artificial Intelligence (AI), Bittensor Ecosystem, Bittensor Subnets",3.44,8713891,11435.86,0.001312371247241904,2533193.202339056,2533193.202339056,21000000.0,0,1872,1,bittensor: 68,https://taostats.io/subnets/68/chart,,no,no
vaderai-by-virtuals,Vader,vader,"Artificial Intelligence (AI), Meme, Base Ecosystem, AI Meme, AI Agents, Virtuals Protocol Ecosystem, Binance Alpha Spotlight, Robotics",0.00852663,8507162,747716,0.08789253102268418,996739513.1977307,996739513.1977307,1000000000.0,3317,1891,10,base: 0x731814e491571a2e9ee3c5b1f7f3b962ee8f4870,https://basescan.org/token/0x731814e491571A2e9eE3c5b1F7f3b962eE8f4870,,no,no
inspect,Inspect,insp,"Artificial Intelligence (AI), BNB Chain Ecosystem, Ethereum Ecosystem",0.01064989,8503207,662190,0.07787532398070517,798366803.0,1000000000.0,1000000000.0,8461,1889,12,"ethereum: 0x186ef81fd8e77eec8bffc3039e7ec41d5fc0b457, binance-smart-chain: 0x8d279274789ccec8af94a430a5996eaace9609a9","https://etherscan.io/token/0x186ef81fd8e77eec8bffc3039e7ec41d5fc0b457, https://platform.arkhamintelligence.com/explorer/token/inspect, https://ethplorer.io/address/0x186ef81fd8e77eec8bffc3039e7ec41d5fc0b457, https://bscscan.com/token/0x8d279274789ccec8af94a430a5996eaace9609a9, https://binplorer.com/address/0x8d279274789ccec8af94a430a5996eaace9609a9",,no,sí
ishares-gold-trust-ondo-tokenized-stock,iShares Gold Trust (Ondo Tokenized Stock),iauon,"Tokenized Assets, Ethereum Ecosystem, Real World Assets (RWA), Ondo Tokenized Assets",71.04,8447621,152049,0.017999031916796457,118912.6725795689,118912.6725795689,,0,1895,1,ethereum: 0x4f0ca3df1c2e6b943cf82e649d576ffe7b2fabcf,"https://etherscan.io/address/0x4f0CA3df1c2e6b943cf82E649d576ffe7B2fABCF, https://etherscan.io/token/0x4f0CA3df1c2e6b943cf82E649d576ffe7B2fABCF, https://ethplorer.io/address/0x4f0CA3df1c2e6b943cf82E649d576ffe7B2fABCF",,no,no
0x0-ai-ai-smart-contract,0x0.ai: AI Smart Contract,0x0,"Artificial Intelligence (AI), Ethereum Ecosystem",0.00944319,8416468,84112,0.009993740842358101,891250000.0,891250000.0,1000000000.0,119,1898,2,ethereum: 0x5a3e6a77ba2f983ec0d371ea3b475f8bc0811ad5,"https://etherscan.io/token/0x5a3e6a77ba2f983ec0d371ea3b475f8bc0811ad5, https://platform.arkhamintelligence.com/explorer/token/0x0-ai-ai-smart-contract, https://ethplorer.io/address/0x5a3e6a77ba2f983ec0d371ea3b475f8bc0811ad5",,no,no
bitscrunch-token,bitsCrunch Token,bcut,"Artificial Intelligence (AI), Infrastructure, Analytics, NFT, Polygon Ecosystem, Ethereum Ecosystem, Animoca Brands Portfolio, Coinbase Ventures Portfolio",0.0135143,8248046,291794,0.03537734876842345,610319947.8654585,1000000000.0,,23432,1910,14,"ethereum: 0xbef26bd568e421d6708cca55ad6e35f8bfa0c406, polygon-pos: 0x3fb83a9a2c4408909c058b0bfe5b4823f54fafe2","https://etherscan.io/token/0xbef26bd568e421d6708cca55ad6e35f8bfa0c406, https://platform.arkhamintelligence.com/explorer/token/bitscrunch-token, https://polygonscan.com/token/0x3fb83a9a2c4408909c058b0bfe5b4823f54fafe2, https://ethplorer.io/address/0xbef26bd568e421d6708cca55ad6e35f8bfa0c406",,no,sí
w-ai-parked,basilica,sn39,"Artificial Intelligence (AI), Bittensor Ecosystem, Bittensor Subnets",3.69,8188291,357948,0.043714616395533576,2221924.61519449,2221924.61519449,21000000.0,0,1912,1,bittensor: 39,https://taostats.io/subnets/39/chart,,no,no
graphite,Graphite,sn43,"Artificial Intelligence (AI), Bittensor Ecosystem, Bittensor Subnets",2.91,8141384,1036.52,0.00012731496266482455,2796465.988953695,2796465.988953695,21000000.0,0,1917,1,bittensor: 43,https://taostats.io/subnets/43/chart,,no,no
node-2,NodeOps,node,"Artificial Intelligence (AI), Infrastructure, BNB Chain Ecosystem, Ethereum Ecosystem, DePIN, Binance Wallet IDO",0.071209,8044484,6537248,0.8126373301258353,113025816.79,658468718.1,1000000000.0,3759,1930,20,"ethereum: 0x2f714d7b9a035d4ce24af8d9b6091c07e37f43fb, binance-smart-chain: 0x2f714d7b9a035d4ce24af8d9b6091c07e37f43fb","https://bscscan.com/token/0x2f714d7b9a035d4ce24af8d9b6091c07e37f43fb, https://etherscan.io/token/0x2F714d7b9A035d4ce24af8d9b6091c07E37f43Fb, https://ethplorer.io/address/0x2F714d7b9A035d4ce24af8d9b6091c07E37f43Fb, https://binplorer.com/address/0x2f714d7b9a035d4ce24af8d9b6091c07e37f43fb",,no,sí
dimitra,Dimitra,dmtr,"Ethereum Ecosystem, Real World Assets (RWA), DePIN",0.01186436,7904555,167575,0.021199801886380702,666243806.7996033,971071677.3884498,1000000000.0,4534,1941,11,ethereum: 0x51cb253744189f11241becb29bedd3f1b5384fdb,"https://etherscan.io/token/0x51cb253744189f11241becb29bedd3f1b5384fdb, https://platform.arkhamintelligence.com/explorer/token/dimitra, https://ethplorer.io/address/0x51cb253744189f11241becb29bedd3f1b5384fdb",,no,no
sp500-xstock,SP500 xStock,spyx,"Tokenized Assets, BNB Chain Ecosystem, Solana Ecosystem, Arbitrum Ecosystem, Ethereum Ecosystem, Real World Assets (RWA), Tokenized Exchange-Traded Funds (ETFs), BackedFi xStocks Ecosystem",662.64,7849835,1726860,0.21998678953124493,11844.86428118611,35999.17595993,,3975,1944,9,"arbitrum-one: 0x90a2a4c76b5d8c0bc892a69ea28aa775a8f2dd48, ethereum: 0x90a2a4c76b5d8c0bc892a69ea28aa775a8f2dd48, binance-smart-chain: 0x90a2a4c76b5d8c0bc892a69ea28aa775a8f2dd48, solana: XsoCS1TfEyfFhfvj8EtZ528L3CaKBDBRqRapnBbDF2W","https://www.arbiscan.io/token/0x90a2a4c76b5d8c0bc892a69ea28aa775a8f2dd48, https://solscan.io/token/XsoCS1TfEyfFhfvj8EtZ528L3CaKBDBRqRapnBbDF2W, https://arbiscan.io/token/0x90A2a4c76b5D8c0bc892A69EA28Aa775a8f2dD48, https://bscscan.com/token/0x90a2a4c76b5d8c0bc892a69ea28aa775a8f2dd48, https://binplorer.com/address/0x90a2a4c76b5d8c0bc892a69ea28aa775a8f2dd48, https://etherscan.io/token/0x90a2a4c76b5d8c0bc892a69ea28aa775a8f2dd48, https://ethplorer.io/address/0x90a2a4c76b5d8c0bc892a69ea28aa775a8f2dd48",,no,sí
vaiot,VAIOT,vai,"Artificial Intelligence (AI), Legal, Insurance, DaoMaker Launchpad, Ethereum Ecosystem, AI Applications",0.02006054,7809205,336766,0.04312423607780817,389400000.0,400000000.0,400000000.0,7943,1948,8,ethereum: 0xd13cfd3133239a3c73a9e535a5c4dadee36b395c,"https://etherscan.io/token/0xd13cfd3133239a3c73a9e535a5c4dadee36b395c, https://platform.arkhamintelligence.com/explorer/token/vaiot, https://ethplorer.io/address/0xd13cfd3133239a3c73a9e535a5c4dadee36b395c",,no,no
swarm-markets,Swarm Markets,smt,"Polygon Ecosystem, Arbitrum Ecosystem, Ethereum Ecosystem, Real World Assets (RWA), Base Ecosystem, RWA Protocol",0.088127,7762352,189779,0.024448646492712518,88281689.27298504,152136364.5179599,250000000.0,4050,1954,7,"ethereum: 0xb17548c7b510427baac4e267bea62e800b247173, base: 0x2974dc646e375e83bd1c0342625b49f288987fa4, polygon-pos: 0xe631dabef60c37a37d70d3b4f812871df663226f, arbitrum-one: 0x2680e82fb8beb5a153a67fe687ffa67abb6b9013","https://etherscan.io/token/0xb17548c7b510427baac4e267bea62e800b247173, https://platform.arkhamintelligence.com/explorer/token/swarm-markets, https://ethplorer.io/address/0xb17548c7b510427baac4e267bea62e800b247173, https://polygonscan.com/token/0xe631dabef60c37a37d70d3b4f812871df663226f, https://basescan.org/token/0x2974dc646e375e83bd1c0342625b49f288987fa4, https://arbiscan.io/token/0x2680e82fb8beb5a153a67fe687ffa67abb6b9013",,no,sí
microstrategy-xstock,MicroStrategy xStock,mstrx,"Tokenized Assets, BNB Chain Ecosystem, Solana Ecosystem, Tokenized Stock, Ethereum Ecosystem, Real World Assets (RWA), BackedFi xStocks Ecosystem",310.25,7761046,179422,0.02311827555203255,25088.09875323392,52599.52062269,,3975,1956,10,"arbitrum-one: 0xae2f842ef90c0d5213259ab82639d5bbf649b08e, binance-smart-chain: 0xae2f842ef90c0d5213259ab82639d5bbf649b08e, ethereum: 0xae2f842ef90c0d5213259ab82639d5bbf649b08e, solana: XsP7xzNPvEHS1m6qfanPUGjNmdnmsLKEoNAnHjdxxyZ","https://www.arbiscan.io/token/0xae2f842ef90c0d5213259ab82639d5bbf649b08e, https://arbiscan.io/token/0xae2f842ef90c0d5213259ab82639d5bbf649b08e, https://solscan.io/token/XsP7xzNPvEHS1m6qfanPUGjNmdnmsLKEoNAnHjdxxyZ, https://bscscan.com/token/0xae2f842ef90c0d5213259ab82639d5bbf649b08e, https://binplorer.com/address/0xae2f842ef90c0d5213259ab82639d5bbf649b08e, https://etherscan.io/token/0xae2f842ef90c0d5213259ab82639d5bbf649b08e, https://ethplorer.io/address/0xae2f842ef90c0d5213259ab82639d5bbf649b08e",,no,sí
bitcast,Bitcast,sn93,"Artificial Intelligence (AI), Bittensor Ecosystem, Bittensor Subnets",4.87,7703361,1940766,0.2519375633570853,1580504.059345707,1580504.059345707,21000000.0,0,1959,1,bittensor: 93,https://taostats.io/subnets/93/chart,,no,no
ishares-core-msci-emerging-markets-etf-ondo-tokenized-etf,iShares Core MSCI Emerging Markets ETF (Ondo Tokenized ETF),iemgon,"Tokenized Assets, Ethereum Ecosystem, Real World Assets (RWA), Ondo Tokenized Assets",65.11,7474352,131108,0.01754105238822041,114789.0016349886,114789.0016349886,,0,1986,1,ethereum: 0xcdd60d15125bf3362b6838d2506b0fa33bc1a515,"https://etherscan.io/address/0xcDD60D15125bf3362b6838D2506b0Fa33bc1a515, https://etherscan.io/token/0xcDD60D15125bf3362b6838D2506b0Fa33bc1a515, https://ethplorer.io/address/0xcDD60D15125bf3362b6838D2506b0Fa33bc1a515",,no,no
pareto-staked-usp,Pareto Staked USP,susp,"Decentralized Finance (DeFi), Ethereum Ecosystem, Real World Assets (RWA), RWA Protocol, Yield-Bearing Stablecoin, Synthetic Dollar",1.038,7424654,0.0,0.0,7150916.601695001,7150916.601695001,,6681,1992,0,ethereum: 0x271c616157e69a43b4977412a64183cf110edf16,"https://etherscan.io/token/0x271c616157e69a43b4977412a64183cf110edf16, https://eth.blockscout.com/address/0x271C616157e69A43B4977412A64183Cf110Edf16, https://ethplorer.io/address/0x271C616157e69A43B4977412A64183Cf110Edf16",,no,no
truflation,TRUF.Network,truf,"Infrastructure, Oracle, Arbitrum Ecosystem, Ethereum Ecosystem, Real World Assets (RWA), Base Ecosystem, Coinbase Ventures Portfolio, Governance",0.0187106,7403121,542368,0.07326207419816588,397512228.0,1000000000.0,1000000000.0,1138,1989,13,"ethereum: 0x243c9be13faba09f945ccc565547293337da0ad7, base: 0xb59c8912c83157a955f9d715e556257f432c35d7, arbitrum-one: 0xb59c8912c83157a955f9d715e556257f432c35d7","https://truf.network/explorer, https://arbiscan.io/token/0xb59c8912c83157a955f9d715e556257f432c35d7, https://basescan.org/token/0xb59c8912c83157a955f9d715e556257f432c35d7, https://etherscan.io/token/0x243c9be13fAbA09F945ccc565547293337Da0Ad7, https://ethplorer.io/address/0x243c9be13fAbA09F945ccc565547293337Da0Ad7, https://platform.arkhamintelligence.com/explorer/token/truflation",,no,sí
efficientfrontier,EfficientFrontier,sn53,"Artificial Intelligence (AI), Bittensor Ecosystem, Bittensor Subnets",2.62,7356988,6482.12,0.0008810833998913686,2809622.193486175,2809622.193486175,21000000.0,106,2000,1,bittensor: 53,https://taostats.io/subnets/53/chart,,no,no
liquidity,Liquidity,sn77,"Artificial Intelligence (AI), Bittensor Ecosystem, Bittensor Subnets",3.23,7320711,19685.2,0.0026889737895677075,2269269.699808814,2269269.699808814,21000000.0,0,2005,1,bittensor: 77,https://taostats.io/subnets/77/chart,,no,no
soil,Soil,soil,"Decentralized Finance (DeFi), Polygon Ecosystem, Ethereum Ecosystem, Real World Assets (RWA), Poolz Finance Launchpad, RWA Protocol",0.164075,7305229,50787,0.006952143457788934,44530785.2665296,100000000.0,100000000.0,5487,2008,5,"polygon-pos: 0x43c73b90e0c2a355784dcf0da12f477729b31e77, ethereum: 0x54991328ab43c7d5d31c19d1b9fa048e77b5cd16","https://polygonscan.com/token/0x43c73b90e0c2a355784dcf0da12f477729b31e77, https://platform.arkhamintelligence.com/explorer/token/soil, https://polygonscan.com/token/, https://etherscan.io/token/0x54991328Ab43c7D5d31C19d1B9fa048E77B5cd16, https://ethplorer.io/address/0x54991328Ab43c7D5d31C19d1B9fa048E77B5cd16",,no,sí
sensay,Sensay,snsy,"Artificial Intelligence (AI), Arbitrum Ecosystem, Ethereum Ecosystem, Base Ecosystem, AI Agents",0.00123793,7171662,278045,0.03876995318518915,5782947662.127492,10000000000.0,10000000000.0,16982,2020,6,"ethereum: 0x82a605d6d9114f4ad6d5ee461027477eeed31e34, base: 0x3124678d62d2aa1f615b54525310fbfda6dcf7ae, arbitrum-one: 0x3124678d62d2aa1f615b54525310fbfda6dcf7ae","https://etherscan.io/token/0x82a605d6d9114f4ad6d5ee461027477eeed31e34, https://platform.arkhamintelligence.com/explorer/token/sensay, https://ethplorer.io/address/0x82a605d6d9114f4ad6d5ee461027477eeed31e34, https://bscscan.com/token/0x82a605d6d9114f4ad6d5ee461027477eeed31e34, https://binplorer.com/address/0x82a605d6d9114f4ad6d5ee461027477eeed31e34, https://arbiscan.io/token/0x3124678d62d2aa1f615b54525310fbfda6dcf7ae, https://basescan.org/token/0x3124678d62d2aa1f615b54525310fbfda6dcf7ae",,no,sí
spectral,Spectral,spec,"Artificial Intelligence (AI), Ethereum Ecosystem, Base Ecosystem, AI Agents, Circle Ventures Portfolio, Galaxy Digital Portfolio, AI Agent Launchpad, DeFAI",0.347774,7169756,939993,0.13110529842298677,20614271.9,100000000.0,100000000.0,0,2019,19,"ethereum: 0xadf7c35560035944e805d98ff17d58cde2449389, base: 0x96419929d7949d6a801a6909c145c8eef6a40431","https://etherscan.io/token/0xadf7c35560035944e805d98ff17d58cde2449389, https://platform.arkhamintelligence.com/explorer/token/spectral, https://ethplorer.io/address/0xadf7c35560035944e805d98ff17d58cde2449389, https://basescan.org/token/0x96419929d7949d6a801a6909c145c8eef6a40431",,no,sí
world3,World3,wai,"Artificial Intelligence (AI), Gaming (GameFi), BNB Chain Ecosystem, AI Agent Launchpad, Binance Alpha Spotlight",0.052307,7154173,6329030,0.8846626996579479,136770000.0,1000000000.0,1000000000.0,107915,2023,15,binance-smart-chain: 0x1e3dbc0aad9671fdd31e58b2fcc6cf1ca9947994,"https://bscscan.com/token/0x1e3dbc0aad9671fdd31e58b2fcc6cf1ca9947994, https://binplorer.com/address/0x1e3dbc0aad9671fdd31e58b2fcc6cf1ca9947994",,no,no
masa-finance,Masa,masa,"Artificial Intelligence (AI), BNB Chain Ecosystem, Ethereum Ecosystem",0.01261232,7048632,1487734,0.2110670552810815,558800582.0660924,1574522401.048713,1588866523.0,52,2038,19,"ethereum: 0x944824290cc12f31ae18ef51216a223ba4063092, binance-smart-chain: 0x944824290cc12f31ae18ef51216a223ba4063092","https://subnets.avax.network/masa, https://platform.arkhamintelligence.com/explorer/token/masa-finance, https://etherscan.io/token/0x944824290cc12f31ae18ef51216a223ba4063092, https://ethplorer.io/address/0x944824290cc12f31ae18ef51216a223ba4063092, https://bscscan.com/token/0x944824290cc12f31ae18ef51216a223ba4063092, https://binplorer.com/address/0x944824290cc12f31ae18ef51216a223ba4063092",,no,sí
nvidia-xstock,NVIDIA xStock,nvdax,"Tokenized Assets, BNB Chain Ecosystem, Solana Ecosystem, Tokenized Stock, Ethereum Ecosystem, Real World Assets (RWA), BackedFi xStocks Ecosystem",177.86,7016398,4312718,0.6146626801957358,39445.46368628827,70453.61575344,,3975,2044,23,"arbitrum-one: 0xc845b2894dbddd03858fd2d643b4ef725fe0849d, ethereum: 0xc845b2894dbddd03858fd2d643b4ef725fe0849d, binance-smart-chain: 0xc845b2894dbddd03858fd2d643b4ef725fe0849d, solana: Xsc9qvGR1efVDFGLrVsmkzv3qi45LTBjeUKSPmx9qEh","https://www.arbiscan.io/token/0xc845b2894dbddd03858fd2d643b4ef725fe0849d, https://arbiscan.io/token/0xc845b2894dbddd03858fd2d643b4ef725fe0849d, https://solscan.io/token/Xsc9qvGR1efVDFGLrVsmkzv3qi45LTBjeUKSPmx9qEh, https://bscscan.com/token/0xc845b2894dbddd03858fd2d643b4ef725fe0849d, https://binplorer.com/address/0xc845b2894dbddd03858fd2d643b4ef725fe0849d, https://etherscan.io/token/0xc845b2894dbddd03858fd2d643b4ef725fe0849d, https://ethplorer.io/address/0xc845b2894dbddd03858fd2d643b4ef725fe0849d",,no,sí
waveform-by-virtuals,Waveform by Virtuals,wave,"Artificial Intelligence (AI), Virtuals Protocol Ecosystem, AI Agent Launchpad",0.00701159,7011102,133514,0.01904322601496883,1000000000.0,1000000000.0,1000000000.0,0,2040,2,base: 0x64712fbdf19ae8b5b3b6d0478750e3d5e1a17718,https://basescan.org/token/0x64712fbdf19ae8b5b3b6d0478750e3d5e1a17718,,no,no
ovr,Ovr,ovr,"Artificial Intelligence (AI), Augmented Reality, BNB Chain Ecosystem, Polygon Ecosystem, Ethereum Ecosystem, DePIN, Base Ecosystem, Robotics",0.138245,7084652,434133,0.06127795691305656,51265344.0,87793866.0,89893756.0,9150,2045,16,"ethereum: 0x21bfbda47a0b4b5b1248c767ee49f7caa9b23697, base: 0x27e3bc3a66e24cad043ac3d93a12a8070e3897ba, binance-smart-chain: 0x7e35d0e9180bf3a1fc47b0d110be7a21a10b41fe, polygon-pos: 0x1631244689ec1fecbdd22fb5916e920dfc9b8d30","https://etherscan.io/token/0x21bfbda47a0b4b5b1248c767ee49f7caa9b23697, https://platform.arkhamintelligence.com/explorer/token/ovr, https://ethplorer.io/address/0x21bfbda47a0b4b5b1248c767ee49f7caa9b23697, https://bscscan.com/token/0x7e35d0e9180bf3a1fc47b0d110be7a21a10b41fe, https://polygonscan.com/token/0x1631244689ec1fecbdd22fb5916e920dfc9b8d30, https://binplorer.com/address/0x7e35d0e9180bf3a1fc47b0d110be7a21a10b41fe, https://basescan.org/token/0x27E3Bc3a66E24CaD043aC3d93A12A8070E3897ba",,no,sí
alpha-trader-exchange-atx,Alpha Trader Exchange (ATX),sn63,"Artificial Intelligence (AI), Bittensor Ecosystem, Bittensor Subnets",2.69,6980728,43421,0.006220124892418097,2594962.943716597,2594962.943716597,21000000.0,0,2049,1,bittensor: 63,https://taostats.io/subnets/63/chart,,no,no
clore-ai,Clore.ai,clore,"Artificial Intelligence (AI), DePIN",0.01167684,6886892,1471107,0.21360970957581446,589798820.1692678,593292300.1692678,1300000000.0,6391,2057,8,,"https://exploreblockchain.clore.ai/, https://blockbook.clore.ai/",,no,no
dojo-3,Dojo,sn52,"Artificial Intelligence (AI), Bittensor Ecosystem, Bittensor Subnets",2.66,6853542,6580.69,0.0009601881771498591,2577217.886374776,2577217.886374776,21000000.0,0,2062,1,bittensor: 52,https://taostats.io/subnets/52/chart,,no,no
think-protocol,THINK Protocol,think,"Artificial Intelligence (AI), Ethereum Ecosystem, AI Agents, AI Applications",0.00950334,6713673,965128,0.14375558654703618,706648750.0,1000000000.0,1000000000.0,0,2076,8,ethereum: 0xf9ff95468cb9a0cd57b8542bbc4c148e290ff465,"https://etherscan.io/token/0xf9ff95468cb9a0cd57b8542bbc4c148e290ff465, https://ethplorer.io/address/0xF9ff95468cb9A0cD57b8542bbc4c148e290Ff465",,no,no
pundi-aifx,Pundi AI,pundiai,"Artificial Intelligence (AI), Smart Contract Platform, BNB Chain Ecosystem, Layer 1 (L1), Ethereum Ecosystem, Proof of Stake (PoS)",0.747153,6561492,69457,0.010585549749965404,8781986.966991842,8781986.966991842,18930226.25,3748,2090,6,"ethereum: 0x075f23b9cdfce2cc0ca466f4ee6cb4bd29d83bef, binance-smart-chain: 0x7a986ba67227acfab86385ff33436a80e2bb4cc5","https://bscscan.com/token/0x7a986ba67227acfab86385ff33436a80e2bb4cc5, https://etherscan.io/token/0x075f23b9cdfce2cc0ca466f4ee6cb4bd29d83bef, https://ethplorer.io/address/0x075f23b9cdfce2cc0ca466f4ee6cb4bd29d83bef, https://binplorer.com/address/0x7a986ba67227acfab86385ff33436a80e2bb4cc5",,no,sí
patrol-tao-com,grail,sn81,"Artificial Intelligence (AI), Bittensor Ecosystem, Bittensor Subnets",3.35,6510441,302426,0.046452459979285585,1942428.596237518,1942428.596237518,21000000.0,0,2097,1,bittensor: 81,https://taostats.io/subnets/81/chart,,no,no
arianee,Arianee,aria20,"Tokenized Assets, Polygon Ecosystem, Ethereum Ecosystem, Real World Assets (RWA)",0.060329,6488911,1041.73,0.00016054003514611313,107521812.73626919,200000000.0,,487,2098,3,"ethereum: 0xedf6568618a00c6f0908bf7758a16f76b6e04af9, polygon-pos: 0x46f48fbdedaa6f5500993bede9539ef85f4bee8e","https://etherscan.io/token/0xedf6568618a00c6f0908bf7758a16f76b6e04af9, https://platform.arkhamintelligence.com/explorer/token/arianee, https://ethplorer.io/address/0xedf6568618a00c6f0908bf7758a16f76b6e04af9, https://polygonscan.com/token/0x46f48fbdedaa6f5500993bede9539ef85f4bee8e",,no,sí
allianceblock-nexera,Nexera,nxra,"BNB Chain Ecosystem, Avalanche Ecosystem, Polygon Ecosystem, Ethereum Ecosystem, Real World Assets (RWA)",0.00595132,6226870,57580,0.009247021376710933,1047493002.0,2000000000.0,2000000000.0,17401,2128,6,"ethereum: 0x644192291cc835a93d6330b24ea5f5fedd0eef9e, binance-smart-chain: 0x644192291cc835a93d6330b24ea5f5fedd0eef9e, avalanche: 0x644192291cc835a93d6330b24ea5f5fedd0eef9e, polygon-pos: 0x644192291cc835a93d6330b24ea5f5fedd0eef9e","https://etherscan.io/token/0x644192291cc835a93d6330b24ea5f5fedd0eef9e, https://platform.arkhamintelligence.com/explorer/token/allianceblock-nexera, https://ethplorer.io/address/0x644192291cc835a93d6330b24ea5f5fedd0eef9e, https://bscscan.com/token/0x644192291cc835a93d6330b24ea5f5fedd0eef9e, https://snowtrace.io/token/0x644192291cc835a93d6330b24ea5f5fedd0eef9e, https://avascan.info/blockchain/c/address/0x644192291cc835a93d6330b24ea5f5fedd0eef9e/token, https://polygonscan.com/token/0x644192291cc835a93d6330b24ea5f5fedd0eef9e, https://binplorer.com/address/0x644192291cc835a93d6330b24ea5f5fedd0eef9e, https://snowtrace.io/token/0x644192291cc835a93d6330b24ea5f5fedd0eef9e?type=erc20&chainid=43114",,no,sí
xeleb-protocol,Xeleb Protocol,xcx,"Artificial Intelligence (AI), Entertainment, BNB Chain Ecosystem, AI Agent Launchpad, Binance Alpha Spotlight",0.05627,6154702,5251945,0.8533223866890712,108300000.0,1000000000.0,1000000000.0,15765,2136,12,binance-smart-chain: 0xe32f9e8f7f7222fcd83ee0fc68baf12118448eaf,"https://bscscan.com/token/0xe32f9e8f7f7222fcd83ee0fc68baf12118448eaf, https://binplorer.com/address/0xe32f9e8f7f7222fcd83ee0fc68baf12118448eaf",,no,no
defactor,Defactor,real,"Tokenized Real Estate, Decentralized Finance (DeFi), Polygon Ecosystem, Ethereum Ecosystem, Real World Assets (RWA)",0.02056672,6145726,13516.74,0.002199372376835544,299003725.6229357,300000000.0,300000000.0,5565,2139,2,"base: 0x0b0e6e32e4d69cb418630163574959108edcb80e, polygon-pos: 0xe0bceef36f3a6efdd5eebfacd591423f8549b9d5","https://basescan.org/token/0x0b0E6E32E4d69cB418630163574959108EdCB80E, https://polygonscan.com/token/0xe0bceef36f3a6efdd5eebfacd591423f8549b9d5, https://binplorer.com/address/0xdefac16715671b7b6aeefe012125f1e19ee4b7d7",,no,sí
palm-economy,Palm Economy,palm,"BNB Chain Ecosystem, Cardano Ecosystem, Real World Assets (RWA), Tokenized Commodities",0.0007413,6133507,3674.52,0.0005990895583880478,8269915918.233336,50000000000.0,50000000000.0,156,2142,4,"cardano: b7c5cd554f3e83c8aa0900a0c9053284a5348244d23d0406c28eaf4d50414c4d0a, binance-smart-chain: 0x502a641decfe32b1e3d030e05effb8ae5146e64b","https://cardanoscan.io/token/b7c5cd554f3e83c8aa0900a0c9053284a5348244d23d0406c28eaf4d50414c4d0a, https://bscscan.com/token/0x502a641decfe32b1e3d030e05effb8ae5146e64b, https://binplorer.com/address/0x502a641decfe32b1e3d030e05effb8ae5146e64b",,no,sí
presearch,Presearch,pre,"Artificial Intelligence (AI), Ethereum Ecosystem, Base Ecosystem",0.00700224,6120132,14919.46,0.0024377676821349605,873783214.1216041,1000000000.0,1000000000.0,8589,2144,4,"ethereum: 0xec213f83defb583af3a000b1c0ada660b1902a0f, base: 0x3816dd4bd44c8830c2fa020a5605bac72fa3de7a","https://etherscan.io/token/0xec213f83defb583af3a000b1c0ada660b1902a0f, https://platform.arkhamintelligence.com/explorer/token/presearch, https://ethplorer.io/address/0xec213f83defb583af3a000b1c0ada660b1902a0f, https://basescan.org/token/0x3816dd4bd44c8830c2fa020a5605bac72fa3de7a",,no,sí
nest-institutional-vault,Nest Institutional Vault,ninsto,"Tokenized Assets, Tokenized Stock, Ethereum Ecosystem, Real World Assets (RWA), Plume Network Ecosystem",1.025,6086031,0.0,0.0,5939214.071942,5939237.129484,,67524,2150,0,"ethereum: 0xbfc5770631641719cd1cf809d8325b146aed19de, plume-network: 0xbfc5770631641719cd1cf809d8325b146aed19de","https://explorer.plume.org/token/0xbfC5770631641719cd1Cf809D8325B146aED19De, https://etherscan.io/token/0xbfC5770631641719cd1Cf809D8325B146aED19De, https://phoenix-explorer.plumenetwork.xyz/token/0xbfC5770631641719cd1Cf809D8325B146aED19De, https://ethplorer.io/address/0xbfc5770631641719cd1cf809d8325b146aed19de, https://explorer.plume.org/token/0xbfc5770631641719cd1cf809d8325b146aed19de",,no,sí
nest-alpha-vault,Nest Alpha Vault,nalpha,"Tokenized Assets, Tokenized Stock, Ethereum Ecosystem, Real World Assets (RWA), Plume Network Ecosystem",1.024,6071910,81640,0.013445522084484124,5927862.918024,5927893.070615,,67524,2156,2,"ethereum: 0x593ccca4c4bf58b7526a4c164ceef4003c6388db, plume-network: 0x593ccca4c4bf58b7526a4c164ceef4003c6388db","https://explorer.plume.org/token/0x593cCcA4c4bf58b7526a4C164cEEf4003C6388db, https://etherscan.io/token/0x593cCcA4c4bf58b7526a4C164cEEf4003C6388db, https://phoenix-explorer.plumenetwork.xyz/token/0x593cCcA4c4bf58b7526a4C164cEEf4003C6388db, https://ethplorer.io/address/0x593ccca4c4bf58b7526a4c164ceef4003c6388db, https://explorer.plume.org/token/0x593ccca4c4bf58b7526a4c164ceef4003c6388db",,no,sí
hathor,Hathor,htr,"Infrastructure, Smart Contract Platform, Layer 1 (L1), Real World Assets (RWA), Proof of Work (PoW), Directed Acyclic Graph (DAG)",0.0121577,6065895,104748,0.017268350342364975,498934050.97,869464480.0,,6233,2160,7,,https://explorer.hathor.network/,,no,no
atlas-navi,Atlas Navi,navi,"Artificial Intelligence (AI), NFT, DaoMaker Launchpad, Ethereum Ecosystem",0.03666238,5929198,180250,0.030400401538285618,161706684.0,300000000.0,300000000.0,8963,2176,4,ethereum: 0xfc1c93a2507975e98b9d0e9260ded61a00152bf1,"https://etherscan.io/token/0xfc1c93a2507975e98b9d0e9260ded61a00152bf1, https://platform.arkhamintelligence.com/explorer/token/atlas-navi, https://ethplorer.io/address/0xfc1c93a2507975e98b9d0e9260ded61a00152bf1",,no,no
frok-ai,FROK,frok,"Artificial Intelligence (AI), Base Ecosystem",0.02934365,5895771,3.82,6.47922044462039e-07,200921544.0,420690000.0,420690000.0,220,2181,3,base: 0x42069babe14fb1802c5cb0f50bb9d2ad6fef55e2,"https://basescan.org/token/0x42069babe14fb1802c5cb0f50bb9d2ad6fef55e2, https://platform.arkhamintelligence.com/explorer/token/frok-ai",,no,no
sturdy-subnet,Sturdy,sn10,"Artificial Intelligence (AI), Bittensor Ecosystem, Bittensor Subnets",2.11,5865167,38528,0.006568951915606154,2781953.736255805,2781953.736255805,21000000.0,0,2188,1,bittensor: 10,https://taostats.io/subnets/10/chart,,no,no
swarmnode-ai,SwarmNode.ai,snai,"Artificial Intelligence (AI), Infrastructure, Solana Ecosystem, Pump.fun Ecosystem, AI Agent Launchpad, Binance Alpha Spotlight, AI Framework, DeFAI",0.00583255,5841160,1322252,0.2263680501818132,999951857.074602,999951857.074602,1000000000.0,0,2191,13,solana: Hjw6bEcHtbHGpQr8onG3izfJY5DJiWdt7uk2BfdSpump,https://solscan.io/token/Hjw6bEcHtbHGpQr8onG3izfJY5DJiWdt7uk2BfdSpump,,no,no
dextf,Memento,dextf,"Decentralized Finance (DeFi), Asset Manager, Avalanche Ecosystem, Ethereum Ecosystem, ZkSync Ecosystem, Real World Assets (RWA)",0.088503,5824908,24445,0.004196632805187653,65807235.4955907,100000000.0,100000000.0,16,2193,4,"ethereum: 0x5f64ab1544d28732f0a24f4713c2c8ec0da089f0, zksync: 0x9929bcac4417a21d7e6fc86f6dae1cc7f27a2e41, avalanche: 0x03e8d118a1864c7dc53bf91e007ab7d91f5a06fa","https://etherscan.io/token/0x5f64ab1544d28732f0a24f4713c2c8ec0da089f0, https://platform.arkhamintelligence.com/explorer/token/dextf, https://ethplorer.io/address/0x5f64ab1544d28732f0a24f4713c2c8ec0da089f0, https://snowtrace.io/token/0x03e8d118a1864c7dc53bf91e007ab7d91f5a06fa, https://avascan.info/blockchain/c/address/0x03e8d118a1864c7dc53bf91e007ab7d91f5a06fa/token, https://era.zksync.network/token/0x9929bcac4417a21d7e6fc86f6dae1cc7f27a2e41, https://explorer.zksync.io/address/0x9929bcac4417a21d7e6fc86f6dae1cc7f27a2e41, https://zksync-era.l2scan.co/token/0x9929bcac4417a21d7e6fc86f6dae1cc7f27a2e41, https://snowtrace.io/token/0x03e8d118a1864c7dc53bf91e007ab7d91f5a06fa?type=erc20&chainid=43114",,no,sí
mode,Mode,mode,"Artificial Intelligence (AI), Infrastructure, Smart Contract Platform, Layer 2 (L2), Mode Ecosystem, Optimism Superchain Ecosystem, DeFAI",0.00120381,5647794,1250526,0.22141848658077826,4691666666.0,10000000000.0,10000000000.0,17128,2212,18,"mode: 0xdfc7c877a950e49d2610114102175a06c2e3167a, base: 0x084382d1cc4f4dfd1769b1cc1ac2a9b1f8365e90","https://explorer.mode.network/, https://modescan.io/token/0xdfc7c877a950e49d2610114102175a06c2e3167a, https://basescan.org/token/0x084382d1cc4f4dfd1769b1cc1ac2a9b1f8365e90, https://explorer.mode.network/token/0xdfc7c877a950e49d2610114102175a06c2e3167a",,no,sí
compute-horde,Compute Horde,sn12,"Artificial Intelligence (AI), Bittensor Ecosystem, Bittensor Subnets",1.98,5566964,78281,0.014061704009582243,2806679.484519641,2806679.484519641,21000000.0,0,2218,1,bittensor: 12,https://taostats.io/subnets/12/chart,,no,no
circle-xstock,Circle xStock,crclx,"Tokenized Assets, BNB Chain Ecosystem, Solana Ecosystem, Arbitrum Ecosystem, Tokenized Stock, Ethereum Ecosystem, Real World Assets (RWA), BackedFi xStocks Ecosystem",126.41,5532783,5732911,1.0361713083632595,43761.11798998377,76998.4903538,,3974,2223,18,"solana: XsueG8BtpquVJX9LVLLEGuViXUungE6WmK5YZ3p3bd1, ethereum: 0xfebded1b0986a8ee107f5ab1a1c5a813491deceb, binance-smart-chain: 0xfebded1b0986a8ee107f5ab1a1c5a813491deceb, arbitrum-one: 0xfebded1b0986a8ee107f5ab1a1c5a813491deceb","https://solscan.io/token/XsueG8BtpquVJX9LVLLEGuViXUungE6WmK5YZ3p3bd1, https://www.arbiscan.io/token/0xfebded1b0986a8ee107f5ab1a1c5a813491deceb, https://arbiscan.io/token/0xfebded1b0986a8ee107f5ab1a1c5a813491deceb, https://bscscan.com/token/0xfebded1b0986a8ee107f5ab1a1c5a813491deceb, https://binplorer.com/address/0xfebded1b0986a8ee107f5ab1a1c5a813491deceb, https://etherscan.io/token/0xfebded1b0986a8ee107f5ab1a1c5a813491deceb, https://ethplorer.io/address/0xfebded1b0986a8ee107f5ab1a1c5a813491deceb",,no,sí
jojoworld,JojoWorld,jojo,"Artificial Intelligence (AI), BNB Chain Ecosystem, Binance Alpha Spotlight, Robotics",0.04926386,5511267,1486285,0.2696811822036566,112000000.0,800000000.0,800000000.0,29427,2229,5,binance-smart-chain: 0x953783617a71a888f8b04f397f2c9e1a7c37af7e,"https://bscscan.com/token/0x953783617a71A888F8b04f397F2c9e1a7c37Af7e, https://binplorer.com/address/0x953783617a71A888F8b04f397F2c9e1a7c37Af7e",,no,no
welf,WELF,welf,"Decentralized Finance (DeFi), Ethereum Ecosystem, Real World Assets (RWA)",0.500846,5445512,109312,0.020073778186513958,10872630.640979335,49999000.0,50000000.0,1090,2239,2,ethereum: 0x2a92525fda8d3ab481f8e2a913b64b64bd1c9fdd,"https://etherscan.io/token/0x2a92525fDA8D3AB481f8E2a913B64B64bD1c9fdD, https://ethplorer.io/address/0x2a92525fDA8D3AB481f8E2a913B64B64bD1c9fdD",,no,no
aion-5100,AION 5100,aion,"Artificial Intelligence (AI), Base Ecosystem, AI Agents, Bittensor Ecosystem, CreatorBid Ecosystem",0.255236,5359952,137983,0.025743327552187036,21000000.0,21000000.0,21000000.0,0,2251,3,base: 0xfc48314ad4ad5bd36a84e8307b86a68a01d95d9c,https://basescan.org/token/0xfc48314ad4ad5bd36a84e8307b86a68a01d95d9c,,no,no
ishares-msci-emerging-markets-etf-ondo-tokenized-etf,iShares MSCI Emerging Markets ETF (Ondo Tokenized ETF),eemon,"Tokenized Assets, Ethereum Ecosystem, Real World Assets (RWA), Ondo Tokenized Assets",52.54,5337256,94525,0.017710411492347377,101585.9746979907,101585.9746979907,,0,2266,1,ethereum: 0x77a1a02e4a888ada8620b93c30de8a41e621126c,"https://etherscan.io/address/0x77A1a02e4a888ADA8620b93C30dE8a41E621126c, https://etherscan.io/token/0x77A1a02e4a888ADA8620b93C30dE8a41E621126c, https://ethplorer.io/address/0x77A1a02e4a888ADA8620b93C30dE8a41E621126c",,no,no
cere-network,Cere Network,cere,"Artificial Intelligence (AI), Storage, SocialFi, Gaming (GameFi), DaoMaker Launchpad, Ethereum Ecosystem, DePIN, Base Ecosystem, YZi Labs (Prev. Binance Labs) Portfolio, OKX Ventures Portfolio, Made in USA",0.00080033,5312678,132704,0.02497873953588002,6637897251.424108,10000000000.0,,2786,2270,8,"ethereum: 0x2da719db753dfa10a62e140f436e1d67f2ddb0d6, base: 0x9886447ff4c350f4600e4bf95db756bdc629b1ca","https://etherscan.io/token/0x2da719db753dfa10a62e140f436e1d67f2ddb0d6, https://platform.arkhamintelligence.com/explorer/token/cere-network, https://ethplorer.io/address/0x2da719db753dfa10a62e140f436e1d67f2ddb0d6, https://basescan.org/token/0x9886447ff4c350f4600e4bf95db756bdc629b1ca",,no,sí
vidaio,Vidaio,sn85,"Artificial Intelligence (AI), Bittensor Ecosystem, Bittensor Subnets",2.74,5297623,1681328,0.31737403737487546,1937103.952959866,1937103.952959866,21000000.0,0,2273,1,bittensor: 85,https://taostats.io/subnets/85/chart,,no,no
simmi-token,Simmi Token,simmi,"Artificial Intelligence (AI), Solana Ecosystem, Meme, Base Ecosystem, AI Agents, Base Meme, AI Agent Launchpad",5.066e-05,5064587,696592,0.13754171860410336,99999999999.99998,99999999999.99998,100000000000.0,444,2304,7,"base: 0x161e113b8e9bbaefb846f73f31624f6f9607bd44, solana: 6Nf3nFbyQ1p1CVQYtEZXfeM89XyvkFPyF2JosxdriH7S","https://basescan.org/token/0x161e113B8E9BBAEfb846F73F31624F6f9607bd44, https://solscan.io/token/6Nf3nFbyQ1p1CVQYtEZXfeM89XyvkFPyF2JosxdriH7S",,no,sí
artyfact,Artyfact,arty,"Artificial Intelligence (AI), Gaming (GameFi), NFT, BNB Chain Ecosystem, Metaverse, Shooting Games, Gaming Governance Token, Action Games",0.221526,5061890,2129996,0.42079065329353266,22855704.63418,24858616.9996,25000000.0,179629,2308,12,binance-smart-chain: 0x617cab4aaae1f8dfb3ee138698330776a1e1b324,"https://bscscan.com/token/0x617cab4aaae1f8dfb3ee138698330776a1e1b324, https://platform.arkhamintelligence.com/explorer/token/artyfact, https://binplorer.com/address/0x617cab4aaae1f8dfb3ee138698330776a1e1b324",,no,no
graphlinq-protocol,GraphLinq Chain,glq,"Artificial Intelligence (AI), Business Services, Infrastructure, Smart Contract Platform, Analytics, Layer 1 (L1), Ethereum Ecosystem, DWF Labs Portfolio, AI Agents, DeFAI",0.01479776,5030965,164798,0.03275673752451071,340000000.0,499999961.366287,499999961.366287,5767,2310,6,ethereum: 0x9f9c8ec3534c3ce16f928381372bfbfbfb9f4d24,"https://etherscan.io/token/0x9f9c8ec3534c3ce16f928381372bfbfbfb9f4d24, https://platform.arkhamintelligence.com/explorer/token/graphlinq-protocol, https://ethplorer.io/address/0x9f9c8ec3534c3ce16f928381372bfbfbfb9f4d24, https://explorer.graphlinq.io/",,no,no
cryptoautos,CryptoAutos,autos,"Ethereum Ecosystem, Real World Assets (RWA)",0.00677237,5015215,299557,0.0597296426972722,740540782.0,1000000000.0,1000000000.0,32374,2312,4,ethereum: 0xf477ac7719e2e659001455cdda0cc8f3ad10b604,"https://etherscan.io/token/0xf477ac7719e2e659001455cdda0cc8f3ad10b604, https://ethplorer.io/address/0xf477AC7719e2e659001455cDDA0cc8f3aD10b604",,no,no
lush-ai,LushAI,lush,"Artificial Intelligence (AI), Ethereum Ecosystem, Base Ecosystem, AI Applications",0.00083089,5010757,2979.92,0.0005947045526254816,6040293728.802808,19660584819.01,20000000000.0,1023,2314,3,"ethereum: 0xec9333e7dadeebf82d290d6cb12e66cc30ce46b0, base: 0x5319419caf59a446f2f129a5876a5e6b490d6610","https://etherscan.io/token/0xec9333e7dadeebf82d290d6cb12e66cc30ce46b0, https://platform.arkhamintelligence.com/explorer/token/lush-ai, https://ethplorer.io/address/0xec9333e7dadeebf82d290d6cb12e66cc30ce46b0, https://basescan.org/token/0x5319419caf59a446f2f129a5876a5e6b490d6610",,no,sí
send-2,Sendcoin,send,"Artificial Intelligence (AI), Solana Ecosystem, AI Framework",0.00493666,4936344,179189,0.03629994181928974,999999941.24,999999941.24,,2507,2328,5,solana: SENDdRQtYMWaQrBroBrJ2Q53fgVuq95CV9UPGEvpCxa,"https://explorer.solana.com/address/senddrqtymwaqrbrobrj2q53fgvuq95cv9upgevpcxa, https://platform.arkhamintelligence.com/explorer/token/send-2, https://solscan.io/token/senddrqtymwaqrbrobrj2q53fgvuq95cv9upgevpcxa, https://solana.fm/address/senddrqtymwaqrbrobrj2q53fgvuq95cv9upgevpcxa?cluster=mainnet-alpha",,no,no
cod3x,Cod3x,cdx,"Artificial Intelligence (AI), Solana Ecosystem, Base Ecosystem, AI Agent Launchpad, AI Framework, DeFAI",0.099883,4931192,5482.23,0.0011117453954338017,49371710.38698122,49371710.38698122,100000000.0,796,2329,3,"base: 0xc0d3700000c0e32716863323bfd936b54a1633d1, solana: APXsvXT37zZocsMtdzfgGrAFzYJJuwGYQCUzuHxwaW4i","https://basescan.org/address/0xc0d3700000c0e32716863323bfd936b54a1633d1, https://solscan.io/token/APXsvXT37zZocsMtdzfgGrAFzYJJuwGYQCUzuHxwaW4i, https://basescan.org/token/0xC0D3700000c0e32716863323bFd936b54a1633d1",,no,sí
ishares-silver-trust-ondo-tokenized-stock,iShares Silver Trust (Ondo Tokenized Stock),slvon,"Tokenized Assets, Ethereum Ecosystem, Real World Assets (RWA), Ondo Tokenized Assets",41.86,4800758,74893,0.015600244794676175,114674.8851619983,114674.8851619983,,0,2349,1,ethereum: 0xf3e4872e6a4cf365888d93b6146a2baa7348f1a4,"https://etherscan.io/address/0xF3e4872e6a4cF365888D93b6146a2bAA7348F1A4, https://etherscan.io/token/0xF3e4872e6a4cF365888D93b6146a2bAA7348F1A4, https://ethplorer.io/address/0xF3e4872e6a4cF365888D93b6146a2bAA7348F1A4",,no,no
open-ticketing-ecosystem,OPEN Ticketing Ecosystem,opn,"Solana Ecosystem, Polygon Ecosystem, Ethereum Ecosystem, Real World Assets (RWA), Base Ecosystem, RWA Protocol",0.00020918,4798429,23726,0.004944534971758465,22926928000.0,22926928000.0,22926928000.0,571,2350,4,"ethereum: 0xc28eb2250d1ae32c7e74cfb6d6b86afc9beb6509, solana: J1YnyKzmxBwFkPftvZexnHTm4Am7JnmWydhxtXdwEmMv, base: 0x9a6d24c02ec35ad970287ee8296d4d6552a31dbe, polygon-pos: 0x7844f79fc841e4f92d974c417031c76f8578c2d5","https://etherscan.io/token/0xc28eb2250d1ae32c7e74cfb6d6b86afc9beb6509, https://platform.arkhamintelligence.com/explorer/token/open-ticketing-ecosystem, https://ethplorer.io/address/0xc28eb2250d1ae32c7e74cfb6d6b86afc9beb6509, https://solscan.io/token/j1ynykzmxbwfkpftvzexnhtm4am7jnmwydhxtxdwemmv, https://polygonscan.com/token/0x7844f79fc841e4f92d974c417031c76f8578c2d5, https://basescan.org/token/0x9a6d24c02ec35ad970287ee8296d4d6552a31dbe",,no,sí
open-ticketing-ecosystem,OPEN Ticketing Ecosystem,opn,"Solana Ecosystem, Polygon Ecosystem, Ethereum Ecosystem, Real World Assets (RWA), Base Ecosystem, RWA Protocol",0.00020918,4798429,23726,0.004944534971758465,22926928000.0,22926928000.0,22926928000.0,571,2350,4,"ethereum: 0xc28eb2250d1ae32c7e74cfb6d6b86afc9beb6509, solana: J1YnyKzmxBwFkPftvZexnHTm4Am7JnmWydhxtXdwEmMv, base: 0x9a6d24c02ec35ad970287ee8296d4d6552a31dbe, polygon-pos: 0x7844f79fc841e4f92d974c417031c76f8578c2d5","https://etherscan.io/token/0xc28eb2250d1ae32c7e74cfb6d6b86afc9beb6509, https://platform.arkhamintelligence.com/explorer/token/open-ticketing-ecosystem, https://ethplorer.io/address/0xc28eb2250d1ae32c7e74cfb6d6b86afc9beb6509, https://solscan.io/token/j1ynykzmxbwfkpftvzexnhtm4am7jnmwydhxtxdwemmv, https://polygonscan.com/token/0x7844f79fc841e4f92d974c417031c76f8578c2d5, https://basescan.org/token/0x9a6d24c02ec35ad970287ee8296d4d6552a31dbe",,no,sí
1000x-by-virtuals,1000x by Virtuals,1000x,"Artificial Intelligence (AI), Base Ecosystem, AI Agents, Virtuals Protocol Ecosystem",0.0048091,4772407,16516.55,0.0034608427152168705,992369486.5234118,992369486.5234118,1000000000.0,0,2353,2,base: 0x352b850b733ab8bab50aed1dab5d22e3186ce984,https://basescan.org/token/0x352b850b733ab8bab50aed1dab5d22e3186ce984,,no,no
linqai,LinqAI,lnq,"Artificial Intelligence (AI), Ethereum Ecosystem",0.01625947,4720128,416099,0.08815417717485627,290300078.7232814,886694003.3366884,1000000000.0,4747,2360,6,ethereum: 0xd4f4d0a10bcae123bb6655e8fe93a30d01eebd04,"https://etherscan.io/token/0xd4f4d0a10bcae123bb6655e8fe93a30d01eebd04, https://platform.arkhamintelligence.com/explorer/token/linqai, https://ethplorer.io/address/0xd4f4d0a10bcae123bb6655e8fe93a30d01eebd04",,no,no
max-2,MAX,max,"Artificial Intelligence (AI), Solana Ecosystem, Meme, Solana Meme, AI Agents, Oraichain Ecosystem, Pump.fun Ecosystem, AI Agent Launchpad, Binance Alpha Spotlight",0.00471535,4713769,412646,0.08754056467340678,999673559.420696,999673559.420696,1000000000.0,8224,2363,9,"solana: oraim8c9d1nkfuQk9EzGYEUGxqL3MHQYndRw1huVo5h, oraichain: factory/orai1wuvhex9xqs3r539mvc6mtm7n20fcj3qr2m0y9khx6n5vtlngfzes3k0rq9/oraim8c9d1nkfuQk9EzGYEUGxqL3MHQYndRw1huVo5h","https://solscan.io/token/oraim8c9d1nkfuQk9EzGYEUGxqL3MHQYndRw1huVo5h, https://scan.orai.io/smart-contract/factory/orai1wuvhex9xqs3r539mvc6mtm7n20fcj3qr2m0y9khx6n5vtlngfzes3k0rq9/oraim8c9d1nkfuQk9EzGYEUGxqL3MHQYndRw1huVo5h",,no,sí
haio,HAiO,haio,"Artificial Intelligence (AI), Music, Solana Ecosystem, AI Agents, AI Agent Launchpad",0.01845662,4692699,136063,0.02899461482613737,253985694.2111725,999988188.038333,1000000000.0,23625,2372,4,solana: haioZJAWTMaR4SFhZRwFBBejnGDPiwLTqrDiKpwH31h,https://solscan.io/token/haioZJAWTMaR4SFhZRwFBBejnGDPiwLTqrDiKpwH31h,,no,no
degenerate-squid,Degenerate SQuiD,sqdgn,"Artificial Intelligence (AI), Base Ecosystem, AI Agents, Virtuals Protocol Ecosystem",0.00466769,4667693,207240,0.04439880686240505,1000000000.0,1000000000.0,1000000000.0,1009,2373,3,base: 0x4674f73545f1db4036250ff8c33a39ad1678d864,https://basescan.org/token/0x4674F73545F1db4036250ff8C33A39ad1678D864,,no,no
blocksquare,Blocksquare,bst,"Tokenized Real Estate, Ethereum Ecosystem, Real World Assets (RWA)",0.073443,4606505,105354,0.022870701323454548,62972538.30427172,62972538.30427172,100000000.0,7710,2375,5,ethereum: 0x509a38b7a1cc0dcd83aa9d06214663d9ec7c7f4a,"https://etherscan.io/token/0x509a38b7a1cc0dcd83aa9d06214663d9ec7c7f4a, https://platform.arkhamintelligence.com/explorer/token/blocksquare, https://ethplorer.io/address/0x509a38b7a1cc0dcd83aa9d06214663d9ec7c7f4a",,no,no
mantis-2,Mantis,sn123,"Artificial Intelligence (AI), Bittensor Ecosystem, Bittensor Subnets",3.74,4584501,510737,0.11140514529280286,1225695.561245148,1225695.561245148,21000000.0,0,2382,1,bittensor: 123,"https://taostats.io/subnets/123/chart, https://taostats.io/subnets/52/chart",,no,no
nuklai,Nuklai,nai,"Artificial Intelligence (AI), Smart Contract Platform, Layer 1 (L1), Avalanche Ecosystem",0.00105685,4550957,39620,0.00870586120677475,4306155820.0,10000000000.0,10000000000.0,15099,2388,4,"avalanche: 0x5ac34c53a04b9aaa0bf047e7291fb4e8a48f2a18, ethereum: 0x5ac34c53a04b9aaa0bf047e7291fb4e8a48f2a18","https://snowtrace.io/token/0x5ac34c53a04b9aaa0bf047e7291fb4e8a48f2a18, https://platform.arkhamintelligence.com/explorer/token/nuklai, https://avascan.info/blockchain/c/address/0x5ac34c53a04b9aaa0bf047e7291fb4e8a48f2a18/token, https://etherscan.io/token/0x5ac34c53a04b9aaa0bf047e7291fb4e8a48f2a18, https://ethplorer.io/address/0x5ac34c53a04b9aaa0bf047e7291fb4e8a48f2a18, https://snowtrace.io/token/0x5ac34c53a04b9aaa0bf047e7291fb4e8a48f2a18?type=erc20&chainid=43114",,no,sí
strawberry-ai,Strawberry AI,berry,"Artificial Intelligence (AI), Infrastructure, Solana Ecosystem, Ethereum Ecosystem, Base Ecosystem, AI Agents, DeFAI",0.04512354,4516572,87373,0.01934498110513903,100000000.0,100000000.0,100000000.0,5656,2398,5,"ethereum: 0xcb76314c2540199f4b844d4ebbc7998c604880ca, solana: D2tztvQKcmo7PUof8quQWAu3qXKwtiW1pLjvHLsUakv5, base: 0xdf36186772a8fda4be100dbacc0b48ef00c53089","https://etherscan.io/token/0xcb76314c2540199f4b844d4ebbc7998c604880ca, https://platform.arkhamintelligence.com/explorer/token/strawberry-ai, https://ethplorer.io/address/0xcb76314c2540199f4b844d4ebbc7998c604880ca, https://solscan.io/token/D2tztvQKcmo7PUof8quQWAu3qXKwtiW1pLjvHLsUakv5, https://basescan.org/token/0xdF36186772a8fDA4bE100dbaCc0B48EF00C53089",,no,sí
metaverse,METAVERSE,metav,"Artificial Intelligence (AI), Solana Ecosystem, AI Agents, Pump.fun Ecosystem, Binance Alpha Spotlight",0.00449079,4490784,788036,0.17547849106080363,1000000000.0,1000000000.0,1000000000.0,0,2411,5,solana: HCgvbV9Qcf9TVGPGKMGbVEj8WwwVD6HhTt5E2i3qkeN9,https://solscan.io/token/HCgvbV9Qcf9TVGPGKMGbVEj8WwwVD6HhTt5E2i3qkeN9,,no,no
diem,Diem,diem,"Artificial Intelligence (AI), Base Ecosystem",140.81,4480629,58535,0.013064014003391041,31821.18308725949,31820.0399232419,,0,2415,3,base: 0xf4d97f2da56e8c3098f3a8d538db630a2606a024,"https://basescan.org/address/0xf4d97f2da56e8c3098f3a8d538db630a2606a024, https://basescan.org/token/0xf4d97f2da56e8c3098f3a8d538db630a2606a024",,no,no
renta-network,Renta Network,renta,"Retail, Smart Contract Platform, NFT, Ethereum Ecosystem, Layer 2 (L2), Real World Assets (RWA), NFTFi",0.01067815,4431118,148581,0.03353126682701747,414970137.61,1000000000.0,1000000000.0,391615,2414,3,ethereum: 0x792905a8b7c0a22d56e78e849f95c162018a4e2d,"https://explorer.renta.network, https://etherscan.io/token/0x792905a8b7c0a22d56e78e849f95c162018a4e2d, https://ethplorer.io/address/0x792905a8b7c0a22d56e78e849f95c162018a4e2d",,no,no
somnium-space-cubes,Somnium Space CUBEs,cube,"Artificial Intelligence (AI), Augmented Reality, Virtual Reality, NFT, Metaverse, Polygon Ecosystem, Ethereum Ecosystem, AI Applications",0.295653,4390102,6286.49,0.0014319690066426703,14842905.20506071,40054278.79,100000000.0,1863,2431,4,"ethereum: 0xdf801468a808a32656d2ed2d2d80b72a129739f4, polygon-pos: 0x276c9cbaa4bdf57d7109a41e67bd09699536fa3d","https://etherscan.io/token/0xdf801468a808a32656d2ed2d2d80b72a129739f4, https://platform.arkhamintelligence.com/explorer/token/somnium-space-cubes, https://ethplorer.io/address/0xdf801468a808a32656d2ed2d2d80b72a129739f4, https://polygonscan.com/token/0x276c9cbaa4bdf57d7109a41e67bd09699536fa3d",,no,sí
tensorplex-staked-tao,Tensorplex Staked TAO,sttao,"Artificial Intelligence (AI), Ethereum Ecosystem, Liquid Staking, Bittensor Ecosystem",368.83,4332129,20330,0.0046928427108241695,11740.181344924,11740.181344924,,313,2440,2,ethereum: 0xb60acd2057067dc9ed8c083f5aa227a244044fd6,"https://etherscan.io/token/0xb60acd2057067dc9ed8c083f5aa227a244044fd6, https://platform.arkhamintelligence.com/explorer/token/tensorplex-staked-tao, https://ethplorer.io/address/0xb60acd2057067dc9ed8c083f5aa227a244044fd6",,no,no
gud-tech,Gud Tech,gud,"Artificial Intelligence (AI), Ethereum Ecosystem, Base Ecosystem, AI Agents, Zircuit Ecosystem, DeFAI",0.00519589,4312608,50111,0.011619651032507476,830000000.0,1000000000.0,1000000000.0,433,2448,2,"zircuit: 0xa608512bbc9934e4b1ddecf0f5fb38b6ad93308d, ethereum: 0xa608512bbc9934e4b1ddecf0f5fb38b6ad93308d, base: 0xa608512bbc9934e4b1ddecf0f5fb38b6ad93308d","https://explorer.zircuit.com/address/0xA608512BBC9934E4b1DDeCF0F5Fb38b6Ad93308D, https://basescan.org/token/0xa608512bbc9934e4b1ddecf0f5fb38b6ad93308d, https://etherscan.io/token/0xa608512bbc9934e4b1ddecf0f5fb38b6ad93308d, https://explorer.zircuit.com/tokens/0xA608512BBC9934E4b1DDeCF0F5Fb38b6Ad93308D, https://ethplorer.io/address/0xa608512bbc9934e4b1ddecf0f5fb38b6ad93308d, https://explorer.zircuit.com/address/0xa608512bbc9934e4b1ddecf0f5fb38b6ad93308d",,no,sí
cat-call-agent,Cat Call Agent,cat,"Artificial Intelligence (AI), AI Agents, Ink Ecosystem",0.0042799,4261465,4493.77,0.0010545129433187884,1000000000.0,1000000000.0,1000000000.0,410,2460,2,ink: 0x20c69c12abf2b6f8d8ca33604dd25c700c7e70a5,https://explorer.inkonchain.com/token/0x20C69C12abf2B6F8D8ca33604DD25C700c7e70A5,,no,no
moon-app,RWAX,app,"Tokenized Real Estate, Tokenized Assets, BNB Chain Ecosystem, Solana Ecosystem, Ethereum Ecosystem, Real World Assets (RWA), Injective Ecosystem, RWA Protocol",0.0021413,4252503,73669,0.017323679724623356,1985944981.9339538,3000000000.0,3000000000.0,4154,2463,9,"ethereum: 0xc5d27f27f08d1fd1e3ebbaa50b3442e6c0d50439, injective: peggy0xC5d27F27F08D1FD1E3EbBAa50b3442e6c0D50439, solana: Fdxex2V4Ldun1aFhPsuGKfzPrrE1ay4UM8xt92EaL5N4, binance-smart-chain: 0xc5d27f27f08d1fd1e3ebbaa50b3442e6c0d50439","https://etherscan.io/address/0xc5d27f27f08d1fd1e3ebbaa50b3442e6c0d50439, https://platform.arkhamintelligence.com/explorer/token/moon-app, https://bscscan.com/token/0xc5d27f27f08d1fd1e3ebbaa50b3442e6c0d50439, https://explorer.injective.network/asset/?denom=peggy0xc5d27f27f08d1fd1e3ebbaa50b3442e6c0d50439, https://etherscan.io/token/0xc5d27f27f08d1fd1e3ebbaa50b3442e6c0d50439, https://ethplorer.io/address/0xc5d27f27f08d1fd1e3ebbaa50b3442e6c0d50439, https://binplorer.com/address/0xc5d27f27f08d1fd1e3ebbaa50b3442e6c0d50439, https://explorer.injective.network/asset/?denom=peggy0xc5d27f27f08d1fd1e3ebbaa50b3442e6c0d50439&tokentype=unknown, https://solscan.io/token/Fdxex2V4Ldun1aFhPsuGKfzPrrE1ay4UM8xt92EaL5N4, https://www.mintscan.io/injective/assets/peggy0xC5d27F27F08D1FD1E3EbBAa50b3442e6c0D50439",,no,sí
0xgasless-2,0xGasless,0xgas,"Artificial Intelligence (AI), Ethereum Ecosystem, Account Abstraction, AI Framework, DeFAI, Made in USA",0.385366,4239031,7308.66,0.0017241345958545714,11000000.0,11000000.0,11000000.0,1254,2468,1,ethereum: 0x5fc111f3fa4c6b32eaf65659cfebdeed57234069,"https://etherscan.io/token/0x5fc111f3fa4c6b32eaf65659cfebdeed57234069, https://platform.arkhamintelligence.com/explorer/token/0xgasless-2, https://ethplorer.io/address/0x5fc111f3fa4c6b32eaf65659cfebdeed57234069",,no,no
ishares-russell-2000-value-etf-ondo-tokenized-etf,iShares Russell 2000 Value ETF (Ondo Tokenized ETF),iwnon,"Tokenized Assets, Ethereum Ecosystem, Real World Assets (RWA), Ondo Tokenized Assets",177.66,4205683,101.06,2.4029390707763756e-05,23673.19563352255,23673.19563352255,,0,2472,1,ethereum: 0x9dcf7f739b8c0270e2fc0cc8d0dabe355a150dba,"https://etherscan.io/address/0x9DCf7f739B8C0270E2FC0Cc8D0DaBe355a150dBa, https://etherscan.io/token/0x9DCf7f739B8C0270E2FC0Cc8D0DaBe355a150dBa, https://ethplorer.io/address/0x9DCf7f739B8C0270E2FC0Cc8D0DaBe355a150dBa",,no,no
axelrod-by-virtuals,Axelrod by Virtuals,axr,"Artificial Intelligence (AI), Base Ecosystem, AI Agents, Virtuals Protocol Ecosystem, DeFAI",0.00649232,4168946,516889,0.12398553495295933,642135000.0,1000000000.0,1000000000.0,7447,2480,4,base: 0x58db197e91bc8cf1587f75850683e4bd0730e6bf,https://basescan.org/token/0x58Db197E91Bc8Cf1587F75850683e4bd0730e6BF,,no,no
syrax-ai,Syrax AI,syrax,"Artificial Intelligence (AI), Decentralized Finance (DeFi), Solana Ecosystem",0.101946,4161953,11992.66,0.0028814981812624986,40821605.463808,99999684.219656,100000000.0,2583,2482,1,solana: H1jJwQTgcAzUZjAKhxS8dA6FY8VZyTBxKxUyv3yCrYA1,https://solscan.io/token/H1jJwQTgcAzUZjAKhxS8dA6FY8VZyTBxKxUyv3yCrYA1,,no,no
dynex,Dynex,dnx,"Artificial Intelligence (AI), Smart Contract Platform, Layer 1 (L1), Ethereum Ecosystem, DePIN, Decentralized Science (DeSci), Proof of Work (PoW)",0.03945884,4132017,147597,0.03572032738490669,104717148.1026525,104761941.2603451,110000000.0,9439,2487,7,ethereum: 0x9928a8600d14ac22c0be1e8d58909834d7ceaf13,"https://blockexplorer.dynexcoin.org, https://platform.arkhamintelligence.com/explorer/token/dynex, https://etherscan.io/token/0x9928a8600D14ac22c0be1E8D58909834d7ceAf13, https://ethplorer.io/address/0x9928a8600D14ac22c0be1E8D58909834d7ceAf13",,no,no
webgenieai,WebGenieAI,sn54,"Artificial Intelligence (AI), Bittensor Ecosystem, Bittensor Subnets",1.51,4026092,1678871,0.41699767417138006,2666689.760214296,2666689.760214296,21000000.0,0,2506,1,bittensor: 54,https://taostats.io/subnets/54/chart,,no,no
privasea-ai,Privasea AI,prai,"Artificial Intelligence (AI), Privacy, BNB Chain Ecosystem, DePIN, AI Agents, YZi Labs (Prev. Binance Labs) Portfolio, OKX Ventures Portfolio",0.01946598,4017461,12286737,3.0583338581258164,206035500.0,1000000000.0,1000000000.0,92997,2516,14,binance-smart-chain: 0x899357e54c2c4b014ea50a9a7bf140ba6df2ec73,"https://bscscan.com/token/0x899357e54c2c4b014ea50a9a7bf140ba6df2ec73, https://binplorer.com/address/0x899357e54c2c4b014ea50a9a7bf140ba6df2ec73",,no,no
gt-protocol,GT Protocol,gtai,"Artificial Intelligence (AI), BNB Chain Ecosystem, DeFAI",0.098946,4014616,1030526,0.25669354179826914,40576979.24424225,75000000.0,75000000.0,346044,2511,18,binance-smart-chain: 0x003d87d02a2a01e9e8a20f507c83e15dd83a33d1,"https://bscscan.com/token/0x003d87d02a2a01e9e8a20f507c83e15dd83a33d1, https://platform.arkhamintelligence.com/explorer/token/gt-protocol, https://binplorer.com/address/0x003d87d02a2a01e9e8a20f507c83e15dd83a33d1",,no,no
jackal-protocol,Jackal Protocol,jkl,"Artificial Intelligence (AI), Smart Contract Platform, Storage, Layer 1 (L1), DePIN, Base Ecosystem, Osmosis Ecosystem, Proof of Stake (PoS), Archway Ecosystem, Secret Ecosystem",0.03261914,3977452,5698.46,0.0014326910796157943,121934780.212161,171181968.036438,400000000.0,1673,2520,5,"secret: secret1sgaz455pmtgld6dequqayrdseq8vy2fc48n8y3, osmosis: ibc/8E697BDABE97ACE8773C6DF7402B2D1D5104DD1EEABE12608E3469B7F64C15BA, archway: ibc/926432AE1C5FA4F857B36D970BE7774C7472079506820B857B75C5DE041DD7A3, base: 0x4eed0d2deb4c588393c80869b122327581b0d98e","https://ping.pub/jackal, https://explorer.nodestake.top/jackal, https://www.mintscan.io/secret/address/secret1sgaz455pmtgld6dequqayrdseq8vy2fc48n8y3, https://basescan.org/token/0x4eed0d2deb4c588393c80869b122327581b0d98e",,no,sí
4everland,4EVERLAND,4ever,"Artificial Intelligence (AI), BNB Chain Ecosystem, Ethereum Ecosystem, DePIN, AI Framework",0.00218803,3970370,110029,0.02771253057019875,1814583334.31,10000000000.0,10000000000.0,131990,2521,5,"ethereum: 0xe355de6a6043b0580ff5a26b46051a4809b12793, binance-smart-chain: 0x63ec886286f30ad392749b9e8f24f67f5b8ac394","https://etherscan.io/token/0xe355De6a6043b0580Ff5A26b46051A4809B12793, https://ethplorer.io/address/0xe355De6a6043b0580Ff5A26b46051A4809B12793, https://bscscan.com/token/0x63ec886286f30ad392749b9e8f24f67f5b8ac394, https://binplorer.com/address/0x63ec886286f30ad392749b9e8f24f67f5b8ac394",,no,sí
alphabet-xstock,Alphabet xStock,googlx,"Tokenized Assets, BNB Chain Ecosystem, Solana Ecosystem, Tokenized Stock, Ethereum Ecosystem, Real World Assets (RWA), BackedFi xStocks Ecosystem",246.76,3931734,2000146,0.5087185450490801,15934.38098681244,42610.437011204,,3977,2527,17,"arbitrum-one: 0xe92f673ca36c5e2efd2de7628f815f84807e803f, binance-smart-chain: 0xe92f673ca36c5e2efd2de7628f815f84807e803f, ethereum: 0xe92f673ca36c5e2efd2de7628f815f84807e803f, solana: XsCPL9dNWBMvFtTmwcCA5v3xWPSMEBCszbQdiLLq6aN","https://www.arbiscan.io/token/0xe92f673ca36c5e2efd2de7628f815f84807e803f, https://arbiscan.io/token/0xe92f673Ca36C5E2Efd2DE7628f815f84807e803F, https://solscan.io/token/XsCPL9dNWBMvFtTmwcCA5v3xWPSMEBCszbQdiLLq6aN, https://bscscan.com/token/0xe92f673ca36c5e2efd2de7628f815f84807e803f, https://binplorer.com/address/0xe92f673ca36c5e2efd2de7628f815f84807e803f, https://etherscan.io/token/0xe92f673ca36c5e2efd2de7628f815f84807e803f, https://ethplorer.io/address/0xe92f673ca36c5e2efd2de7628f815f84807e803f",,no,sí
token-metrics-ai,Token Metrics AI,tmai,"Artificial Intelligence (AI), Analytics, Base Ecosystem, AI Agents, DeFAI, Made in USA",0.00049495,3906241,264771,0.06778153216865011,7883009596.0,10000000000.0,10000000000.0,7574,2532,7,base: 0xca4569949699d56e1834efe9f58747ca0f151b01,https://basescan.org/token/0xca4569949699d56e1834efe9f58747ca0f151b01,,no,no
kleva,KLEVA,kleva,"Artificial Intelligence (AI), Kaia Ecosystem, DeFAI",0.056628,3902741,97843,0.025070328776621353,68919558.48180267,68919558.48180267,95349364.0,389,2533,3,klay-token: 0x5fff3a6c16c2208103f318f4713d4d90601a7313,https://kaiascan.io/token/0x5fff3a6c16c2208103f318f4713d4d90601a7313,,no,no
klima-dao,KlimaDAO,klima,"Rebase Tokens, Polygon Ecosystem, Ohm Fork, Regenerative Finance (ReFi), Real World Assets (RWA), Base Ecosystem",0.191802,3888111,13161.48,0.003385057679680441,20235397.94701456,20235397.94701456,,0,2535,4,"polygon-pos: 0x4e78011ce80ee02d2c3e649fb657e45898257815, base: 0xdcefd8c8fcc492630b943abcab3429f12ea9fea2","https://polygonscan.com/token/0x4e78011ce80ee02d2c3e649fb657e45898257815, https://platform.arkhamintelligence.com/explorer/token/klima-dao, https://basescan.org/token/0xdcefd8c8fcc492630b943abcab3429f12ea9fea2",,no,sí
staicy-sport,Staicy Sport,sport,"Artificial Intelligence (AI), Base Ecosystem, AI Agents",0.058683,3814205,72198,0.01892871515820466,64996947.374430016,105000000.0,105000000.0,74,2553,1,base: 0xd007c4c900d1df6caea2a4122f3d551d7dfe08b0,https://basescan.org/token/0xD007C4C900D1Df6caea2A4122f3D551d7dfE08b0,,no,no
staicy-sport,Staicy Sport,sport,"Artificial Intelligence (AI), Base Ecosystem, AI Agents",0.058683,3814205,72198,0.01892871515820466,64996947.374430016,105000000.0,105000000.0,74,2553,1,base: 0xd007c4c900d1df6caea2a4122f3d551d7dfe08b0,https://basescan.org/token/0xD007C4C900D1Df6caea2A4122f3D551d7dfE08b0,,no,no
dolz-io,DOLZ.io,dolz,"Artificial Intelligence (AI), Gaming (GameFi), NFT, Polygon Ecosystem, Ethereum Ecosystem, Base Ecosystem, Card Games, AI Agents",0.00547291,3777614,5426.79,0.0014365655146343697,690264045.3271078,690264045.3271078,1000000000.0,2251,2563,3,"ethereum: 0xe939f011a3d8fc0aa874c97e8156053a903d7176, base: 0x8102b2864eade51a1c36497747132af689824b59, polygon-pos: 0x6ab4e20f36ca48b61ecd66c0450fdf665fa130be","https://etherscan.io/token/0xe939f011a3d8fc0aa874c97e8156053a903d7176, https://platform.arkhamintelligence.com/explorer/token/dolz-io, https://ethplorer.io/address/0xe939f011a3d8fc0aa874c97e8156053a903d7176, https://polygonscan.com/token/0x6ab4e20f36ca48b61ecd66c0450fdf665fa130be, https://basescan.org/token/0x8102b2864Eade51A1c36497747132aF689824b59",,no,sí
altered-state-token,Altered State Machine,asto,"Artificial Intelligence (AI), Gaming (GameFi), NFT, Metaverse, Ethereum Ecosystem, Animoca Brands Portfolio, Coinbase Ventures Portfolio, Gaming Governance Token, Gaming Utility Token, AI Agents, Delphi Ventures Portfolio, AI Applications, Outlier Ventures Portfolio",0.00457457,3737959,3309.15,0.0008852825833563183,821193967.2351687,2384000000.0,2384000000.0,0,2573,1,ethereum: 0x823556202e86763853b40e9cde725f412e294689,"https://etherscan.io/token/0x823556202e86763853b40e9cde725f412e294689, https://platform.arkhamintelligence.com/explorer/token/altered-state-token, https://ethplorer.io/address/0x823556202e86763853b40e9cde725f412e294689",,no,no
tesla-ondo-tokenized-stock,Tesla (Ondo Tokenized Stock),tslaon,"Tokenized Assets, Ethereum Ecosystem, Real World Assets (RWA), Ondo Tokenized Assets",439.31,3694109,98597,0.02669033317641683,8414.804622889767,8414.804622889767,,0,2588,5,ethereum: 0xf6b1117ec07684d3958cad8beb1b302bfd21103f,"https://etherscan.io/address/0xf6b1117ec07684D3958caD8BEb1b302bfD21103f, https://etherscan.io/token/0xf6b1117ec07684D3958caD8BEb1b302bfD21103f, https://ethplorer.io/address/0xf6b1117ec07684D3958caD8BEb1b302bfD21103f",,no,no
alphakek-ai,AlphaKEK.AI,aikek,"Artificial Intelligence (AI), Analytics, Solana Ecosystem, Ethereum Ecosystem, Telegram Apps, Discord Bots, Base Ecosystem, AI Agents, AI Applications, AI Framework, DeFAI",0.01554999,3689403,22667,0.0061438124271054155,237319317.29878262,237319317.29878262,256000000.0,812,2590,6,"ethereum: 0x8dce83eca4af45dbe618da1779f9aaca43201084, base: 0x681a09a902d9c7445b3b1ab282c38d60c72f1f09, solana: CotWkXoBD3edLb6opEGHV9tb3pyKmeoWBLwdMJ8ZDimW","https://etherscan.io/token/0x8dce83eca4af45dbe618da1779f9aaca43201084, https://platform.arkhamintelligence.com/explorer/token/alphakek-ai, https://ethplorer.io/address/0x8dce83eca4af45dbe618da1779f9aaca43201084, https://basescan.org/token/0x681a09a902d9c7445b3b1ab282c38d60c72f1f09, https://solscan.io/token/CotWkXoBD3edLb6opEGHV9tb3pyKmeoWBLwdMJ8ZDimW, https://solscan.io/token/0x8dce83eca4af45dbe618da1779f9aaca43201084",,no,sí
bettensor,Bettensor,sn30,"Artificial Intelligence (AI), Bittensor Ecosystem, Bittensor Subnets",1.31,3661747,5121.26,0.0013985837907425063,2801230.77596812,2801230.77596812,21000000.0,0,2601,1,bittensor: 30,https://taostats.io/subnets/30/chart,,no,no
edwin,Edwin,edwin,"Artificial Intelligence (AI), Solana Ecosystem, AI Agents, Pump.fun Ecosystem, AI Framework, DeFAI",0.00374648,3654407,91340,0.02499447926845587,974909370.372556,999951793.360825,1000000000.0,2735,2603,3,solana: GPrg1CgbBvAJS2SCuf9gF7NmQYsWudfyfWy5SUzypump,https://solscan.io/token/GPrg1CgbBvAJS2SCuf9gF7NmQYsWudfyfWy5SUzypump,,no,no
web-agents-autoppia,Web Agents - Autoppia,sn36,"Artificial Intelligence (AI), Bittensor Ecosystem, Bittensor Subnets",1.35,3607184,512849,0.14217433876397767,2670303.551262964,2670303.551262964,21000000.0,101,2608,1,bittensor: 36,https://taostats.io/subnets/36/chart,,no,no
sally-a1c,Sally A1C,a1c,"Artificial Intelligence (AI), Base Ecosystem, AI Agents, CreatorBid Ecosystem",0.171069,3595928,3490.3,0.0009706256632502098,21000000.0,21000000.0,21000000.0,3149,2611,1,base: 0x1f1c695f6b4a3f8b05f2492cef9474afb6d6ad69,"https://basescan.org/address/0x1f1c695f6b4a3f8b05f2492cef9474afb6d6ad69, https://basescan.org/token/0x1f1c695f6b4a3f8b05f2492cef9474afb6d6ad69",,no,no
717ai-by-virtuals,717ai by Virtuals,wire,"Artificial Intelligence (AI), Base Ecosystem, AI Agents, Virtuals Protocol Ecosystem, DeFAI",0.00375121,3586611,163606,0.045615763739084055,954808710.7300093,962215836.727181,1000000000.0,180,2614,2,base: 0x0b3ae50babe7ffa4e1a50569cee6bdefd4ccaee0,https://basescan.org/token/0x0b3ae50babe7ffa4e1a50569cee6bdefd4ccaee0,,no,no
unisocks,Unisocks,socks,"Tokenized Assets, NFT, Ethereum Ecosystem, Real World Assets (RWA), PulseChain Ecosystem, eGirl Capital Portfolio",11930.1,3567014,39.41,1.1048456776452237e-05,298.992857926618,298.992857926618,298.992857926618,0,2621,3,"ethereum: 0x23b608675a2b2fb1890d3abbd85c5775c51691d5, pulsechain: 0x23b608675a2b2fb1890d3abbd85c5775c51691d5","https://etherscan.io/token/0x23b608675a2b2fb1890d3abbd85c5775c51691d5, https://platform.arkhamintelligence.com/explorer/token/unisocks, https://ethplorer.io/address/0x23b608675a2b2fb1890d3abbd85c5775c51691d5, https://gnosis.dex.guru/token/0x35f346cb4149746272974a92d719fd48ae2f72fa, https://scan.pulsechain.com/token/0x23b608675a2b2fb1890d3abbd85c5775c51691d5, https://scan.pulsechainfoundation.org/#/token/0x23b608675a2b2fb1890d3abbd85c5775c51691d5",,no,sí
hera-finance,Hera Finance,hera,"Artificial Intelligence (AI), Decentralized Exchange (DEX), Exchange-based Tokens, Decentralized Finance (DeFi), Ethereum Ecosystem, Metis Ecosystem, Interoperability",0.769131,3551012,66112,0.018617791209942405,4637000.0,10000000.0,10000000.0,2214,2626,4,"metis-andromeda: 0x6f05709bc91bad933346f9e159f0d3fdbc2c9dce, ethereum: 0xa2c2c937333165d4c5f2dc5f31a43e1239fecfeb","https://explorer.metis.io/token/0x6f05709bc91bad933346f9e159f0d3fdbc2c9dce, https://platform.arkhamintelligence.com/explorer/token/hera-finance, https://explorer.metis.io/, https://andromeda-explorer.metis.io/token/, https://etherscan.io/token/0xa2c2c937333165d4c5f2dc5f31a43e1239fecfeb, https://ethplorer.io/address/0xa2c2c937333165d4c5f2dc5f31a43e1239fecfeb, https://andromeda-explorer.metis.io/token/0x6f05709bc91bad933346f9e159f0d3fdbc2c9dce",,no,sí
talos-2,Talos,t,"Artificial Intelligence (AI), Arbitrum Ecosystem, AI Agents, DeFAI",0.01230181,3524470,29345,0.008326074558727978,286500000.0,300000000.0,300000000.0,0,2635,2,arbitrum-one: 0x30a538effd91acefb1b12ce9bc0074ed18c9dfc9,https://arbiscan.io/token/0x30a538eFFD91ACeFb1b12CE9Bc0074eD18c9dFc9,,no,no
conwai,Conwai,conwai,"Artificial Intelligence (AI), Smart Contract Platform, Ethereum Ecosystem, Layer 3 (L3), AI Agents",0.00125561,3515697,91.99,2.616550857482883e-05,2800000000.0,10000000000.0,10000000000.0,432,2639,0,ethereum: 0x2b117f0a9a56dddaaf0257b476bfc39ca7e6fda1,"https://etherscan.io/token/0x2b117f0a9a56dddaaf0257b476bfc39ca7e6fda1, https://solscan.io/token/2n4G5Gj9hYQHASZ46RajtJcjKLt6ZJaToVKMjNo7hE2S, https://ethplorer.io/address/0x2b117f0a9a56dDDAAF0257b476BfC39ca7E6Fda1",,no,no
vnx-gold,VNX Gold,vnxau,"Tokenized Assets, Tokenized Gold, Solana Ecosystem, Polygon Ecosystem, Ethereum Ecosystem, Tezos Ecosystem, Real World Assets (RWA), Base Ecosystem, Tokenized Commodities",120.63,3511158,100005,0.028482056347222198,29100.0,29100.0,,3304,2642,4,"ethereum: 0x6d57b2e05f26c26b549231c866bdd39779e4a488, tezos: KT1LSH97386CURN9FgRNqdQJoHaHY6e1vxUv, solana: 9TPL8droGJ7jThsq4momaoz6uhTcvX2SeMqipoPmNa8R, base: 0xac3fe22294beaed9d1fd752323a6d06d12ff3098, polygon-pos: 0xc8bb8eda94931ca2f20ef43ea7dbd58e68400400","https://etherscan.io/token/0x6d57b2e05f26c26b549231c866bdd39779e4a488, https://platform.arkhamintelligence.com/explorer/token/vnx-gold, https://ethplorer.io/address/0x6d57b2e05f26c26b549231c866bdd39779e4a488, https://explorer.q.org/token/0xe4fadbbf24f118b1e63d65f1aac2a825a07f7619/token-transfers, https://polygonscan.com/token/0xc8bb8eda94931ca2f20ef43ea7dbd58e68400400, https://solscan.io/token/9tpl8drogj7jthsq4momaoz6uhtcvx2semqipopmna8r, https://tzkt.io/kt1lsh97386curn9fgrnqdqjohahy6e1vxuv/operations/, https://tzkt.io/KT1LSH97386CURN9FgRNqdQJoHaHY6e1vxUv, https://basescan.org/token/0xac3fe22294beaed9d1fd752323a6d06d12ff3098",,no,sí
lockheed-ondo-tokenized-stock,Lockheed (Ondo Tokenized Stock),lmton,"Tokenized Assets, Ethereum Ecosystem, Real World Assets (RWA), Ondo Tokenized Assets",490.94,3490994,59030,0.016909224135017133,7110.906041696,7110.906041696,,0,2646,1,ethereum: 0x691b126cf619707ed5d16cab1b27c000aa8de300,"https://etherscan.io/address/0x691b126cF619707Ed5d16CaB1B27C000aa8De300, https://etherscan.io/token/0x691b126cF619707Ed5d16CaB1B27C000aa8De300, https://ethplorer.io/address/0x691b126cF619707Ed5d16CaB1B27C000aa8De300",,no,no
cortensor,Cortensor,cor,"Artificial Intelligence (AI), Ethereum Ecosystem",0.00690717,3488122,5771.07,0.0016544920160476038,505000000.0,1000000000.0,1000000000.0,1648,2649,1,ethereum: 0x8e0eef788350f40255d86dfe8d91ec0ad3a4547f,"https://etherscan.io/token/0x8e0eef788350f40255d86dfe8d91ec0ad3a4547f, https://platform.arkhamintelligence.com/explorer/token/cortensor, https://ethplorer.io/address/0x8e0eef788350f40255d86dfe8d91ec0ad3a4547f",,no,no
merit-2,Merit,sn73,"Artificial Intelligence (AI), Bittensor Ecosystem, Bittensor Subnets",1.61,3482924,107003,0.030722174816332482,2168348.894712838,2168348.894712838,21000000.0,0,2651,1,bittensor: 73,https://taostats.io/subnets/73/chart,,no,no
zero1-labs,Zero1 Labs,deai,"Artificial Intelligence (AI), Infrastructure, Ethereum Ecosystem, AI Framework",0.0355319,3466459,863581,0.24912482738148642,97559759.7856909,98000000.0,1000000000.0,17362,2654,12,ethereum: 0x1495bc9e44af1f8bcb62278d2bec4540cf0c05ea,"https://etherscan.io/token/0x1495bc9e44af1f8bcb62278d2bec4540cf0c05ea, https://platform.arkhamintelligence.com/explorer/token/zero1-labs, https://ethplorer.io/address/0x1495bc9e44af1f8bcb62278d2bec4540cf0c05ea",,no,no
gamegpt,GameGPT,duel,"Artificial Intelligence (AI), Gaming (GameFi), BNB Chain Ecosystem, Ethereum Ecosystem, AI Applications",0.00040632,3420134,84853,0.02480984663174016,8354692729.0,10000000000.0,10000000000.0,0,2661,10,"ethereum: 0x943af2ece93118b973c95c2f698ee9d15002e604, binance-smart-chain: 0xa1ed0bd9a4776830c5b7ba004f26427b71152ca5","https://etherscan.io/token/0x943af2ece93118b973c95c2f698ee9d15002e604, https://platform.arkhamintelligence.com/explorer/token/gamegpt, https://ethplorer.io/address/0x943af2ece93118b973c95c2f698ee9d15002e604, https://bscscan.com/token/0xa1ed0bd9a4776830c5b7ba004f26427b71152ca5, https://binplorer.com/address/0xa1ed0bd9a4776830c5b7ba004f26427b71152ca5",,no,sí
ylds,YLDS,ylds,"Stablecoins, USD Stablecoin, Real World Assets (RWA), Provenance Ecosystem",0.999962,3416029,9999.62,0.002927264376268469,3416159.0,3416159.0,,0,2664,0,provenance: uylds.fcc,https://explorer.provenance.io/asset/uylds.fcc,,no,no
daydreams,Daydreams,dreams,"Artificial Intelligence (AI), Solana Ecosystem, Base Ecosystem, Starknet Ecosystem, AI Framework",0.00400216,3402796,285887,0.08401532151795171,849481933.755796,1024985632.179122,1000000000.0,515,2667,7,"solana: GMzuntWYJLpNuCizrSR7ZXggiMdDzTNiEmSNHHunpump, base: 0x176383016bb310c9f1c180dc6729d5e28104e602, starknet: 0x04fcaf2a7b4a072fe57c59beee807322d34ed65000d78611c909a46fead07fb1","https://solscan.io/token/GMzuntWYJLpNuCizrSR7ZXggiMdDzTNiEmSNHHunpump, https://starkscan.co/token/0x04fcaf2a7b4a072fe57c59beee807322d34ed65000d78611c909a46fead07fb1, https://voyager.online/token/0x04fcaf2a7b4a072fe57c59beee807322d34ed65000d78611c909a46fead07fb1, https://basescan.org/token/0x176383016bb310c9f1c180dc6729d5e28104e602",,no,sí
eternalai,EternalAI,eai,"Artificial Intelligence (AI), Ethereum Ecosystem, DePIN, AI Agents, AI Agent Launchpad",0.01489529,3389325,84209,0.02484536006431959,227996187.0058859,1000000000.0,1000000000.0,5312,2672,3,ethereum: 0xa84f95eb3dabdc1bbd613709ef5f2fd42ce5be8d,"https://etherscan.io/token/0xa84f95eb3dabdc1bbd613709ef5f2fd42ce5be8d, https://platform.arkhamintelligence.com/explorer/token/eternalai, https://ethplorer.io/address/0xa84f95eb3dabdc1bbd613709ef5f2fd42ce5be8d",,no,no
multi-asset-investment-vehicle,Multi Asset Investment Vehicle,maiv,"Decentralized Finance (DeFi), Tokenized Assets, Ethereum Ecosystem, Real World Assets (RWA)",0.00266012,3354272,47889,0.01427701748695395,1260953890.7121267,10000000000.0,10000000000.0,3871,2683,2,ethereum: 0x39903a1a6f289a67e0de94096915c4ccd506ab2a,"https://etherscan.io/address/0x39903a1A6f289A67E0DE94096915c4ccD506Ab2a, https://etherscan.io/token/0x39903a1A6f289A67E0DE94096915c4ccD506Ab2a, https://ethplorer.io/address/0x39903a1A6f289A67E0DE94096915c4ccD506Ab2a",,no,no
santa-by-virtuals,SANTA by Virtuals,santa,"Artificial Intelligence (AI), Base Ecosystem, AI Agents, Virtuals Protocol Ecosystem",0.00329161,3291615,29006,0.008812087683401613,1000000000.0,1000000000.0,1000000000.0,601,2702,2,base: 0x815269d17c10f0f3df7249370e0c1b9efe781aa8,https://basescan.org/token/0x815269d17c10f0f3df7249370e0c1b9efe781aa8,,no,no
bad-idea-ai,Bad Idea AI,bad,"Artificial Intelligence (AI), Meme, Ethereum Ecosystem, Telegram Apps, Discord Bots, Shibarium Ecosystem",4.804e-09,3289750,735946,0.22370879246143324,684817870271898.0,829489818339147.0,831041059897327.0,8673,2704,17,"ethereum: 0x32b86b99441480a7e5bd3a26c124ec2373e3f015, shibarium: 0xef99cd3e619c058658043f8775ed9077105d8581","https://etherscan.io/token/0x32b86b99441480a7e5bd3a26c124ec2373e3f015, https://platform.arkhamintelligence.com/explorer/token/bad-idea-ai, https://ethplorer.io/address/0x32b86b99441480a7e5bd3a26c124ec2373e3f015, https://ethereum.dex.guru/token/0x32b86b99441480a7e5bd3a26c124ec2373e3f015, https://www.shibariumscan.io/token/0xef99cd3e619c058658043f8775ed9077105d8581/token-transfers",,no,sí
dtravel,Dtravel,trvl,"Artificial Intelligence (AI), Tourism, BNB Chain Ecosystem, Ethereum Ecosystem, Real World Assets (RWA), DePIN, Base Ecosystem",0.00707895,3174886,541224,0.17047037279448773,449133520.0593805,1000000000.0,,3266,2732,8,"ethereum: 0xd47bdf574b4f76210ed503e0efe81b58aa061f3d, base: 0x74aa9bb52b36a378a6e641b86d7acb76dc9b3940, binance-smart-chain: 0x6a8fd46f88dbd7bdc2d536c604f811c63052ce0f","https://etherscan.io/token/0xd47bdf574b4f76210ed503e0efe81b58aa061f3d, https://platform.arkhamintelligence.com/explorer/token/dtravel, https://ethplorer.io/address/0xd47bdf574b4f76210ed503e0efe81b58aa061f3d, https://bscscan.com/token/0x6a8fd46f88dbd7bdc2d536c604f811c63052ce0f, https://binplorer.com/address/0x6a8fd46f88dbd7bdc2d536c604f811c63052ce0f, https://basescan.org/token/0x74aa9bb52b36a378a6e641b86d7acb76dc9b3940",,no,sí
neural3d,Neural3D,sn46,"Artificial Intelligence (AI), Bittensor Ecosystem, Bittensor Subnets",1.2,3139798,797596,0.2540278068843919,2610463.508585562,2610463.508585562,21000000.0,8934,2745,1,bittensor: 46,https://taostats.io/subnets/46/chart,,no,no
liquidity-provisioning,Liquidity Provisioning,sn106,"Artificial Intelligence (AI), Bittensor Ecosystem, Bittensor Subnets",2.43,3151039,418315,0.1327546247444097,1296259.101192026,1296259.101192026,21000000.0,0,2746,1,bittensor: 106,https://taostats.io/subnets/106/chart,,no,no
nodecoin,Nodepay,nc,"Artificial Intelligence (AI), Solana Ecosystem, DePIN",0.01671151,3108555,1694535,0.545119838638853,186184961.78021792,999986340.4409797,1000000000.0,47195,2758,13,solana: B89Hd5Juz7JP2dxCZXFJWk4tMTcbw7feDhuWGb3kq5qE,https://solscan.io/token/B89Hd5Juz7JP2dxCZXFJWk4tMTcbw7feDhuWGb3kq5qE,,no,no
apple-xstock,Apple xStock,aaplx,"Tokenized Assets, BNB Chain Ecosystem, Solana Ecosystem, Tokenized Stock, Ethereum Ecosystem, Real World Assets (RWA), BackedFi xStocks Ecosystem",255.59,3107374,8900785,2.8644073742008525,12158.18295833028,38998.39698322,,3974,2759,17,"arbitrum-one: 0x9d275685dc284c8eb1c79f6aba7a63dc75ec890a, ethereum: 0x9d275685dc284c8eb1c79f6aba7a63dc75ec890a, binance-smart-chain: 0x9d275685dc284c8eb1c79f6aba7a63dc75ec890a, solana: XsbEhLAtcf6HdfpFZ5xEMdqW8nfAvcsP5bdudRLJzJp","https://www.arbiscan.io/token/0x9d275685dc284c8eb1c79f6aba7a63dc75ec890a, https://arbiscan.io/token/0x9d275685dC284C8eB1C79f6ABA7a63Dc75ec890a, https://solscan.io/token/XsbEhLAtcf6HdfpFZ5xEMdqW8nfAvcsP5bdudRLJzJp, https://bscscan.com/token/0x9d275685dc284c8eb1c79f6aba7a63dc75ec890a, https://binplorer.com/address/0x9d275685dc284c8eb1c79f6aba7a63dc75ec890a, https://etherscan.io/token/0x9d275685dc284c8eb1c79f6aba7a63dc75ec890a, https://ethplorer.io/address/0x9d275685dc284c8eb1c79f6aba7a63dc75ec890a",,no,sí
orgo,Orgo,orgo,"Artificial Intelligence (AI), AI Framework",0.00267024,3082225,708345,0.22981612309289556,999997080.25596,999997080.25596,1000000000.0,0,2776,6,solana: G85CQEBqwsoe3qkb5oXXpdZFh7uhYXhDRsQAM4aJuBLV,https://solscan.io/token/G85CQEBqwsoe3qkb5oXXpdZFh7uhYXhDRsQAM4aJuBLV,,no,no
xend-finance,Xend Finance,rwa,"Tokenized Real Estate, BNB Chain Ecosystem, Polygon Ecosystem, DaoMaker Launchpad, Arbitrum Ecosystem, Ethereum Ecosystem, Real World Assets (RWA), YZi Labs (Prev. Binance Labs) Portfolio",0.01540788,3081554,28675,0.00930536995295231,200000000.0,200000000.0,,14185,2773,3,"arbitrum-one: 0x3096e7bfd0878cc65be71f8899bc4cfb57187ba3, ethereum: 0x4563554284aa7148d6e6d0351519e954ba3b6e02, binance-smart-chain: 0x36fe11b6d5c9421f68d235694fe192b35e803903, polygon-pos: 0x36fe11b6d5c9421f68d235694fe192b35e803903","https://etherscan.io/token/0x4563554284aa7148d6e6d0351519e954ba3b6e02, https://platform.arkhamintelligence.com/explorer/token/xend-finance, https://ethplorer.io/address/0x4563554284aa7148d6e6d0351519e954ba3b6e02, https://bscscan.com/token/0x36fe11b6d5c9421f68d235694fe192b35e803903, https://binplorer.com/address/0x36fe11b6d5c9421f68d235694fe192b35e803903, https://polygonscan.com/token/0x36fe11b6d5c9421f68d235694fe192b35e803903, https://arbiscan.io/token/0x3096e7bfd0878cc65be71f8899bc4cfb57187ba3, https://etherscan.io/token/, https://ethplorer.io/address/",,no,sí
nyla-ai,Nyla AI,nyla,"Artificial Intelligence (AI), Solana Ecosystem, AI Agents, BONK.fun Ecosystem",0.00309636,3078774,782665,0.25421320304770667,999986790.43,999986790.43,1000000000.0,0,2768,7,solana: 3HeUeL8ru8DFfRRQGnE11vGrDdNUzqVwBW8hyYHBbonk,https://solscan.io/token/3HeUeL8ru8DFfRRQGnE11vGrDdNUzqVwBW8hyYHBbonk,,no,no
tairon,Tairon,tairo,"Artificial Intelligence (AI), Base Ecosystem, AI Framework",0.060327,3048781,1890339,0.6200310878347772,50000000.0,100000000.0,100000000.0,726,2793,3,base: 0x9d5c1c400dc828a3409f9c209b83ff51a65d2a0e,"https://basescan.org/address/0x9d5C1C400DC828a3409F9C209B83fF51A65d2A0E, https://basescan.org/token/0x9d5C1C400DC828a3409F9C209B83fF51A65d2A0E",,no,no
imgn-labs,IMGN Labs,imgn,"Artificial Intelligence (AI), Base Ecosystem, AI Applications",0.0030435,3042238,52378,0.017216930430820995,1000000000.0,1000000000.0,1000000000.0,898,2794,6,base: 0x9bba915f036158582c20b51113b925f243a1a1a1,"https://intel.arkm.com/explorer/token/imgnai, https://basescan.org/token/0x9BbA915F036158582C20B51113B925f243A1A1A1",,no,no
dexcheck,DexCheck AI,dck,"Artificial Intelligence (AI), Analytics, BNB Chain Ecosystem, Launchpad, ChainGPT Launchpad, Poolz Finance Launchpad, AI Agents, DeFAI, InfoFi",0.00431145,3039295,1057591,0.34797247387963326,704957158.6818228,960416884.5791857,1000000000.0,41117,2796,12,binance-smart-chain: 0x16faf9daa401aa42506af503aa3d80b871c467a3,"https://bscscan.com/token/0x16faf9daa401aa42506af503aa3d80b871c467a3, https://binplorer.com/address/0x16faf9daa401aa42506af503aa3d80b871c467a3",,no,no
grix,Grix,grix,"Artificial Intelligence (AI), Decentralized Finance (DeFi), Analytics, Solana Ecosystem, Arbitrum Ecosystem, Ethereum Ecosystem, AI Framework, DeFAI",0.02786581,3038910,1.62,5.330858761858693e-07,109055145.37900798,1000000000.0,1000000000.0,877,2797,2,"ethereum: 0xa150376112dd24e873086b51347eddd5f2e147d5, solana: E8iWdPoeVDHJn1EHifeCAFWvKZyTN9WXrmccFEx1Hxa, arbitrum-one: 0x812f2d5ff6088ed7a655567dbcdf0d42cf07ca38","https://arbiscan.io/token/0x812F2D5Ff6088ed7A655567dBcDf0d42cf07ca38, https://etherscan.io/token/0xa150376112dd24E873086b51347EddD5F2e147D5, https://solscan.io/token/E8iWdPoeVDHJn1EHifeCAFWvKZyTN9WXrmccFEx1Hxa, https://ethplorer.io/address/0xa150376112dd24E873086b51347EddD5F2e147D5",,no,sí
ani-grok-companion,Ani Grok Companion,ani,"Artificial Intelligence (AI), Solana Ecosystem, Meme, Elon Musk-Inspired, Solana Meme, AI Meme, AI Agents, BONK.fun Ecosystem",0.00302053,3019543,4071400,1.348349733717983,999975269.54941,999975269.328778,1000000000.0,0,2799,25,solana: 9tqjeRS1swj36Ee5C1iGiwAxjQJNGAVCzaTLwFY8bonk,https://solscan.io/token/9tqjeRS1swj36Ee5C1iGiwAxjQJNGAVCzaTLwFY8bonk,,no,no
ani-grok-companion,Ani Grok Companion,ani,"Artificial Intelligence (AI), Solana Ecosystem, Meme, Elon Musk-Inspired, Solana Meme, AI Meme, AI Agents, BONK.fun Ecosystem",0.00302053,3019543,4071400,1.348349733717983,999975269.54941,999975269.328778,1000000000.0,0,2799,25,solana: 9tqjeRS1swj36Ee5C1iGiwAxjQJNGAVCzaTLwFY8bonk,https://solscan.io/token/9tqjeRS1swj36Ee5C1iGiwAxjQJNGAVCzaTLwFY8bonk,,no,no
omron,Omron,sn2,"Artificial Intelligence (AI), Bittensor Ecosystem, Bittensor Subnets",1.085,2999262,665966,0.22204328931583836,2767677.203720956,2767677.203720956,21000000.0,0,2808,1,bittensor: 2,https://taostats.io/subnets/2/chart,,no,no
heurist,Heurist,heu,"Artificial Intelligence (AI), Ethereum Ecosystem, ZkSync Ecosystem, DePIN, Base Ecosystem, AI Agents, AI Framework, Made in USA",0.01671971,2993644,482703,0.16124261936289017,178069445.0,1000000000.0,1000000000.0,0,2810,6,"ethereum: 0xec463d00aa4da76fb112cd2e4ac1c6bef02da6ea, zksync: 0xabec5ecbe08b6c02f5c9a2ff82696e1e7db6f9bf, base: 0xef22cb48b8483df6152e1423b19df5553bbd818b","https://etherscan.io/token/0xec463D00aa4dA76fb112cD2e4AC1C6BeF02da6ea, https://basescan.org/token/0xEF22cb48B8483dF6152e1423b19dF5553BbD818b, https://explorer.zksync.io/address/0xAbEc5eCBe08b6c02F5c9A2fF82696e1E7dB6f9bf, https://ethplorer.io/address/0xec463D00aa4dA76fb112cD2e4AC1C6BeF02da6ea, https://era.zksync.network/token/0xAbEc5eCBe08b6c02F5c9A2fF82696e1E7dB6f9bf",,no,sí
talos,AGENT,agent,"Artificial Intelligence (AI), Solana Ecosystem, Cardano Ecosystem, Base Ecosystem, AI Agents",0.00299584,2991651,4699.98,0.0015710321825640756,1000000000.0,1000000000.0,1000000000.0,0,2813,4,"cardano: 97bbb7db0baef89caefce61b8107ac74c7a7340166b39d906f174bec, solana: CwZNvjtai6E3z8mTH31wNLqjdDfepdQYppYVrsVpE7By, base: 0x7e5fe1e587a5c38b4a4a9ba38a35096f8ea35aac","https://cardanoscan.io/token/97bbb7db0baef89caefce61b8107ac74c7a7340166b39d906f174bec54616c6f73, https://basescan.org/token/0x7e5fe1e587a5c38b4a4a9ba38a35096f8ea35aac, https://solscan.io/token/CwZNvjtai6E3z8mTH31wNLqjdDfepdQYppYVrsVpE7By, https://cardanoscan.io/token/97bbb7db0baef89caefce61b8107ac74c7a7340166b39d906f174bec",,no,sí
arc,ARC,arc,"Artificial Intelligence (AI), Ethereum Ecosystem, AI Applications",0.00290045,2987476,46690,0.015628577434596964,1030000000.0,1030000000.0,1030000000.0,6799,2814,4,ethereum: 0x672fdba7055bddfa8fd6bd45b1455ce5eb97f499,"https://etherscan.io/token/0x672fdBA7055bddFa8fD6bD45B1455cE5eB97f499, https://platform.arkhamintelligence.com/explorer/token/arc, https://ethplorer.io/address/0x672fdBA7055bddFa8fD6bD45B1455cE5eB97f499, https://basescan.org/token/0x61ca70b867a48265e553a7fbb81bfe44fada7ae6",,no,no
sogni-ai,Sogni AI,sogni,"Artificial Intelligence (AI), DePIN, Base Ecosystem, AI Applications",0.00307169,2972364,483016,0.16250230456296738,966866109.9463824,9999689760.2319,10000000000.0,4029,2822,7,base: 0xe014d2a4da6e450f21b5050120d291e63c8940fd,https://basescan.org/token/0xE014d2A4da6E450f21b5050120D291e63c8940FD,,no,no
phantasma,Phantasma Phoenix,soul,"Artificial Intelligence (AI), Entertainment, Smart Contract Platform, Gaming (GameFi), NFT, BNB Chain Ecosystem, Metaverse, Layer 1 (L1), Play To Earn, Ethereum Ecosystem, Gaming Blockchains, On-chain Gaming, Gaming Governance Token, Gaming Platform, Gaming Marketplace",0.02245943,2970114,171848,0.05785905860852479,131869034.5401341,131869034.5401341,,6320,2823,4,"ethereum: 0x75858677e27c930fb622759feaffee2b754af07f, binance-smart-chain: 0x298eff8af1ecebbb2c034eaa3b9a5d0cc56c59cd","https://explorer.phantasma.info, https://platform.arkhamintelligence.com/explorer/token/phantasma, https://etherscan.io/token/0x75858677e27c930fb622759feaffee2b754af07f, https://ethplorer.io/address/0x75858677e27c930fb622759feaffee2b754af07f, https://bscscan.com/token/0x298eff8af1ecebbb2c034eaa3b9a5d0cc56c59cd, https://binplorer.com/address/0x298eff8af1ecebbb2c034eaa3b9a5d0cc56c59cd",,no,sí
openfabric,Openfabric AI,ofn,"Artificial Intelligence (AI), BNB Chain Ecosystem, ChainGPT Launchpad, Poolz Finance Launchpad, AI Agents, AI Applications, AI Framework, Governance",0.00591824,2968237,63814,0.02149895712505437,500000000.0,500000000.0,500000000.0,30655,2825,3,binance-smart-chain: 0x656842617576232f829f05efb43bc9eb1c82b364,"https://bscscan.com/token/0x656842617576232f829f05efb43bc9eb1c82b364, https://binplorer.com/address/0x656842617576232f829f05efb43bc9eb1c82b364",,no,no
mainframe-2,Mainframe,sn25,"Artificial Intelligence (AI), Bittensor Ecosystem, Bittensor Subnets",1.047,2924817,9170.56,0.0031354303534204017,2797398.436802524,2797398.436802524,21000000.0,0,2838,1,bittensor: 25,https://taostats.io/subnets/25/chart,,no,no
canto,CANTO,canto,"Smart Contract Platform, Layer 1 (L1), Ethereum Ecosystem, Canto Ecosystem, Real World Assets (RWA), Osmosis Ecosystem, Parallelized EVM",0.00480103,2917785,70101,0.024025416540286552,608465729.906479,1000000000.0,,0,2839,5,"canto: 0x826551890dc65655a0aceca109ab11abdbd7a07b, osmosis: ibc/47CAF2DB8C016FAC960F33BC492FD8E454593B65CC59D70FA9D9F30424F9C32F, ethereum: 0x56c03b8c4fa80ba37f5a7b60caaaef749bb5b220","https://evm.explorer.canto.io/, https://platform.arkhamintelligence.com/explorer/token/canto, https://evm.explorer.canto.io/token/0x826551890dc65655a0aceca109ab11abdbd7a07b, https://www.gacanto.com/, http://cantoscan.xyz/, https://etherscan.io/token/0x56c03b8c4fa80ba37f5a7b60caaaef749bb5b220, https://ethplorer.io/address/0x56c03b8c4fa80ba37f5a7b60caaaef749bb5b220, https://canto.dex.guru/token/0x826551890dc65655a0aceca109ab11abdbd7a07b, https://www.mintscan.io/osmosis/assets/ibc/aWJjLzQ3Q0FGMkRCOEMwMTZGQUM5NjBGMzNCQzQ5MkZEOEU0NTQ1OTNCNjVDQzU5RDcwRkE5RDlGMzA0MjRGOUMzMkY=, https://www.oklink.com/canto",,no,sí
yne,yesnoerror,yne,"Artificial Intelligence (AI), Solana Ecosystem, Base Ecosystem, Decentralized Science (DeSci), AI Agents, Pump.fun Ecosystem, Binance Alpha Spotlight, Made in USA",0.00290883,2912182,677151,0.23252358540778015,999998752.08,999998752.08,999998752.08,7384,2842,14,"solana: 7D1iYWfhw2cr9yBZBFE6nZaaSUvXHqG5FizFFEZwpump, base: 0xe2f9db0186b13668aec9fe0e15dbd13004ed8d6f","https://solscan.io/token/7D1iYWfhw2cr9yBZBFE6nZaaSUvXHqG5FizFFEZwpump, https://basescan.org/token/0xe2f9db0186b13668aec9fe0e15dbd13004ed8d6f",,no,sí
ai-network,AI Network,ain,"Artificial Intelligence (AI), NFT, BNB Chain Ecosystem, Avalanche Ecosystem, Polygon Ecosystem, Arbitrum Ecosystem, Ethereum Ecosystem, Optimism Ecosystem, Base Ecosystem",0.01074546,2911361,819112,0.28135020012976747,269434181.21526706,700000000.0,700000000.0,1180,2843,9,"ethereum: 0x3a810ff7211b40c4fa76205a14efe161615d0385, optimistic-ethereum: 0xd4423795fd904d9b87554940a95fb7016f172773, binance-smart-chain: 0xd4423795fd904d9b87554940a95fb7016f172773, base: 0xd4423795fd904d9b87554940a95fb7016f172773, avalanche: 0xd4423795fd904d9b87554940a95fb7016f172773, polygon-pos: 0xd4423795fd904d9b87554940a95fb7016f172773, arbitrum-one: 0xd4423795fd904d9b87554940a95fb7016f172773","https://etherscan.io/token/0x3a810ff7211b40c4fa76205a14efe161615d0385, https://platform.arkhamintelligence.com/explorer/token/ai-network, https://ethplorer.io/address/0x3a810ff7211b40c4fa76205a14efe161615d0385, https://avascan.info/blockchain/c/address/0xD4423795fd904D9B87554940a95FB7016f172773/token, https://bscscan.com/token/0xD4423795fd904D9B87554940a95FB7016f172773, https://binplorer.com/address/0xD4423795fd904D9B87554940a95FB7016f172773, https://basescan.org/token/0xd4423795fd904d9b87554940a95fb7016f172773, https://polygonscan.com/token/0xd4423795fd904d9b87554940a95fb7016f172773, https://arbiscan.io/token/0xd4423795fd904d9b87554940a95fb7016f172773, https://optimistic.etherscan.io/token/0xd4423795fd904d9b87554940a95fb7016f172773",,no,sí
uiui,UIUI,ui,"Artificial Intelligence (AI), Ethereum Ecosystem, AI Agents, AI Framework",0.00473738,2894539,189315,0.0654041973523245,610999999.0505,1000000000.0,1000000000.0,752,2846,1,ethereum: 0x50dd9ce3e599c3209582f0429d6896ecc1dae732,"https://etherscan.io/token/0x50dd9ce3e599c3209582f0429d6896ecc1dae732, https://ethplorer.io/address/0x50dD9ce3E599c3209582f0429d6896ECc1DAE732",,no,no
eli-lilly-ondo-tokenized-stock,Eli Lilly (Ondo Tokenized Stock),llyon,"Tokenized Assets, Ethereum Ecosystem, Real World Assets (RWA), Ondo Tokenized Assets",722.27,2866336,86339,0.030121730320520693,3970.65612862832,3970.65612862832,,0,2852,2,ethereum: 0xf192957ae52db3eb088654403cc2eded014ae556,"https://etherscan.io/address/0xf192957AE52dB3eb088654403CC2eDeD014ae556, https://etherscan.io/token/0xf192957AE52dB3eb088654403CC2eDeD014ae556, https://ethplorer.io/address/0xf192957AE52dB3eb088654403CC2eDeD014ae556",,no,no
singularitydao,SingularityDAO,sdao,"Artificial Intelligence (AI), BNB Chain Ecosystem, Ethereum Ecosystem, Poolz Finance Launchpad",0.03164298,2863593,4369.06,0.0015257265959233734,90501179.2436193,100000000.0,100000000.0,8130,2853,5,"ethereum: 0x993864e43caa7f7f12953ad6feb1d1ca635b875f, binance-smart-chain: 0x90ed8f1dc86388f14b64ba8fb4bbd23099f18240","https://etherscan.io/token/0x993864e43caa7f7f12953ad6feb1d1ca635b875f, https://platform.arkhamintelligence.com/explorer/token/singularitydao, https://ethplorer.io/address/0x993864e43caa7f7f12953ad6feb1d1ca635b875f, https://bscscan.com/token/0x90ed8f1dc86388f14b64ba8fb4bbd23099f18240, https://binplorer.com/address/0x90ed8f1dc86388f14b64ba8fb4bbd23099f18240",,no,sí
reploy,Reploy,rai,"Artificial Intelligence (AI), Ethereum Ecosystem, Made in USA",0.285856,2858768,305647,0.10691563638602362,10000000.0,10000000.0,10000000.0,3812,2856,4,ethereum: 0xc575bd129848ce06a460a19466c30e1d0328f52c,"https://etherscan.io/token/0xc575BD129848Ce06A460A19466c30E1D0328F52C, https://ethplorer.io/address/0xc575BD129848Ce06A460A19466c30E1D0328F52C",,no,no
coca-cola-ondo-tokenized-stock,Coca-Cola (Ondo Tokenized Stock),koon,"Tokenized Assets, Ethereum Ecosystem, Real World Assets (RWA), Ondo Tokenized Assets",66.03,2855196,6.55,2.2940631746472045e-06,43238.86716422595,43238.86716422595,,0,2860,1,ethereum: 0x74a03d741226f738098c35da8188e57aca50d146,"https://etherscan.io/address/0x74a03d741226f738098C35da8188E57acA50d146, https://etherscan.io/token/0x74a03d741226f738098C35da8188E57acA50d146, https://ethplorer.io/address/0x74a03d741226f738098C35da8188E57acA50d146",,no,no
distributed-training,Distributed Training,sn38,"Artificial Intelligence (AI), Bittensor Ecosystem, Bittensor Subnets",1.034,2851732,792295,0.277829403324015,2784487.237311523,2784487.237311523,21000000.0,0,2862,1,bittensor: 38,https://taostats.io/subnets/38/chart,,no,no
pfizer-ondo-tokenized-stock,Pfizer (Ondo Tokenized Stock),pfeon,"Tokenized Assets, Ethereum Ecosystem, Real World Assets (RWA), Ondo Tokenized Assets",24.05,2830788,250.67,8.855131504019375e-05,117684.5657477924,117684.5657477924,,0,2864,1,ethereum: 0x06954faa913fa14c28eb1b2e459594f22f33f3de,"https://etherscan.io/address/0x06954faa913fA14c28Eb1b2e459594F22f33f3dE, https://etherscan.io/token/0x06954faa913fA14c28Eb1b2e459594F22f33f3dE, https://ethplorer.io/address/0x06954faa913fA14c28Eb1b2e459594F22f33f3dE",,no,no
agent-ted,Agent Ted,ted,"Artificial Intelligence (AI), Gambling (GambleFi), Solana Ecosystem, AI Agents",0.00281555,2812572,4411.67,0.001568553622805034,1000000000.0,1000000000.0,1000000000.0,1082,2871,1,solana: D8RaN4ZXKkemC7pyu2noMB8n6ptDPkzuMFp4KfZSpkin,https://solscan.io/token/D8RaN4ZXKkemC7pyu2noMB8n6ptDPkzuMFp4KfZSpkin,,no,no
gigabrain-by-virtuals,Gigabrain by virtuals,brain,"Artificial Intelligence (AI), Base Ecosystem, AI Agents, Virtuals Protocol Ecosystem, AI Framework, DeFAI",0.00276732,2767315,34373,0.012421065184122516,1000000000.0,1000000000.0,1000000000.0,3107,2884,2,base: 0xce1eab31756a48915b7e7bb79c589835aac6242d,https://basescan.org/token/0xCE1eAB31756A48915B7E7bb79C589835aAc6242d,,no,no
finetuning,Finetuning,sn37,"Artificial Intelligence (AI), Bittensor Ecosystem, Bittensor Subnets",1.092,2757538,822671,0.2983353266573298,2526289.769629942,2526289.769629942,21000000.0,0,2888,1,bittensor: 37,https://taostats.io/subnets/37/chart,,no,no
credefi,Credefi,credi,"Decentralized Finance (DeFi), BNB Chain Ecosystem, Lending/Borrowing Protocols, Ethereum Ecosystem, Real World Assets (RWA), RWA Protocol",0.00363837,2723382,80171,0.029438029626398354,748573880.0,948573880.0,948573880.0,9479,2896,7,"ethereum: 0xae6e307c3fe9e922e5674dbd7f830ed49c014c6b, binance-smart-chain: 0x2235e79086dd23135119366da45851c741874e5b","https://etherscan.io/token/0xae6e307c3fe9e922e5674dbd7f830ed49c014c6b, https://platform.arkhamintelligence.com/explorer/token/credefi, https://ethplorer.io/address/0xae6e307c3fe9e922e5674dbd7f830ed49c014c6b, https://bscscan.com/token/0x2235e79086dd23135119366da45851c741874e5b, https://binplorer.com/address/0x2235e79086dd23135119366da45851c741874e5b",,no,sí
procter-gamble-ondo-tokenized-stock,Procter & Gamble (Ondo Tokenized Stock),pgon,"Tokenized Assets, Ethereum Ecosystem, Real World Assets (RWA), Ondo Tokenized Assets",153.4,2723321,96007,0.035253648027536964,17753.53459773318,17753.53459773318,,0,2898,1,ethereum: 0x339ce23a355ed6d513dd3e1462975c4ecd86823a,"https://etherscan.io/address/0x339ce23a355ed6D513DD3e1462975C4eCD86823a, https://etherscan.io/token/0x339ce23a355ed6D513DD3e1462975C4eCD86823a, https://ethplorer.io/address/0x339ce23a355ed6D513DD3e1462975C4eCD86823a",,no,no
lto-network,LTO Network,lto,"Smart Contract Platform, NFT, BNB Chain Ecosystem, Layer 1 (L1), Ethereum Ecosystem, Real World Assets (RWA), Proof of Stake (PoS)",0.0062138,2721113,67496,0.024804556076870016,437914890.3300573,437932350.3285723,500000000.0,11972,2899,11,"ethereum: 0xd01409314acb3b245cea9500ece3f6fd4d70ea30, binance-smart-chain: 0x857b222fc79e1cbbf8ca5f78cb133d1b7cf34bbd","https://etherscan.io/token/0xd01409314acb3b245cea9500ece3f6fd4d70ea30, https://platform.arkhamintelligence.com/explorer/token/lto-network, https://ethplorer.io/address/0xd01409314acb3b245cea9500ece3f6fd4d70ea30, http://explorer.lto.network, https://bscscan.com/token/0x857b222fc79e1cbbf8ca5f78cb133d1b7cf34bbd, https://binplorer.com/address/0x857b222fc79e1cbbf8ca5f78cb133d1b7cf34bbd",,no,sí
orbit-3,ORBIT,grift,"Artificial Intelligence (AI), Solana Ecosystem, AI Agents, Pump.fun Ecosystem, Binance Alpha Spotlight, DeFAI",0.00307802,2708571,1763810,0.651195778142792,879683904.580642,999683905.339078,999999126.15,627,2902,12,solana: GekTNfm84QfyP2GdAHZ5AgACBRd69aNmgA5FDhZupump,https://solscan.io/token/GekTNfm84QfyP2GdAHZ5AgACBRd69aNmgA5FDhZupump,,no,no
matrix-ai-network,Matrix AI Network,man,"Artificial Intelligence (AI), Internet of Things (IOT), Smart Contract Platform, Layer 1 (L1), DePIN, Proof of Stake (PoS), Proof of Work (PoW), AI Framework, Made in China",0.00575142,2687669,90215,0.03356626132161364,466684629.1383876,766684540.1885226,1000000000.0,17170,2910,3,,https://tom.matrix.io,,no,no
agridex-governance-token,AgriDex,agri,"Solana Ecosystem, Real World Assets (RWA), Tokenized Commodities",0.00798955,2683935,17705.64,0.006596895975498661,335930730.79275,999999931.992833,1000000000.0,4368,2911,7,solana: AGRidUXLeDij9CJprkZx7WBXtTQC67jtfiwz293mVrJ,https://solscan.io/token/AGRidUXLeDij9CJprkZx7WBXtTQC67jtfiwz293mVrJ,,no,no
orgo,Orgo,orgo,"Artificial Intelligence (AI), AI Framework",0.00315342,2675137,109759,0.041029300555448185,999997080.25596,999997080.25596,1000000000.0,0,2918,6,solana: G85CQEBqwsoe3qkb5oXXpdZFh7uhYXhDRsQAM4aJuBLV,https://solscan.io/token/G85CQEBqwsoe3qkb5oXXpdZFh7uhYXhDRsQAM4aJuBLV,,no,no
apple-ondo-tokenized-stock,Apple (Ondo Tokenized Stock),aaplon,"Tokenized Assets, Ethereum Ecosystem, Real World Assets (RWA), Ondo Tokenized Assets",255.52,2666744,138878,0.05207773974554738,10436.56649516691,10436.56649516691,,0,2923,4,ethereum: 0x14c3abf95cb9c93a8b82c1cdcb76d72cb87b2d4c,"https://etherscan.io/address/0x14c3abF95Cb9C93a8b82C1CdCB76D72Cb87b2d4c, https://etherscan.io/token/0x14c3abF95Cb9C93a8b82C1CdCB76D72Cb87b2d4c, https://ethplorer.io/address/0x14c3abF95Cb9C93a8b82C1CdCB76D72Cb87b2d4c",,no,no
mcdonald-s-ondo-tokenized-stock,McDonald's (Ondo Tokenized Stock),mcdon,"Tokenized Assets, Ethereum Ecosystem, Real World Assets (RWA), Ondo Tokenized Assets",305.42,2666731,63744,0.023903423329912167,8731.459858654138,8731.459858654138,,0,2924,2,ethereum: 0x4c82c8cd9a218612dce60b156b73a36705645e3b,"https://etherscan.io/address/0x4C82c8cD9a218612DCe60b156B73A36705645e3b, https://etherscan.io/token/0x4C82c8cD9a218612DCe60b156B73A36705645e3b, https://ethplorer.io/address/0x4C82c8cD9a218612DCe60b156B73A36705645e3b",,no,no
crestal-nation,Crestal Nation,nation,"Artificial Intelligence (AI), Base Ecosystem, AI Agent Launchpad, AI Framework",0.00084991,2662035,48371,0.01817068520887216,3132138850.6978693,10000000000.0,10000000000.0,29613,2925,1,base: 0x2f74f818e81685c8086dd783837a4605a90474b8,https://basescan.org/token/0x2f74f818e81685c8086dd783837a4605a90474b8,,no,no
nvidia-ondo-tokenized-stock,NVIDIA (Ondo Tokenized Stock),nvdaon,"Tokenized Assets, Ethereum Ecosystem, Real World Assets (RWA), Ondo Tokenized Assets",177.34,2659572,145169,0.05458359465357584,14996.73302583104,14996.73302583104,,0,2928,4,ethereum: 0x2d1f7226bd1f780af6b9a49dcc0ae00e8df4bdee,"https://etherscan.io/address/0x2D1F7226Bd1F780AF6B9A49DCC0aE00E8Df4bDEE, https://etherscan.io/token/0x2D1F7226Bd1F780AF6B9A49DCC0aE00E8Df4bDEE, https://ethplorer.io/address/0x2D1F7226Bd1F780AF6B9A49DCC0aE00E8Df4bDEE",,no,no
ishares-core-s-p-midcap-etf-ondo-tokenized-etf,iShares Core S&P MidCap ETF (Ondo Tokenized ETF),ijhon,"Tokenized Assets, Ethereum Ecosystem, Real World Assets (RWA), Ondo Tokenized Assets",65.85,2652559,254.03,9.57678980938784e-05,40280.71129619796,40280.71129619796,,0,2933,1,ethereum: 0xfd50fc4e3686a8da814c5c3d6121d8ab98a537f0,"https://etherscan.io/address/0xFd50Fc4E3686a8DA814c5C3D6121d8aB98a537F0, https://etherscan.io/token/0xFd50Fc4E3686a8DA814c5C3D6121d8aB98a537F0, https://ethplorer.io/address/0xFd50Fc4E3686a8DA814c5C3D6121d8aB98a537F0",,no,no
modclub,DecideAI,dcd,"Artificial Intelligence (AI), Decentralized Identifier (DID), Internet Computer Ecosystem, AI Framework",0.0052021,2644907,35135,0.013284020950453078,508293359.7786259,984563517.6667178,1000000000.0,21,2936,4,internet-computer: xsi2v-cyaaa-aaaaq-aabfq-cai,https://dashboard.internetcomputer.org/canister/xsi2v-cyaaa-aaaaq-aabfq-cai,,no,no
the-upsider-ai,The Upsider AI,up,"Artificial Intelligence (AI), Base Ecosystem, AI Agents, AI Applications, Virtuals Protocol Ecosystem",0.00268537,2642349,15727.78,0.00595219632228748,993181006.7204883,993181006.7204883,1000000000.0,41,2939,2,base: 0x9e271ec4d66f2b400ad92de8a10e5c9c1914259c,"https://basescan.org/token/0x9e271eC4D66F2b400Ad92De8a10e5c9C1914259C, https://mainnet.dagexplorer.io/metagraphs/DAG7Ghth1WhWK83SB3MtXnnHYZbCsmiRTwJrgaW1",,no,no
nasdaq-xstock,Nasdaq xStock,qqqx,"Tokenized Assets, BNB Chain Ecosystem, Solana Ecosystem, Arbitrum Ecosystem, Ethereum Ecosystem, Real World Assets (RWA), Tokenized Exchange-Traded Funds (ETFs), BackedFi xStocks Ecosystem",596.53,2588664,865515,0.33434814251675765,4339.50405736,27199.9223202,,3974,2958,4,"arbitrum-one: 0xa753a7395cae905cd615da0b82a53e0560f250af, ethereum: 0xa753a7395cae905cd615da0b82a53e0560f250af, binance-smart-chain: 0xa753a7395cae905cd615da0b82a53e0560f250af, solana: Xs8S1uUs1zvS2p7iwtsG3b6fkhpvmwz4GYU3gWAmWHZ","https://www.arbiscan.io/token/0xa753a7395cae905cd615da0b82a53e0560f250af, https://solscan.io/token/Xs8S1uUs1zvS2p7iwtsG3b6fkhpvmwz4GYU3gWAmWHZ, https://arbiscan.io/token/0xa753a7395cae905cd615da0b82a53e0560f250af, https://bscscan.com/token/0xa753a7395cae905cd615da0b82a53e0560f250af, https://binplorer.com/address/0xa753a7395cae905cd615da0b82a53e0560f250af, https://etherscan.io/token/0xa753a7395cae905cd615da0b82a53e0560f250af, https://ethplorer.io/address/0xa753a7395cae905cd615da0b82a53e0560f250af",,no,sí
infinite-games,Infinite Games,sn6,"Artificial Intelligence (AI), Bittensor Ecosystem, Bittensor Subnets",0.96506,2571444,148740,0.05784298627541568,2662743.446283758,2662743.446283758,21000000.0,0,2967,1,bittensor: 6,https://taostats.io/subnets/6/chart,,no,no
sharpe-ai,Sharpe AI,sai,"Artificial Intelligence (AI), Decentralized Finance (DeFi), Analytics, Ethereum Ecosystem, Animoca Brands Portfolio, AI Applications",0.00761667,2562761,250341,0.09768409929759349,335924239.7814885,1000000000.0,1000000000.0,29066,2972,8,ethereum: 0x3567aa22cd3ab9aef23d7e18ee0d7cf16974d7e6,"https://etherscan.io/token/0x3567aa22cd3ab9aef23d7e18ee0d7cf16974d7e6, https://platform.arkhamintelligence.com/explorer/token/sharpe-ai, https://ethplorer.io/address/0x3567aa22cd3ab9aef23d7e18ee0d7cf16974d7e6",,no,no
rovr-network,ROVR Network,rovr,"Artificial Intelligence (AI), Solana Ecosystem, DePIN, Data Availability, AI Applications",0.01226478,2545077,25833,0.010150184061228796,207494876.854296,9999998876.854296,10000000000.0,0,2980,1,solana: FgQ3sxj54SmVzttkxuK4bdiEnUNi6kF9Hyx3ezKW72hn,https://solscan.io/token/FgQ3sxj54SmVzttkxuK4bdiEnUNi6kF9Hyx3ezKW72hn,,no,no
desearch,Desearch,sn22,"Artificial Intelligence (AI), Bittensor Ecosystem, Bittensor Subnets",1.067,2542513,19923.05,0.007835967800361296,2379600.635011342,2379600.635011342,21000000.0,0,2982,1,bittensor: 22,https://taostats.io/subnets/22/chart,,no,no
microsoft-ondo-tokenized-stock,Microsoft (Ondo Tokenized Stock),msfton,"Tokenized Assets, Ethereum Ecosystem, Real World Assets (RWA), Ondo Tokenized Assets",508.6,2534509,93459,0.0368745978017833,4983.289943051798,4983.289943051798,,0,2987,2,ethereum: 0xb812837b81a3a6b81d7cd74cfb19a7f2784555e5,"https://etherscan.io/address/0xB812837b81a3a6b81d7CD74CfB19A7f2784555E5, https://etherscan.io/token/0xB812837b81a3a6b81d7CD74CfB19A7f2784555E5, https://ethplorer.io/address/0xB812837b81a3a6b81d7CD74CfB19A7f2784555E5",,no,no
coldint,Coldint,sn29,"Artificial Intelligence (AI), Bittensor Ecosystem, Bittensor Subnets",0.966229,2507098,27618,0.011015923589743999,2592158.673021783,2592158.673021783,21000000.0,0,2997,1,bittensor: 29,https://taostats.io/subnets/29/chart,,no,no
infinitehash,InfiniteHash,sn89,"Artificial Intelligence (AI), Bittensor Ecosystem, Bittensor Subnets",1.71,2490719,9879.97,0.00396671402916186,1453306.988116826,1453306.988116826,,0,3006,1,bittensor: 89,https://taostats.io/subnets/89/chart,,no,no
leox,LEOX,leox,"Tokenized Real Estate, Ethereum Ecosystem, Real World Assets (RWA), RWA Protocol",0.04893822,2479868,57158,0.02304880743652485,50673440.0,50673440.0,150000000.0,2625,3012,3,ethereum: 0xa444ec96ee01bb219a44b285de47bf33c3447ad5,"https://etherscan.io/token/0xa444ec96ee01bb219a44b285de47bf33c3447ad5, https://platform.arkhamintelligence.com/explorer/token/leox, https://ethplorer.io/address/0xa444ec96ee01bb219a44b285de47bf33c3447ad5",,no,no
loomlay,Loomlay,lay,"Artificial Intelligence (AI), Solana Ecosystem, Base Ecosystem, AI Agent Launchpad, DeFAI",0.00907327,2474650,326777,0.13204978481805507,269967232.163349,465813837.21729237,1000000000.0,2634,3015,5,"base: 0xb89d354ad1b0d95a48b3de4607f75a8cd710c1ba, solana: sRCDYrKbg186hfdrVnY3K8WTeW13cj7M25sA1Kvx2f7","https://basescan.org/address/0xb89d354ad1b0d95a48b3de4607f75a8cd710c1ba, https://basescan.org/token/0xb89D354AD1b0d95a48b3De4607F75a8cD710c1bA, https://solscan.io/token/sRCDYrKbg186hfdrVnY3K8WTeW13cj7M25sA1Kvx2f7",,no,sí
osmi,OSMI,osmi,"Artificial Intelligence (AI), Ethereum Ecosystem, DePIN, AI Applications",0.01070894,2472394,359.24,0.0001453004658642595,230871910.9054589,260330324.9326777,1000000000.0,335,3017,2,ethereum: 0x5485a469faea1492191cfce7528ab6e58135aa4d,"https://etherscan.io/token/0x5485a469fAEa1492191Cfce7528AB6E58135aA4d, https://ethplorer.io/address/0x5485a469fAEa1492191Cfce7528AB6E58135aA4d",,no,no
humanode,Humanode,hmnd,"Artificial Intelligence (AI), Smart Contract Platform, Layer 1 (L1), Decentralized Identifier (DID), Discord Bots, Humanode Ecosystem",0.01621595,2467447,185677,0.0752506538134355,152119758.6246496,400000000.0,400000000.0,14955,3021,4,humanode: HMND,"https://humanode.subscan.io/system_token_detail?unique_id=HMND, https://humanode.subscan.io/token/HMND",,no,no
ispolink,Ispolink,isp,"Artificial Intelligence (AI), Gaming (GameFi), BNB Chain Ecosystem, DaoMaker Launchpad, Play To Earn, Ethereum Ecosystem, Manta Network Ecosystem",0.00026701,2465941,163992,0.0665028076503047,9223281623.764898,9791521076.76296,10000000000.0,17064,3020,7,"ethereum: 0xc8807f0f5ba3fa45ffbdc66928d71c5289249014, manta-pacific: 0xbab1c57ec0bb0ae81d948503e51d90166459d154, binance-smart-chain: 0xd2e7b964770fcf51df088a5f0bb2d33a3c60cccf","https://etherscan.io/token/0xc8807f0f5ba3fa45ffbdc66928d71c5289249014, https://platform.arkhamintelligence.com/explorer/token/ispolink, https://ethplorer.io/address/0xc8807f0f5ba3fa45ffbdc66928d71c5289249014, https://bscscan.com/token/0xd2e7b964770fcf51df088a5f0bb2d33a3c60cccf, https://binplorer.com/address/0xd2e7b964770fcf51df088a5f0bb2d33a3c60cccf, https://pacific-explorer.manta.network/address/0xbab1c57ec0bb0ae81d948503e51d90166459d154",,no,sí
tether-gold-tokens,Tether Gold Tokens,xaut0,"Tokenized Assets, Tokenized Gold, Real World Assets (RWA), TON Ecosystem, Tokenized Commodities, Hyperliquid Ecosystem, Bridged-Tokens, HyperEVM Ecosystem, Plasma Ecosystem",3788.82,2465892,982369,0.39838281644127155,749.357123,184467445341.8292,,0,3023,9,"hyperevm: 0xf4d9235269a96aadafc9adae454a0618ebe37949, plasma: 0x1b64b9025eebb9a6239575df9ea4b9ac46d4d193, the-open-network: EQA1R_LuQCLHlMgOo1S4G7Y7W1cd0FrAkbA10Zq7rddKxi9k, hyperliquid: 0xfd61ec89811ba3cf2ae12d0ed8ef1afd","https://hyperliquid.cloud.blockscout.com/token/0xf4d9235269a96aadafc9adae454a0618ebe37949, https://tonscan.org/address/EQA1R_LuQCLHlMgOo1S4G7Y7W1cd0FrAkbA10Zq7rddKxi9k, https://tonviewer.com/EQA1R_LuQCLHlMgOo1S4G7Y7W1cd0FrAkbA10Zq7rddKxi9k, https://hyperevmscan.io/token/0xf4d9235269a96aadafc9adae454a0618ebe37949, https://app.hyperliquid.xyz/explorer/token/0xfd61ec89811ba3cf2ae12d0ed8ef1afd, https://hypurrscan.io/token/0xfd61ec89811ba3cf2ae12d0ed8ef1afd, https://purrsec.com/address/0xf4d9235269a96aadafc9adae454a0618ebe37949, https://plasmascan.to/token/0xb9c2321bb7d0db468f570d10a424d1cc8efd696c, https://plasmascan.to/token/0x1b64b9025eebb9a6239575df9ea4b9ac46d4d193",,no,sí
jpmorgan-chase-ondo-tokenized-stock,JPMorgan Chase (Ondo Tokenized Stock),jpmon,"Tokenized Assets, Ethereum Ecosystem, Real World Assets (RWA), Ondo Tokenized Assets",316.21,2463371,51.83,2.1040273673758438e-05,7790.386986486365,7790.386986486365,,0,3024,1,ethereum: 0x03c1ec4ca9dbb168e6db0def827c085999cbffaf,"https://etherscan.io/address/0x03C1EC4CA9DBb168E6Db0DeF827c085999CBffaF, https://etherscan.io/token/0x03C1EC4CA9DBb168E6Db0DeF827c085999CBffaF, https://ethplorer.io/address/0x03C1EC4CA9DBb168E6Db0DeF827c085999CBffaF",,no,no
novo-nordisk-ondo-tokenized-stock,Novo Nordisk (Ondo Tokenized Stock),nvoon,"Tokenized Assets, Ethereum Ecosystem, Real World Assets (RWA), Ondo Tokenized Assets",55.81,2415461,32258,0.013354800595000292,43281.93619819217,43281.93619819217,,0,3037,1,ethereum: 0x28151f5888833d3d767c4d6945a0ee50d1b193e3,"https://etherscan.io/address/0x28151F5888833D3d767C4d6945a0Ee50D1B193E3, https://etherscan.io/token/0x28151F5888833D3d767C4d6945a0Ee50D1B193E3, https://ethplorer.io/address/0x28151F5888833D3d767C4d6945a0Ee50D1B193E3",,no,no
real-time-data-by-masa,Real-Time Data by Masa,sn42,"Artificial Intelligence (AI), Bittensor Ecosystem, Bittensor Subnets",0.900291,2407835,720786,0.2993502461755062,2674506.032417631,2674506.032417631,21000000.0,54,3042,1,bittensor: 42,https://taostats.io/subnets/42/chart,,no,no
landshare,Landshare,land,"Tokenized Real Estate, Tokenized Assets, BNB Chain Ecosystem, Polygon Ecosystem, Arbitrum Ecosystem, Real World Assets (RWA)",0.388591,2404843,155378,0.06461045481971173,6147108.412953696,6418605.66361848,10000000.0,14304,3044,6,"binance-smart-chain: 0xa73164db271931cf952cbaeff9e8f5817b42fa5c, polygon-pos: 0xc03e6ad83de7c58c9166ff08d66b960d78e64105, arbitrum-one: 0x27bc2757fab0b8ab406016d1f71d8123452095d3","https://bscscan.com/token/0xa73164db271931cf952cbaeff9e8f5817b42fa5c, https://platform.arkhamintelligence.com/explorer/token/landshare, https://binplorer.com/address/0xa73164db271931cf952cbaeff9e8f5817b42fa5c, https://polygonscan.com/token/0xc03e6ad83de7c58c9166ff08d66b960d78e64105, https://arbiscan.io/token/0x27bc2757fab0b8ab406016d1f71d8123452095d3",,no,sí
gaia-2,Gaia,sn57,"Artificial Intelligence (AI), Bittensor Ecosystem, Bittensor Subnets",0.873815,2395739,7029.17,0.002934029959023082,2741700.404073583,2741700.404073583,21000000.0,0,3048,1,bittensor: 57,https://taostats.io/subnets/57/chart,,no,no
roko-network,Roko Network,roko,"Artificial Intelligence (AI), Ethereum Ecosystem, Robotics",1.15e-05,2393401,83653,0.03495151878017933,208028320498.4278,369369369369.0,369369369369.0,1314,3050,2,ethereum: 0x6f222e04f6c53cc688ffb0abe7206aac66a8ff98,"https://etherscan.io/token/0x6f222e04f6c53cc688ffb0abe7206aac66a8ff98, https://platform.arkhamintelligence.com/explorer/token/roko-network, https://ethplorer.io/address/0x6f222e04f6c53cc688ffb0abe7206aac66a8ff98",,no,no
roko-network,Roko Network,roko,"Artificial Intelligence (AI), Ethereum Ecosystem, Robotics",1.15e-05,2393401,83653,0.03495151878017933,208028320498.4278,369369369369.0,369369369369.0,1314,3050,2,ethereum: 0x6f222e04f6c53cc688ffb0abe7206aac66a8ff98,"https://etherscan.io/token/0x6f222e04f6c53cc688ffb0abe7206aac66a8ff98, https://platform.arkhamintelligence.com/explorer/token/roko-network, https://ethplorer.io/address/0x6f222e04f6c53cc688ffb0abe7206aac66a8ff98",,no,no
rwa-inc,RWA Inc.,rwa,"Decentralized Finance (DeFi), Launchpad, Real World Assets (RWA), Base Ecosystem",0.00689404,2391945,112915,0.04720635298888561,346942973.13820744,988284717.245256,1000000000.0,76657,3051,7,"base: 0xe2b1dc2d4a3b4e59fdf0c47b71a7a86391a8b35a, binance-smart-chain: 0xe2b1dc2d4a3b4e59fdf0c47b71a7a86391a8b35a","https://basescan.org/token/0xe2b1dc2d4a3b4e59fdf0c47b71a7a86391a8b35a, https://bscscan.com/token/0xe2b1dc2d4a3b4e59fdf0c47b71a7a86391a8b35a, https://binplorer.com/address/0xe2b1dc2d4a3b4e59fdf0c47b71a7a86391a8b35a",,no,sí
general-impressions,General Impressions,gen,"Artificial Intelligence (AI), Solana Ecosystem, Pump.fun Ecosystem, AI Framework",0.00238722,2387224,134.71,5.6429560024530586e-05,1000000000.0,1000000000.0,1000000000.0,0,3054,2,solana: Dzox5Ytp6ZU54h3uutcp4MXw3ZnBxR21H5Zx4r4qpump,https://solscan.io/token/Dzox5Ytp6ZU54h3uutcp4MXw3ZnBxR21H5Zx4r4qpump,,no,no
singularity-finance,Singularity Finance,sfi,"Smart Contract Platform, Decentralized Finance (DeFi), BNB Chain Ecosystem, Ethereum Ecosystem, Layer 2 (L2), Real World Assets (RWA)",0.02753122,2354756,230664,0.09795664603891019,85279384.47044875,500000000.0,500000000.0,17748,3066,7,"ethereum: 0x7636d8722fdf7cd34232a915e48e96aa3eb386bf, binance-smart-chain: 0x7636d8722fdf7cd34232a915e48e96aa3eb386bf","https://etherscan.io/token/0x7636d8722fdf7cd34232a915e48e96aa3eb386bf, https://ethplorer.io/address/0x7636D8722Fdf7cd34232a915E48e96aA3eB386BF, https://bscscan.com/token/0x7636d8722fdf7cd34232a915e48e96aa3eb386bf, https://binplorer.com/address/0x7636d8722fdf7cd34232a915e48e96aa3eb386bf",,no,sí
botify,BOTIFY,botify,"Artificial Intelligence (AI), Retail, Solana Ecosystem, E-commerce",0.00233641,2335326,437058,0.18715074469260395,999883270.246878,999883270.246878,1000000000.0,5461,3070,5,solana: BYZ9CcZGKAXmN2uDsKcQMM9UnZacija4vWcns9Th69xb,https://solscan.io/token/BYZ9CcZGKAXmN2uDsKcQMM9UnZacija4vWcns9Th69xb,,no,no
swe-rizzo,SWE - Rizzo,sn45,"Artificial Intelligence (AI), Bittensor Ecosystem, Bittensor Subnets",0.843343,2322394,333694,0.14368535227011436,2753776.555096398,2753776.555096398,21000000.0,0,3074,1,bittensor: 45,https://taostats.io/subnets/45/chart,,no,no
tia,Tiamonds [OLD],tia,"Decentralized Finance (DeFi), Tokenized Assets, Ethereum Ecosystem, Real World Assets (RWA), RWA Protocol",0.01107456,2304142,40.07,1.7390421250079206e-05,208057292.65029177,1010000000.0,1010000000.0,1172,3081,1,ethereum: 0x824e35f7a75324f99300afac75ecf7354e17ea26,"https://etherscan.io/token/0x824e35f7a75324f99300afac75ecf7354e17ea26, https://platform.arkhamintelligence.com/explorer/token/tia, https://ethplorer.io/address/0x824e35f7a75324f99300afac75ecf7354e17ea26",,no,no
mineral-vault-fund-i,Mineral Vault I Security Token,mnrl,"Real World Assets (RWA), Plume Network Ecosystem",0.995229,2271503,108.55,4.7787742301022714e-05,2282390.850926575,10000000.0,,50,3098,1,plume-network: 0x5107272921a750a20d492fb41acf0b770b09a624,https://explorer.plume.org/token/0x5107272921A750A20d492Fb41Acf0b770b09a624,,no,no
nani,NANI,⌘,"Artificial Intelligence (AI), Ethereum Ecosystem, Account Abstraction, AI Framework",0.00339694,2264629,4.75,2.097473802552206e-06,666666666.0,999999999.0,,112,3100,2,"ethereum: 0x00000000000007c8612ba63df8ddefd9e6077c97, base: 0x00000000000007c8612ba63df8ddefd9e6077c97","https://etherscan.io/token/0x00000000000007c8612ba63df8ddefd9e6077c97, https://basescan.org/token/0x00000000000007c8612ba63df8ddefd9e6077c97, https://ethplorer.io/address/0x00000000000007c8612ba63df8ddefd9e6077c97",,no,sí
international-stable-currency,International Stable Currency,isc,"Solana Ecosystem, Real World Assets (RWA)",2.02,2257667,1975.06,0.0008748234349884195,1116460.989448,1116460.989448,,1462,3105,2,solana: J9BcrQfX4p9D1bvLzRNCbMDv8f44a9LFdeqNE4Yk2WMD,"https://solscan.io/token/J9BcrQfX4p9D1bvLzRNCbMDv8f44a9LFdeqNE4Yk2WMD, https://platform.arkhamintelligence.com/explorer/token/international-stable-currency, https://solana.fm/address/j9bcrqfx4p9d1bvlzrncbmdv8f44a9lfdeqne4yk2wmd",,no,no
limbo,LIMBO,limbo,"Artificial Intelligence (AI), Solana Ecosystem, Avalanche Ecosystem, Meme, AI Meme, AI Agents, Pump.fun Ecosystem",0.00223091,2244200,79730,0.035527136618839675,999997810.79,999997810.79,999997810.79,0,3113,4,"solana: 5UAMZkfNmuVcKzr2wo8Jqw4R1k8vfdAVJNN6h3bVpump, avalanche: 0x3e5b9c8930ecab017e16c3b7a2d0cb746d8bcdcf","https://solscan.io/token/5UAMZkfNmuVcKzr2wo8Jqw4R1k8vfdAVJNN6h3bVpump, https://avascan.info/blockchain/c/address/0x3e5b9c8930ecab017e16c3b7a2d0cb746d8bcdcf/token, https://snowtrace.io/token/0x3e5b9c8930ecab017e16c3b7a2d0cb746d8bcdcf?type=erc20&chainid=43114",,no,sí
gam3s-gg,GAM3S.GG,g3,"Artificial Intelligence (AI), Gaming (GameFi), NFT, Arbitrum Ecosystem, Ethereum Ecosystem, Base Ecosystem, Gaming Governance Token, Gaming Utility Token, Gaming Platform, AI Agents, Virtuals Protocol Ecosystem",0.00380824,2216219,432528,0.19516482802466723,581002181.4718465,1000000000.0,1000000000.0,0,3124,8,"arbitrum-one: 0xc24a365a870821eb83fd216c9596edd89479d8d7, ethereum: 0xcf67815cce72e682eb4429eca46843bed81ca739, base: 0xcf67815cce72e682eb4429eca46843bed81ca739","https://arbiscan.io/token/0xc24a365a870821eb83fd216c9596edd89479d8d7, https://platform.arkhamintelligence.com/explorer/token/gam3s-gg, https://etherscan.io/token/0xcf67815cce72e682eb4429eca46843bed81ca739, https://ethplorer.io/address/0xcf67815cce72e682eb4429eca46843bed81ca739, https://basescan.org/token/0xCF67815ccE72E682Eb4429eCa46843bed81Ca739",,no,sí
meta-xstock,Meta xStock,metax,"Tokenized Assets, BNB Chain Ecosystem, Solana Ecosystem, Tokenized Stock, Ethereum Ecosystem, Real World Assets (RWA), BackedFi xStocks Ecosystem",743.47,2193618,2180645,0.994086025917001,2950.510166271635,25999.93405057,,3975,3131,13,"arbitrum-one: 0x96702be57cd9777f835117a809c7124fe4ec989a, binance-smart-chain: 0x96702be57cd9777f835117a809c7124fe4ec989a, ethereum: 0x96702be57cd9777f835117a809c7124fe4ec989a, solana: Xsa62P5mvPszXL1krVUnU5ar38bBSVcWAB6fmPCo5Zu","https://www.arbiscan.io/token/0x96702be57cd9777f835117a809c7124fe4ec989a, https://arbiscan.io/token/0x96702be57cd9777f835117a809c7124fe4ec989a, https://solscan.io/token/Xsa62P5mvPszXL1krVUnU5ar38bBSVcWAB6fmPCo5Zu, https://bscscan.com/token/0x96702be57cd9777f835117a809c7124fe4ec989a, https://binplorer.com/address/0x96702be57cd9777f835117a809c7124fe4ec989a, https://etherscan.io/token/0x96702be57cd9777f835117a809c7124fe4ec989a, https://ethplorer.io/address/0x96702be57cd9777f835117a809c7124fe4ec989a",,no,sí
paimon-spacex-spv-token,Paimon SpaceX SPV Token,spcx,"BNB Chain Ecosystem, Real World Assets (RWA)",219.32,2193161,219.32,0.00010000177825522157,10000.0,10000.0,4000000.0,0,3132,1,binance-smart-chain: 0x872109274218cb50f310e2bfb160d135b502a9d5,"https://bscscan.com/token/0x872109274218cb50f310e2bfb160d135b502a9d5, https://binplorer.com/address/0x872109274218cB50F310E2bFb160D135B502A9d5",,no,no
aura-network,Aura Network,aura,"Smart Contract Platform, Layer 1 (L1), Real World Assets (RWA), DWF Labs Portfolio",0.00534377,2171064,36202,0.016674773290884102,406283246.560682,1000000000.0,1000000000.0,18334,3142,2,,https://aurascan.io/,,no,no
coinbase-xstock,Coinbase xStock,coinx,"Tokenized Assets, BNB Chain Ecosystem, Solana Ecosystem, Tokenized Stock, Ethereum Ecosystem, Real World Assets (RWA), BackedFi xStocks Ecosystem",312.19,2161569,3414982,1.579862590553436,6928.0369399,31999.99916158,,3974,3150,16,"arbitrum-one: 0x364f210f430ec2448fc68a49203040f6124096f0, ethereum: 0x364f210f430ec2448fc68a49203040f6124096f0, binance-smart-chain: 0x364f210f430ec2448fc68a49203040f6124096f0, solana: Xs7ZdzSHLU9ftNJsii5fCeJhoRWSC32SQGzGQtePxNu","https://www.arbiscan.io/token/0x364f210f430ec2448fc68a49203040f6124096f0, https://arbiscan.io/token/0x364f210f430eC2448Fc68A49203040F6124096F0, https://solscan.io/token/Xs7ZdzSHLU9ftNJsii5fCeJhoRWSC32SQGzGQtePxNu, https://bscscan.com/token/0x364f210f430ec2448fc68a49203040f6124096f0, https://binplorer.com/address/0x364f210f430ec2448fc68a49203040f6124096f0, https://etherscan.io/token/0x364f210f430ec2448fc68a49203040f6124096f0, https://ethplorer.io/address/0x364f210f430ec2448fc68a49203040f6124096f0",,no,sí
pepsico-ondo-tokenized-stock,PepsiCo (Ondo Tokenized Stock),pepon,"Tokenized Assets, Ethereum Ecosystem, Real World Assets (RWA), Ondo Tokenized Assets",141.61,2160520,18262.43,0.008452793771869735,15256.31398115527,15256.31398115527,,0,3152,2,ethereum: 0x3ce219d498d807317f840f4cb0f03fa27dd65046,"https://etherscan.io/address/0x3cE219D498D807317F840f4CB0f03FA27dd65046, https://etherscan.io/token/0x3cE219D498D807317F840f4CB0f03FA27dd65046, https://ethplorer.io/address/0x3cE219D498D807317F840f4CB0f03FA27dd65046",,no,no
pepsico-ondo-tokenized-stock,PepsiCo (Ondo Tokenized Stock),pepon,"Tokenized Assets, Ethereum Ecosystem, Real World Assets (RWA), Ondo Tokenized Assets",141.61,2160520,18262.43,0.008452793771869735,15256.31398115527,15256.31398115527,,0,3152,2,ethereum: 0x3ce219d498d807317f840f4cb0f03fa27dd65046,"https://etherscan.io/address/0x3cE219D498D807317F840f4CB0f03FA27dd65046, https://etherscan.io/token/0x3cE219D498D807317F840f4CB0f03FA27dd65046, https://ethplorer.io/address/0x3cE219D498D807317F840f4CB0f03FA27dd65046",,no,no
ibm-ondo-tokenized-stock,IBM (Ondo Tokenized Stock),ibmon,"Tokenized Assets, Ethereum Ecosystem, Real World Assets (RWA), Ondo Tokenized Assets",285.8,2144611,64325,0.029993784420577905,7503.797574750467,7503.797574750467,,0,3161,1,ethereum: 0x25d3f236b2d61656eebdea86ac6d42168e340011,"https://etherscan.io/address/0x25d3f236B2d61656eebdeA86Ac6D42168e340011, https://etherscan.io/token/0x25d3f236B2d61656eebdeA86Ac6D42168e340011, https://ethplorer.io/address/0x25d3f236B2d61656eebdeA86Ac6D42168e340011",,no,no
bitagent-rizzo,BitAgent - Rizzo,sn20,"Artificial Intelligence (AI), Bittensor Ecosystem, Bittensor Subnets",0.781519,2143498,8278.63,0.0038622056097089895,2741830.431760179,2741830.431760179,21000000.0,0,3163,1,bittensor: 20,https://taostats.io/subnets/20/chart,,no,no
neutaro,Neutaro,ntmpi,"Artificial Intelligence (AI), Ethereum Ecosystem, DePIN, Osmosis Ecosystem",0.01430081,2130194,247411,0.1161448206125827,148968742.0,399963020.0,400000000.0,12117,3169,4,"ethereum: 0x53be7be0ce7f92bcbd2138305735160fb799be4f, osmosis: ibc/DAED51CBD967A3BE0C467687970AFD97B202AFE4A1718B36936F49178AFE0133","https://etherscan.io/token/0x53be7be0ce7f92bcbd2138305735160fb799be4f, https://platform.arkhamintelligence.com/explorer/token/neutaro, https://ethplorer.io/address/0x53be7be0ce7f92bcbd2138305735160fb799be4f, https://www.mintscan.io/osmosis/assets/ibc/aWJjL0RBRUQ1MUNCRDk2N0EzQkUwQzQ2NzY4Nzk3MEFGRDk3QjIwMkFGRTRBMTcxOEIzNjkzNkY0OTE3OEFGRTAxMzM=",,no,sí
itsai,ItsAI,sn32,"Artificial Intelligence (AI), Bittensor Ecosystem, Bittensor Subnets",0.762906,2129548,240463,0.11291738904218172,2790446.495600331,2790446.495600331,21000000.0,0,3170,1,bittensor: 32,https://taostats.io/subnets/32/chart,,no,no
storb,Storb,sn26,"Artificial Intelligence (AI), Bittensor Ecosystem, Bittensor Subnets",0.833561,2105007,563891,0.26788081939870034,2525317.802945146,2525317.802945146,21000000.0,0,3171,1,bittensor: 26,https://taostats.io/subnets/26/chart,,no,no
agent-arena-by-masa,Agent Arena by Masa,sn59,"Artificial Intelligence (AI), Bittensor Ecosystem, Bittensor Subnets",0.793885,2126289,176972,0.08323045456191515,2678334.168459942,2678334.168459942,21000000.0,0,3174,1,bittensor: 59,https://taostats.io/subnets/59/chart,,no,no
homebrew-robotics-club,Homebrew Robotics Club,brew,"Artificial Intelligence (AI), Infrastructure, Solana Ecosystem, DePIN, Pump.fun Ecosystem, Robotics",0.00269993,2120513,69201,0.032634084299412454,787052608.893093,999956358.893093,1000000000.0,0,3179,2,solana: 2hXQn7nJbh2XFTxvtyKb5mKfnScuoiC1Sm8rnWydpump,https://solscan.io/token/2hXQn7nJbh2XFTxvtyKb5mKfnScuoiC1Sm8rnWydpump,,no,no
robostack,RoboStack,robot,"Artificial Intelligence (AI), Base Ecosystem, AI Agents, Virtuals Protocol Ecosystem, Robotics",0.00312277,2080115,41055,0.019736889546972163,674988181.55,1000000000.0,1000000000.0,0,3188,2,base: 0x708c2b2eeb9578dfe4020895139e88f7654647ff,https://basescan.org/token/0x708c2B2eEb9578dFe4020895139E88F7654647Ff,,no,no
tao-private-network,TAO Private Network,sn65,"Artificial Intelligence (AI), Bittensor Ecosystem, Bittensor Subnets",0.8425,2079298,594625,0.2859739200441688,2468011.138100231,2468011.138100231,21000000.0,0,3196,1,bittensor: 65,https://taostats.io/subnets/65/chart,,no,no
icpanda-dao,ICPanda DAO,panda,"Artificial Intelligence (AI), Internet Computer Ecosystem, AI Agents, AI Framework, Made in China",0.00253947,2075164,556.0,0.00026793063102482505,814818195.0,1034818195.0,1080000000.0,0,3199,1,internet-computer: druyg-tyaaa-aaaaq-aactq-cai,https://dashboard.internetcomputer.org/canister/druyg-tyaaa-aaaaq-aactq-cai,,no,no
icpanda-dao,ICPanda DAO,panda,"Artificial Intelligence (AI), Internet Computer Ecosystem, AI Agents, AI Framework, Made in China",0.00253947,2075164,556.0,0.00026793063102482505,814818195.0,1034818195.0,1080000000.0,0,3199,1,internet-computer: druyg-tyaaa-aaaaq-aactq-cai,https://dashboard.internetcomputer.org/canister/druyg-tyaaa-aaaaq-aactq-cai,,no,no
streetvision-by-natix,StreetVision by NATIX,sn72,"Artificial Intelligence (AI), Bittensor Ecosystem, Bittensor Subnets",0.881806,2063566,3516.59,0.0017041325550042985,2340157.142148714,2340157.142148714,21000000.0,31518,3202,1,bittensor: 72,https://taostats.io/subnets/72/chart,,no,no
neurai,Neurai,xna,"Smart Contract Platform, Layer 1 (L1), Real World Assets (RWA), Proof of Work (PoW)",0.00013112,2056322,81965,0.039860002470430214,15683440115.52772,15683544127.76115,21000000000.0,4907,3210,5,,"https://neuraiexplorer.com, https://explorer.neurai.org, https://xna.cryptoscope.io, https://blockbook.neurai.org",,no,no
chatoshi,ChAtoshI,chatoshi,"Artificial Intelligence (AI), Solana Ecosystem, Meme, Pump.fun Ecosystem",0.00204253,2048637,3172.15,0.0015484197542073096,998998712.961271,998998712.961271,999999999.0,918,3217,3,solana: Bhu2wBWxfWkRJ6pFn5NodnEvMCqj9DLfCU5qMvt7pump,https://solscan.io/token/Bhu2wBWxfWkRJ6pFn5NodnEvMCqj9DLfCU5qMvt7pump,,no,no
toyota-ondo-tokenized-stock,Toyota (Ondo Tokenized Stock),tmon,"Tokenized Assets, Ethereum Ecosystem, Real World Assets (RWA), Ondo Tokenized Assets",198.76,2019233,56760,0.0281096832312071,10159.07639329998,10159.07639329998,,0,3236,1,ethereum: 0xab02fc332e9278ebcbbc6b4a8038050c01d15f69,"https://etherscan.io/address/0xaB02fc332e9278eBCbbC6B4a8038050c01D15F69, https://etherscan.io/token/0xaB02fc332e9278eBCbbC6B4a8038050c01D15F69, https://ethplorer.io/address/0xaB02fc332e9278eBCbbC6B4a8038050c01D15F69",,no,no
walmart-ondo-tokenized-stock,Walmart (Ondo Tokenized Stock),wmton,"Tokenized Assets, Ethereum Ecosystem, Real World Assets (RWA), Ondo Tokenized Assets",103.22,2015325,64720,0.0321139270341012,19524.04053024045,19524.04053024045,,0,3242,1,ethereum: 0x82106347ddbb23ce44cf4ce4053ef1adf8b9323b,"https://etherscan.io/address/0x82106347dDbB23cE44Cf4cE4053Ef1adf8b9323B, https://etherscan.io/token/0x82106347dDbB23cE44Cf4cE4053Ef1adf8b9323B, https://ethplorer.io/address/0x82106347dDbB23cE44Cf4cE4053Ef1adf8b9323B",,no,no
a0x,A0x,a0x,"Artificial Intelligence (AI), AI Agents, Clanker Ecosystem",1.971e-05,2009291,126895,0.06315411754693571,99943379468.7149,99943379468.7149,99943379468.7149,432,3245,2,base: 0x820c5f0fb255a1d18fd0ebb0f1ccefbc4d546da7,https://basescan.org/token/0x820c5f0fb255a1d18fd0ebb0f1ccefbc4d546da7,,no,no
xcad-network,XCAD Network,xcad,"Artificial Intelligence (AI), SocialFi, BNB Chain Ecosystem, Solana Ecosystem, Polygon Ecosystem, DaoMaker Launchpad, Zilliqa Ecosystem, Ethereum Ecosystem, Metis Ecosystem, Step Network Ecosystem, Base Ecosystem, opBNB Ecosystem, AI Agent Launchpad",0.02358275,2001392,838101,0.4187590437055809,84869870.55874372,194817990.5915661,200000000.0,18712,3254,19,"ethereum: 0x7659ce147d0e714454073a5dd7003544234b6aa0, opbnb: 0xaf9fe3b5ccdae78188b1f8b9a49da7ae9510f151, zilliqa: zil1z5l74hwy3pc3pr3gdh3nqju4jlyp0dzkhq2f5y, metis-andromeda: 0x66673f0a3b5d99524ba76a558b93a9ca1386f4cd, solana: AHcxvCP5se2DiqfcXwBz8i7WygwWJdd8f9S9t6nd4YsQ, step-network: 0xe6801928061cdbe32ac5ad0634427e140efd05f9, base: 0x750cf88d9e0c2bcedeec31d5faad6ed6e3f1abc6, binance-smart-chain: 0xa026ad2ceda16ca5fc28fd3c72f99e2c332c8a26, polygon-pos: 0xa55870278d6389ec5b524553d03c04f5677c061e","https://etherscan.io/token/0x7659ce147d0e714454073a5dd7003544234b6aa0, https://platform.arkhamintelligence.com/explorer/token/xcad-network, https://ethplorer.io/address/0x7659ce147d0e714454073a5dd7003544234b6aa0, https://polygonscan.com/token/0xa55870278d6389ec5b524553d03c04f5677c061e, https://bscscan.com/token/0xa026ad2ceda16ca5fc28fd3c72f99e2c332c8a26, https://andromeda-explorer.metis.io/token/, https://stepscan.io/token/0xe6801928061cdbe32ac5ad0634427e140efd05f9, https://binplorer.com/address/0xa026ad2ceda16ca5fc28fd3c72f99e2c332c8a26, https://bnb.dex.guru/token/0xa026ad2ceda16ca5fc28fd3c72f99e2c332c8a26, https://andromeda-explorer.metis.io/token/0x66673f0a3b5d99524ba76a558b93a9ca1386f4cd",,no,sí
sag3-ai-by-virtuals,SAG3.ai by Virtuals,sag3,"Artificial Intelligence (AI), Solana Ecosystem, AI Agents, Virtuals Protocol Ecosystem",0.0049229,1990137,335.41,0.00016853613595445944,404260933.802479,999960569.26273,1000000000.0,0,3262,2,solana: Gx5dX1pM5aCQn8wtXEmEHSUia3W57Jq7qdu7kKsHvirt,https://solscan.io/token/Gx5dX1pM5aCQn8wtXEmEHSUia3W57Jq7qdu7kKsHvirt,,no,no
libertai,LibertAI,ltai,"Artificial Intelligence (AI), Solana Ecosystem, Telegram Apps, Base Ecosystem, AI Applications",0.116937,1988005,34.44,1.7323900090794538e-05,16965829.156895485,25010089.99784535,60000000.0,895,3266,2,"base: 0xf8b1b47aa748f5c7b5d0e80c726a843913eb573a, solana: mntpN8z1d29f3MWhMD7VqZFpeYmbD88MgwS3Bkz8y7u","https://basescan.org/token/0xf8b1b47aa748f5c7b5d0e80c726a843913eb573a, https://platform.arkhamintelligence.com/explorer/token/libertai, https://solscan.io/token/mntpN8z1d29f3MWhMD7VqZFpeYmbD88MgwS3Bkz8y7u",,no,sí
tatsu,Tatsu,tatsu,"Artificial Intelligence (AI), Ethereum Ecosystem, Bittensor Ecosystem",1.99,1985725,33533,0.016887031185083532,1000000.0,1000000.0,1000000.0,1914,3269,2,ethereum: 0x92f419fb7a750aed295b0ddf536276bf5a40124f,"https://etherscan.io/token/0x92f419fb7a750aed295b0ddf536276bf5a40124f, https://platform.arkhamintelligence.com/explorer/token/tatsu, https://ethplorer.io/address/0x92f419fb7a750aed295b0ddf536276bf5a40124f",,no,no
effect-ai,Effect AI,effect,"Artificial Intelligence (AI), Business Services, Solana Ecosystem",0.00600983,1980026,9837.42,0.004968328698714057,330220723.512314,519999873.529792,520000000.0,3290,3273,3,solana: EFFECT1A1R3Dz8Hg4q5SXKjkiPc6KDRUWQ7Czjvy4H7E,https://solscan.io/token/EFFECT1A1R3Dz8Hg4q5SXKjkiPc6KDRUWQ7Czjvy4H7E,,no,no
a0x,A0x,a0x,"Artificial Intelligence (AI), AI Agents, Clanker Ecosystem",1.971e-05,1970286,126895,0.06440435550980923,99943379468.7149,99943379468.7149,99943379468.7149,432,3278,2,base: 0x820c5f0fb255a1d18fd0ebb0f1ccefbc4d546da7,https://basescan.org/token/0x820c5f0fb255a1d18fd0ebb0f1ccefbc4d546da7,,no,no
aura-2,Aura,aura,"Artificial Intelligence (AI), Base Ecosystem, AI Framework",0.111281,1966390,496.92,0.0002527067367104186,17671020.650941078,49997862.522541635,50000000.0,988,3281,1,base: 0x4381bc7d5640bf514a508e2732ec522c650c414c,https://basescan.org/token/0x4381bc7d5640bf514a508e2732ec522c650c414c,,no,no
blackrock-inc-ondo-tokenized-stock,"Blackrock, Inc. (Ondo Tokenized Stock)",blkon,"Tokenized Assets, Ethereum Ecosystem, Real World Assets (RWA), Ondo Tokenized Assets",1159.18,1964283,43.54,2.2165848810991084e-05,1694.551661708839,1694.551661708839,,0,3282,1,ethereum: 0x7a0f89c1606f71499950aa2590d547c3975b728e,"https://etherscan.io/address/0x7a0F89c1606f71499950AA2590d547c3975B728E, https://etherscan.io/token/0x7a0F89c1606f71499950AA2590d547c3975B728E, https://ethplorer.io/address/0x7a0F89c1606f71499950AA2590d547c3975B728E",,no,no
carbify,Carbify,cby,"Gaming (GameFi), NFT, Polygon Ecosystem, Ethereum Ecosystem, Regenerative Finance (ReFi), Real World Assets (RWA)",0.199402,1962141,19645.05,0.010012048063824159,9840130.518449128,50000000.0,50000000.0,1613,3283,0,"polygon-pos: 0xb6a5ae40e79891e4deadad06c8a7ca47396df21c, ethereum: 0xb9d27bc093ed0a3b7c18366266704cfe5e7af77b","https://polygonscan.com/token/0xb6a5ae40e79891e4deadad06c8a7ca47396df21c, https://platform.arkhamintelligence.com/explorer/token/carbify, https://etherscan.io/token/0xb9d27bc093ed0a3b7c18366266704cfe5e7af77b, https://ethplorer.io/address/0xb9d27bc093ed0a3b7c18366266704cfe5e7af77b",,no,sí
agent-zero-token,Agent Zero Token,a0t,"Artificial Intelligence (AI), Base Ecosystem, AI Agents, AI Framework",1.96,1958071,21506,0.010983258523311975,1000000.0,1000000.0,1000000.0,0,3285,3,base: 0xcc4adb618253ed0d4d8a188fb901d70c54735e03,"https://basescan.org/token/0xCc4ADB618253ED0d4d8A188fB901d70C54735e03, https://base.blockscout.com/token/0xCc4ADB618253ED0d4d8A188fB901d70C54735e03, https://routescan.io/token/0xCc4ADB618253ED0d4d8A188fB901d70C54735e03?chainid=8453",,no,no
chevron-ondo-tokenized-stock,Chevron (Ondo Tokenized Stock),cvxon,"Tokenized Assets, Ethereum Ecosystem, Real World Assets (RWA), Ondo Tokenized Assets",160.36,1937091,6.57,3.3916837154268953e-06,12079.50061229822,12079.50061229822,,0,3299,1,ethereum: 0x8f3e41b378ae010c46d255f36bfc1d303b52dceb,"https://etherscan.io/address/0x8F3E41b378ae010c46d255F36bFC1D303b52dceb, https://etherscan.io/token/0x8F3E41b378ae010c46d255F36bFC1D303b52dceb, https://ethplorer.io/address/0x8F3E41b378ae010c46d255F36bFC1D303b52dceb",,no,no
ishares-russell-2000-etf-ondo-tokenized-etf,iShares Russell 2000 ETF (Ondo Tokenized ETF),iwmon,"Tokenized Assets, Ethereum Ecosystem, Real World Assets (RWA), Ondo Tokenized Assets",242.0,1911428,252.17,0.00013192754317714294,7898.558303852586,7898.558303852586,,0,3314,1,ethereum: 0x070d79021dd7e841123cb0cf554993bf683c511d,"https://etherscan.io/address/0x070D79021dD7e841123cB0CF554993bF683c511D, https://etherscan.io/token/0x070D79021dD7e841123cB0CF554993bF683c511D, https://ethplorer.io/address/0x070D79021dD7e841123cB0CF554993bF683c511D",,no,no
bitads,HashTensor,sn16,"Artificial Intelligence (AI), Bittensor Ecosystem, Bittensor Subnets",0.712535,1899469,211050,0.11110999968938688,2665789.900455355,2665789.900455355,21000000.0,0,3319,1,bittensor: 16,https://taostats.io/subnets/16/chart,,no,no
muhdo-hub,Muhdo Hub,dna,"Artificial Intelligence (AI), Healthcare, Solana Ecosystem, Ethereum Ecosystem, Decentralized Science (DeSci), AI Applications",0.00105277,1877785,86105,0.04585455736412848,1792806056.4979947,4768187322.750345,8000000000.0,3513,3334,2,"ethereum: 0x7d3e4165fd7d8590fb2a415a550f7bdece5c4f52, solana: Fnm6Jf4BtRHSjMcUt7jYk5cJksQhzuwhtgg94kG5XB59","https://etherscan.io/token/0x7d3e4165fd7D8590fB2a415A550F7bdecE5c4F52, https://ethplorer.io/address/0x7d3e4165fd7D8590fB2a415A550F7bdecE5c4F52, https://solscan.io/token/Fnm6Jf4BtRHSjMcUt7jYk5cJksQhzuwhtgg94kG5XB59",,no,sí
optimus-ai,Optimus AI,opti,"Artificial Intelligence (AI), Meme, Ethereum Ecosystem, Elon Musk-Inspired",0.01873649,1873878,74440,0.039725104836067233,100000000.0,100000000.0,100000000.0,5636,3337,3,ethereum: 0x562e362876c8aee4744fc2c6aac8394c312d215d,"https://etherscan.io/token/0x562e362876c8aee4744fc2c6aac8394c312d215d, https://platform.arkhamintelligence.com/explorer/token/optimus-ai, https://ethplorer.io/address/0x562e362876c8aee4744fc2c6aac8394c312d215d",,no,no
lea-ai,LEA AI,lea,"Artificial Intelligence (AI), Solana Ecosystem, Meme, Solana Meme, Pump.fun Ecosystem, AI Applications",0.00186933,1870663,17197.15,0.009193077534542567,1000000000.0,1000000000.0,1000000000.0,5750,3339,1,solana: 8SpPaFLycx897D6sowPZkEkcNdDahzRZb5itr6D8pump,https://solscan.io/token/8SpPaFLycx897D6sowPZkEkcNdDahzRZb5itr6D8pump,,no,no
dfdv-xstock,DeFi Development Corp.,dfdvx,"BNB Chain Ecosystem, Solana Ecosystem, Arbitrum Ecosystem, Tokenized Stock, Ethereum Ecosystem, Real World Assets (RWA), BackedFi xStocks Ecosystem",15.38,1860015,82499,0.044353943382177026,120998.78951314,120998.78951314,,147,3343,2,"solana: Xs2yquAgsHByNzx68WJC55WHjHBvG9JsMB7CWjTLyPy, ethereum: 0x521860bb5df5468358875266b89bfe90d990c6e7, binance-smart-chain: 0x521860bb5df5468358875266b89bfe90d990c6e7, arbitrum-one: 0x521860bb5df5468358875266b89bfe90d990c6e7","https://solscan.io/token/Xs2yquAgsHByNzx68WJC55WHjHBvG9JsMB7CWjTLyPy, https://www.arbiscan.io/token/0x521860bb5df5468358875266b89bfe90d990c6e7, https://arbiscan.io/token/0x521860bb5df5468358875266b89bfe90d990c6e7, https://etherscan.io/token/0x521860bb5df5468358875266b89bfe90d990c6e7, https://ethplorer.io/address/0x521860bb5df5468358875266b89bfe90d990c6e7, https://bscscan.com/token/0x521860bb5df5468358875266b89bfe90d990c6e7, https://binplorer.com/address/0x521860bb5df5468358875266b89bfe90d990c6e7",,no,sí
anita-ai,Anita AI,anita,"Artificial Intelligence (AI), Solana Ecosystem, AI Agents",0.00185354,1853537,73956,0.03989993186000603,1000000000.0,1000000000.0,1000000000.0,1294,3346,2,solana: AnXE9mZYWReqBw4v5HrY2S2utt42uEtcBGmuCXASvRAi,https://solscan.io/token/AnXE9mZYWReqBw4v5HrY2S2utt42uEtcBGmuCXASvRAi,,no,no
subvortex,SubVortex,sn7,"Artificial Intelligence (AI), Bittensor Ecosystem, Bittensor Subnets",0.669976,1848740,93868,0.0507740406979889,2759412.170950616,2759412.170950616,21000000.0,0,3347,1,bittensor: 7,https://taostats.io/subnets/7/chart,,no,no
hive-intelligence,Hive Intelligence,hint,"Artificial Intelligence (AI), Infrastructure, Base Ecosystem, AI Agents, AI Framework, DeFAI",0.00400807,1847619,345402,0.18694438626145327,460975000.0,1000000000.0,1000000000.0,3287,3349,5,base: 0x91da780bc7f4b7cf19abe90411a2a296ec5ff787,https://basescan.org/token/0x91da780bc7f4b7cf19abe90411a2a296ec5ff787,,no,no
hive-intelligence,Hive Intelligence,hint,"Artificial Intelligence (AI), Infrastructure, Base Ecosystem, AI Agents, AI Framework, DeFAI",0.00400807,1847619,345402,0.18694438626145327,460975000.0,1000000000.0,1000000000.0,3287,3349,5,base: 0x91da780bc7f4b7cf19abe90411a2a296ec5ff787,https://basescan.org/token/0x91da780bc7f4b7cf19abe90411a2a296ec5ff787,,no,no
xrpturbo,Xrpturbo,xrt,"Artificial Intelligence (AI), XRP Ledger Ecosystem, AI Agent Launchpad",0.01848321,1842129,175054,0.09502808978090026,100000000.0,100000000.0,100000000.0,1710,3357,1,xrp: rPvuCxw1m8u2SWTqtRN6ZEcb1xPbU4cPFR,"https://xrpscan.com/account/rPvuCxw1m8u2SWTqtRN6ZEcb1xPbU4cPFR, https://xrpscan.com/token/rPvuCxw1m8u2SWTqtRN6ZEcb1xPbU4cPFR, https://livenet.xrpl.org/token/rPvuCxw1m8u2SWTqtRN6ZEcb1xPbU4cPFR",,no,no
maicrotrader,maicrotrader,maicro,"Artificial Intelligence (AI), Base Ecosystem, AI Agents, Virtuals Protocol Ecosystem",0.00197035,1834521,4204.14,0.0022916826790208454,930000000.0,1000000000.0,1000000000.0,640,3359,1,base: 0xe74731ba9d1da6fd3c8c60ff363732bebac5273e,https://basescan.org/token/0xE74731ba9d1Da6Fd3C8c60Ff363732bebAc5273E,,no,no
neurobro,Neurobro,bro,"Artificial Intelligence (AI), Music, Base Ecosystem, AI Agents, Virtuals Protocol Ecosystem, AI Framework",0.00228618,1825943,8381.74,0.0045903623497557155,798688877.4301221,993024099.4301221,1000000000.0,27484,3354,1,base: 0xc796e499cc8f599a2a8280825d8bda92f7a895e0,https://basescan.org/token/0xc796e499cc8f599a2a8280825d8bda92f7a895e0,,no,no
simple-ai,Simple AI,smpl,"Artificial Intelligence (AI), Ethereum Ecosystem, AI Framework, Robotics",0.0182164,1821502,3291.24,0.0018068824519544859,100000000.0,100000000.0,100000000.0,282,3368,1,ethereum: 0xfdd070e34cbd0923d307f3af481be5bddac4f487,"https://etherscan.io/token/0xfDd070e34cbd0923D307F3AF481Be5bddaC4f487, https://ethplorer.io/address/0xfDd070e34cbd0923D307F3AF481Be5bddaC4f487",,no,no
meta-platforms-ondo-tokenized-stock,Meta Platforms (Ondo Tokenized Stock),metaon,"Tokenized Assets, Ethereum Ecosystem, Real World Assets (RWA), Ondo Tokenized Assets",740.42,1819536,52441,0.02882108405659465,2457.42834773672,2457.42834773672,,0,3371,2,ethereum: 0x59644165402b611b350645555b50afb581c71eb2,"https://etherscan.io/address/0x59644165402b611b350645555B50Afb581C71EB2, https://etherscan.io/token/0x59644165402b611b350645555B50Afb581C71EB2, https://ethplorer.io/address/0x59644165402b611b350645555B50Afb581C71EB2",,no,no
kinka,Kinka,xnk,"Tokenized Assets, Tokenized Gold, Cardano Ecosystem, Ethereum Ecosystem, Real World Assets (RWA), Tokenized Commodities",3764.22,1814352,49093,0.02705814527721192,482.0,482.0,,999,3375,2,"ethereum: 0x722a89f1b925fe41883978219c2176aecc7d6699, cardano: 2c5c6ca6f993e198bc9ac859ffb624dd291ec50b4d361544bd01e3ac","https://etherscan.io/token/0x722a89f1b925fe41883978219c2176aecc7d6699, https://platform.arkhamintelligence.com/explorer/token/kinka, https://ethplorer.io/address/0x722a89f1b925fe41883978219c2176aecc7d6699, https://cardanoscan.io/token/2c5c6ca6f993e198bc9ac859ffb624dd291ec50b4d361544bd01e3ac",,no,sí
rivalz-network,Rivalz Network,riz,"Artificial Intelligence (AI), Oracle, Solana Ecosystem, Arbitrum Ecosystem, Ethereum Ecosystem, DePIN, Base Ecosystem, AI Agents",0.00157873,1810737,96026,0.05303144520711732,1146960553.0,4989887900.0,5000000000.0,69176,3376,8,"base: 0x67543cf0304c19ca62ac95ba82fd4f4b40788dc1, ethereum: 0x058d411ab9911f90c74f471bdc9d2bb4cf9b309c, solana: 93bVs9o8Nq88zxnLWwUAVfN5PXBhCcnV5sfs6AFLno8q, arbitrum-one: 0x083fb956333f9c1568f66fc0d0be451f31f8c46c","https://basescan.org/token/0x67543CF0304C19CA62AC95ba82FD4F4B40788dc1, https://arbiscan.io/token/0x083Fb956333f9c1568F66fc0d0BE451f31F8c46c, https://etherscan.io/token/0x058d411ab9911F90c74f471bDC9d2Bb4Cf9B309C, https://ethplorer.io/address/0x058d411ab9911F90c74f471bDC9d2Bb4Cf9B309C, https://solscan.io/token/93bVs9o8Nq88zxnLWwUAVfN5PXBhCcnV5sfs6AFLno8q",,no,sí
omega-any-to-any,OMEGA Any-to-Any,sn21,"Artificial Intelligence (AI), Bittensor Ecosystem, Bittensor Subnets",0.669807,1792795,4703.4,0.002623501292674288,2678372.009238707,2678372.009238707,21000000.0,0,3393,1,bittensor: 21,https://taostats.io/subnets/21/chart,,no,no
chirp-token,Chirp Token,chirp,"Infrastructure, Internet of Things (IOT), Sui Ecosystem, Real World Assets (RWA), DePIN, Mobile Mining",0.04770582,1785923,269309,0.15079541503189106,37350000.0,37350000.0,300000000.0,27076,3397,4,sui: 0x1ef4c0b20340b8c6a59438204467ca71e1e7cbe918526f9c2c6c5444517cd5ca::chirp::CHIRP,"https://chirptoken.io/explorer/, https://suiscan.xyz/mainnet/coin/0x1ef4c0b20340b8c6a59438204467ca71e1e7cbe918526f9c2c6c5444517cd5ca::chirp::CHIRP/txs, https://suivision.xyz/coin/0x1ef4c0b20340b8c6a59438204467ca71e1e7cbe918526f9c2c6c5444517cd5ca::chirp::CHIRP",,no,no
deepbrain-chain,DeepBrain Chain,dbc,"Artificial Intelligence (AI), DeepBrain Chain Ecosystem",0.0005546,1779610,81510,0.04580217013840111,3200000000.0,10000000000.0,,60925,3401,3,,https://dbc.subscan.io/,,no,no
deepbrain-chain,DeepBrain Chain,dbc,"Artificial Intelligence (AI), DeepBrain Chain Ecosystem",0.0005546,1779610,81510,0.04580217013840111,3200000000.0,10000000000.0,,60925,3401,3,,https://dbc.subscan.io/,,no,no
robinhood-xstock,Robinhood xStock,hoodx,"Tokenized Assets, BNB Chain Ecosystem, Solana Ecosystem, Tokenized Stock, Ethereum Ecosystem, Real World Assets (RWA), BackedFi xStocks Ecosystem",121.81,1775434,2028053,1.1422857735066467,14569.49340588,50999.85100688,,3974,3403,14,"arbitrum-one: 0xe1385fdd5ffb10081cd52c56584f25efa9084015, binance-smart-chain: 0xe1385fdd5ffb10081cd52c56584f25efa9084015, ethereum: 0xe1385fdd5ffb10081cd52c56584f25efa9084015, solana: XsvNBAYkrDRNhA7wPHQfX3ZUXZyZLdnCQDfHZ56bzpg","https://www.arbiscan.io/token/0xe1385fdd5ffb10081cd52c56584f25efa9084015, https://arbiscan.io/token/0xE1385FDd5ffB10081Cd52C56584F25EFa9084015, https://solscan.io/token/XsvNBAYkrDRNhA7wPHQfX3ZUXZyZLdnCQDfHZ56bzpg, https://bscscan.com/token/0xe1385fdd5ffb10081cd52c56584f25efa9084015, https://binplorer.com/address/0xe1385fdd5ffb10081cd52c56584f25efa9084015, https://etherscan.io/token/0xe1385fdd5ffb10081cd52c56584f25efa9084015, https://ethplorer.io/address/0xe1385fdd5ffb10081cd52c56584f25efa9084015",,no,sí
abbott-ondo-tokenized-stock,Abbott (Ondo Tokenized Stock),abton,"Tokenized Assets, Ethereum Ecosystem, Real World Assets (RWA), Ondo Tokenized Assets",132.08,1736784,124437,0.07164794240389133,13149.96969570615,13149.96969570615,,0,3419,2,ethereum: 0x3859385363f7bb4dfe42811ccf3f294fcd41dd1d,"https://etherscan.io/address/0x3859385363f7BB4Dfe42811cCF3F294FcD41dd1D, https://etherscan.io/token/0x3859385363f7BB4Dfe42811cCF3F294FcD41dd1D, https://ethplorer.io/address/0x3859385363f7BB4Dfe42811cCF3F294FcD41dd1D",,no,no
rabbi-schlomo-by-virtuals,Rabbi Schlomo by Virtuals,shekel,"Artificial Intelligence (AI), Base Ecosystem, Virtuals Protocol Ecosystem, AI Agent Launchpad",0.00173474,1734740,53118,0.030620150570114253,1000000000.0,1000000000.0,1000000000.0,927,3421,2,base: 0x5f6a682a58854c7fbe228712aeeffccde0008ac0,https://basescan.org/token/0x5f6a682a58854c7fbe228712aeeffccde0008ac0,,no,no
gloria-ai,Gloria AI,gloria,"Artificial Intelligence (AI), Base Ecosystem, AI Agents, AI Applications, Virtuals Protocol Ecosystem, AI Framework, DeFAI",0.00293984,1731635,132654,0.07660621320312884,586273000.0,1000000000.0,1000000000.0,1224,3423,2,base: 0x3b313f5615bbd6b200c71f84ec2f677b94df8674,"https://basescan.org/address/0x3b313f5615bbd6b200c71f84ec2f677b94df8674, https://basescan.org/token/0x3b313f5615bbd6b200c71f84ec2f677b94df8674",,no,no
aixcb-by-virtuals,aixCB by Virtuals,aixcb,"Artificial Intelligence (AI), Base Ecosystem, AI Agents, Virtuals Protocol Ecosystem, Binance Alpha Spotlight",0.00173358,1720991,4344.31,0.0025243072160168185,993506898.7058917,993506898.7058917,1000000000.0,3077,3425,4,base: 0x76c71f1703fbf19ffdcf3051e1e684cb9934510f,https://basescan.org/token/0x76c71f1703fbf19ffdcf3051e1e684cb9934510f,,no,no
boom-2,Boom,boom,"Artificial Intelligence (AI), Gaming (GameFi), BNB Chain Ecosystem, Binance Wallet IDO",0.00795948,1705489,806895,0.4731165079340881,214166667.0,1000000000.0,1000000000.0,63656,3436,12,binance-smart-chain: 0xce7c3b5e058c196a0eaaa21f8e4bf8c2c07c2935,"https://bscscan.com/token/0xce7c3b5e058c196a0eaaa21f8e4bf8c2c07c2935, https://binplorer.com/address/0xce7c3b5e058c196a0eaaa21f8e4bf8c2c07c2935",,no,no
visa-ondo-tokenized-stock,Visa (Ondo Tokenized Stock),von,"Tokenized Assets, Ethereum Ecosystem, Real World Assets (RWA), Ondo Tokenized Assets",338.19,1697108,57453,0.03385347308480073,5018.235270932142,5018.235270932142,,0,3439,1,ethereum: 0xac37c20c1d0e5285035e056101a64e263ff94a41,"https://etherscan.io/address/0xaC37c20C1d0E5285035e056101a64e263Ff94a41, https://etherscan.io/token/0xaC37c20C1d0E5285035e056101a64e263Ff94a41, https://ethplorer.io/address/0xaC37c20C1d0E5285035e056101a64e263Ff94a41",,no,no
ta-da,Ta-da,tada,"Artificial Intelligence (AI), BNB Chain Ecosystem, Solana Ecosystem, MultiversX Ecosystem",0.0024949,1692874,84315,0.04980583315710443,678534779.0,1000000000.0,1000000000.0,23423,3444,5,"elrond: TADA-5c032c, binance-smart-chain: 0x9b26e318bc6a2c8b45f5daea2cc14697e0e0f8b5, solana: AY1emMxqWLJnHE2HkQvLdLyVpZdsLzq4S3tx5whCNQoC","https://explorer.multiversx.com/, https://platform.arkhamintelligence.com/explorer/token/ta-da, https://explorer.multiversx.com/tokens/tada-5c032c, https://bscscan.com/token/0x9b26e318bc6a2c8b45f5daea2cc14697e0e0f8b5, https://binplorer.com/address/0x9b26e318bc6a2c8b45f5daea2cc14697e0e0f8b5, https://solscan.io/token/AY1emMxqWLJnHE2HkQvLdLyVpZdsLzq4S3tx5whCNQoC",,no,sí
alibaba-ondo-tokenized-stock,Alibaba (Ondo Tokenized Stock),babaon,"Tokenized Assets, Ethereum Ecosystem, Real World Assets (RWA), Ondo Tokenized Assets",172.41,1686291,143206,0.08492365789771754,9782.830213299525,9782.830213299525,,0,3446,3,ethereum: 0x41765f0fcddc276309195166c7a62ae522fa09ef,"https://etherscan.io/address/0x41765F0FCddC276309195166C7A62AE522FA09ef, https://etherscan.io/token/0x41765F0FCddC276309195166C7A62AE522FA09ef, https://ethplorer.io/address/0x41765F0FCddC276309195166C7A62AE522FA09ef",,no,no
nuance-2,Nuance,sn23,"Artificial Intelligence (AI), Bittensor Ecosystem, Bittensor Subnets",0.703867,1668105,27279,0.01635328711322129,2369915.305879364,2369915.305879364,21000000.0,0,3457,1,bittensor: 23,https://taostats.io/subnets/23/chart,,no,no
cisco-systems-ondo-tokenized-stock,Cisco Systems (Ondo Tokenized Stock),cscoon,"Tokenized Assets, Ethereum Ecosystem, Real World Assets (RWA), Ondo Tokenized Assets",67.04,1654019,86746,0.052445588593601405,24671.05077937896,24671.05077937896,,0,3469,2,ethereum: 0x980a1001ee94e54142b231f44c7ca7c9df71fbe1,"https://etherscan.io/address/0x980a1001ee94e54142b231f44C7CA7c9DF71FBe1, https://etherscan.io/token/0x980a1001ee94e54142b231f44C7CA7c9DF71FBe1, https://ethplorer.io/address/0x980a1001ee94e54142b231f44C7CA7c9DF71FBe1",,no,no
distribute-ai,Distribute.ai,dis,"Artificial Intelligence (AI), Solana Ecosystem, DePIN, AI Applications",0.00210044,1652203,1866.47,0.0011296856379028484,786597241.1847034,999983100.047494,1000000000.0,0,3471,2,solana: 2AEU9yWk3dEGnVwRaKv4div5TarC4dn7axFLyz6zG4Pf,https://solscan.io/token/2AEU9yWk3dEGnVwRaKv4div5TarC4dn7axFLyz6zG4Pf,,no,no
redteam,RedTeam,sn61,"Artificial Intelligence (AI), Bittensor Ecosystem, Bittensor Subnets",0.655538,1648780,15232.04,0.00923837018886692,2515154.732140602,2515154.732140602,21000000.0,0,3476,1,bittensor: 61,https://taostats.io/subnets/61/chart,,no,no
bitsec-ai,Bitsec.ai,sn60,"Artificial Intelligence (AI), Bittensor Ecosystem, Bittensor Subnets",0.617123,1646952,4963.91,0.003013997979297514,2668757.922430442,2668757.922430442,21000000.0,0,3477,1,bittensor: 60,https://taostats.io/subnets/60/chart,,no,no
fyni-ai,Fyni AI by Virtuals,fyni,"Artificial Intelligence (AI), AI Agents, Virtuals Protocol Ecosystem",0.00164272,1642724,40428,0.02461034233383088,1000000000.0,1000000000.0,1000000000.0,3765,3501,3,base: 0x22c0a2e55aed8b317a285ccbd4f3d8ee24c9e5e3,https://basescan.org/token/0x22c0a2e55aed8b317a285ccbd4f3d8ee24c9e5e3,,no,no
selfkey,SelfKey,key,"Artificial Intelligence (AI), Business Services, Polygon Ecosystem, Ethereum Ecosystem, Decentralized Identifier (DID)",0.0002737,1642222,48697,0.029653116326538068,5999999954.0,5999999954.0,,7434,3480,7,"ethereum: 0x4cc19356f2d37338b9802aa8e8fc58b0373296e7, polygon-pos: 0x32dc2dd3c2be453a369625e6fe0e438aed814919","https://etherscan.io/token/0x4cc19356f2d37338b9802aa8e8fc58b0373296e7, https://platform.arkhamintelligence.com/explorer/token/selfkey, https://ethplorer.io/address/0x4cc19356f2d37338b9802aa8e8fc58b0373296e7, https://polygonscan.com/address/0x32dc2dd3c2be453a369625e6fe0e438aed814919, https://polygonscan.com/token/0x32dc2dd3c2be453a369625e6fe0e438aed814919",,no,sí
mbp-coin,MBP Coin,mbp,"Artificial Intelligence (AI), BNB Chain Ecosystem, AI Agents",0.081796,1635914,1548858,0.9467844886711648,20000000.0,200000000.0,200000000.0,6116,3483,3,binance-smart-chain: 0x1d42e1cd643941b26a4191e72a617ed32670df55,"https://bscscan.com/token/0x1d42e1cd643941b26a4191e72a617ed32670df55, https://platform.arkhamintelligence.com/explorer/token/mbp-coin, https://binplorer.com/address/0x1d42e1cd643941b26a4191e72a617ed32670df55",,no,no
intel-ondo-tokenized-stock,Intel (Ondo Tokenized Stock),intcon,"Tokenized Assets, Ethereum Ecosystem, Real World Assets (RWA), Ondo Tokenized Assets",35.41,1634583,35837,0.02192424612271142,46160.65798475806,46160.65798475806,,0,3484,2,ethereum: 0xfda09936dbd717368de0835ba441d9e62069d36f,"https://etherscan.io/address/0xFdA09936DbD717368De0835bA441d9E62069d36f, https://etherscan.io/token/0xFdA09936DbD717368De0835bA441d9E62069d36f, https://ethplorer.io/address/0xFdA09936DbD717368De0835bA441d9E62069d36f",,no,no
starbucks-ondo-tokenized-stock,Starbucks (Ondo Tokenized Stock),sbuxon,"Tokenized Assets, Ethereum Ecosystem, Real World Assets (RWA), Ondo Tokenized Assets",83.49,1623606,50654,0.031198455782991685,19446.3503259318,19446.3503259318,,0,3492,1,ethereum: 0xf15fbc1349ab99abad63db3f9a510bf413be3bef,"https://etherscan.io/address/0xf15FbC1349ab99ABAd63db3f9A510BF413bE3BeF, https://etherscan.io/token/0xf15FbC1349ab99ABAd63db3f9A510BF413bE3BeF, https://ethplorer.io/address/0xf15FbC1349ab99ABAd63db3f9A510BF413bE3BeF",,no,no
precog,Precog,sn52,"Artificial Intelligence (AI), Bittensor Ecosystem, Bittensor Subnets",0.636145,1618715,8625.26,0.005328461155916885,2544569.24200409,2544569.24200409,21000000.0,0,3499,1,bittensor: 55,https://taostats.io/subnets/55/chart,,no,no
tocagg,ToCa.Gg,tcg,"Solana Ecosystem, Real World Assets (RWA), RWA Protocol, Trading Card RWA Platform",0.00161722,1617219,21395,0.013229500766439178,999999289.542078,999999289.542078,1000000000.0,0,3500,1,solana: CwjWKarykhGRoBHpeKJDRCo3Gsp6woxCQEaM8uSbjupx,https://solscan.io/token/CwjWKarykhGRoBHpeKJDRCo3Gsp6woxCQEaM8uSbjupx,,no,no
tocagg,ToCa.Gg,tcg,"Solana Ecosystem, Real World Assets (RWA), RWA Protocol, Trading Card RWA Platform",0.00161722,1617219,21395,0.013229500766439178,999999289.542078,999999289.542078,1000000000.0,0,3500,1,solana: CwjWKarykhGRoBHpeKJDRCo3Gsp6woxCQEaM8uSbjupx,https://solscan.io/token/CwjWKarykhGRoBHpeKJDRCo3Gsp6woxCQEaM8uSbjupx,,no,no
ni-compute,NI Compute,sn27,"Artificial Intelligence (AI), Bittensor Ecosystem, Bittensor Subnets",0.67036,1612903,17315.91,0.010735865703021197,2406026.83687093,2406026.83687093,21000000.0,977,3509,1,bittensor: 27,https://taostats.io/subnets/27/chart,,no,no
iotai,IoTAI,iotai,"Artificial Intelligence (AI), Decentralized Exchange (DEX), Ethereum Ecosystem, AI Applications",0.01598822,1599968,24086,0.01505405108102162,100000000.0,100000000.0,100000000.0,1079,3521,1,ethereum: 0xd8e154ede9401dabb860fe84fecd2761b895bc50,"https://etherscan.io/token/0xd8e154ede9401dabb860fe84fecd2761b895bc50, https://ethplorer.io/address/0xd8E154EDe9401dabb860FE84FeCd2761b895Bc50",,no,no
0xsim-by-virtuals,0xsim by Virtuals,sage,"Artificial Intelligence (AI), Analytics, Base Ecosystem, AI Applications, Virtuals Protocol Ecosystem, DeFAI",0.00159943,1599432,124.36,7.775260217377169e-05,1000000000.0,1000000000.0,1000000000.0,275,3522,1,base: 0x8feef9f0ffa554e51220a3391e7bb7560526a72a,https://basescan.org/token/0x8feef9f0ffa554e51220a3391e7bb7560526a72a,,no,no
chunking,Chunking,sn40,"Artificial Intelligence (AI), Bittensor Ecosystem, Bittensor Subnets",0.661571,1591199,13252.9,0.008328876526443266,2405181.902729101,2405181.902729101,21000000.0,0,3527,1,bittensor: 40,https://taostats.io/subnets/40/chart,,no,no
blai,blai,blai,"Artificial Intelligence (AI), Base Ecosystem, AI Framework",0.00204135,1582046,52790,0.033368182720350734,775000000.0,1000000000.0,1000000000.0,0,3531,3,base: 0x616b416f777e3dc904a44aa259a475bf26d06ef9,https://basescan.org/token/0x616b416f777e3dc904a44aa259a475bf26d06ef9,,no,no
frostic,Frostic,frost,"Artificial Intelligence (AI), AI Agents, Abstract Ecosystem",0.00315261,1576116,334.52,0.00021224326128279898,500000000.0,1000000000.0,1000000000.0,253,3534,1,abstract: 0xe516db039440f3d7aeaf92ed52ab8c5a190083b0,https://abscan.org/token/0xe516dB039440F3D7aEaF92ed52Ab8C5a190083b0,,no,no
beeper-coin,Beeper Coin,beeper,"Artificial Intelligence (AI), BNB Chain Ecosystem, Launchpad, AI Agents",0.00015598,1559847,40.79,2.615000060903409e-05,10000000000.0,10000000000.0,10000000000.0,1149,3547,1,binance-smart-chain: 0x238950013fa29a3575eb7a3d99c00304047a77b5,"https://bscscan.com/token/0x238950013fa29a3575eb7a3d99c00304047a77b5, https://binplorer.com/address/0x238950013FA29A3575EB7a3D99C00304047a77b5",,no,no
staking-2,Sταking,sn88,"Artificial Intelligence (AI), Bittensor Ecosystem, Bittensor Subnets",0.783902,1553656,133136,0.0856920708316384,1964809.912567028,1964809.912567028,21000000.0,0,3550,1,bittensor: 88,https://taostats.io/subnets/88/chart,,no,no
candles,Candles,sn31,"Artificial Intelligence (AI), Bittensor Ecosystem, Bittensor Subnets",0.565963,1552159,3095.91,0.001994583029187087,2742508.199875511,2742508.199875511,21000000.0,0,3551,1,bittensor: 31,https://taostats.io/subnets/31/chart,,no,no
fomo-3,FOMO,fomo,"Artificial Intelligence (AI), Solana Ecosystem, AI Agents, AI Agent Launchpad",1.547e-05,1546618,166744,0.10781201305041063,99999218129.38695,99999218129.38695,99999994771.0,0,3556,3,solana: ZxBon4vcf3DVcrt63fJU52ywYm9BKZC6YuXDhb3fomo,https://solscan.io/token/ZxBon4vcf3DVcrt63fJU52ywYm9BKZC6YuXDhb3fomo,,no,no
tao-inu,TAO INU,taonu,"Artificial Intelligence (AI), Meme, Ethereum Ecosystem, Dog-Themed, AI Meme, Bittensor Ecosystem",0.00166695,1544714,76192,0.04932434094596152,926672684.8454887,926672684.8454887,1000000000.0,2258,3558,2,ethereum: 0x4e9fcd48af4738e3bf1382009dc1e93ebfce698f,"https://etherscan.io/token/0x4e9fcd48af4738e3bf1382009dc1e93ebfce698f, https://platform.arkhamintelligence.com/explorer/token/tao-inu, https://ethplorer.io/address/0x4e9fcd48af4738e3bf1382009dc1e93ebfce698f",,no,no
real-estate-crypto-crowfunding,Real Estate Crypto Crowfunding,recc,"Tokenized Real Estate, Tokenized Assets, Solana Ecosystem, Real World Assets (RWA)",0.0016707,1536420,106878,0.06956301011442184,889105054.1671859,989105054.1671859,1000000000.0,1860,3564,3,solana: 3SkjMkrpkqngCCMd3sVU2EuKMVRLTfHEykbzTyrVwBLV,https://solscan.io/token/3SkjMkrpkqngCCMd3sVU2EuKMVRLTfHEykbzTyrVwBLV,,no,no
linde-plc-ondo-tokenized-stock,Linde plc (Ondo Tokenized Stock),linon,"Tokenized Assets, Ethereum Ecosystem, Real World Assets (RWA), Ondo Tokenized Assets",477.24,1533488,100.2,6.534123514497669e-05,3213.234611998269,3213.234611998269,,0,3566,1,ethereum: 0x01b19c68f8a9ee3a480da788ba401cfabdf19b93,"https://etherscan.io/address/0x01B19c68f8A9eE3a480dA788ba401cFAbdf19B93, https://etherscan.io/token/0x01B19c68f8A9eE3a480dA788ba401cFAbdf19B93, https://ethplorer.io/address/0x01B19c68f8A9eE3a480dA788ba401cFAbdf19B93",,no,no
faircaster,Faircaster,fair,"Artificial Intelligence (AI), Analytics, AI Agents, Farcaster Ecosystem",3.28e-05,1531404,17158.14,0.01120418909706387,43721693024.29,100000000000.0,100000000000.0,0,3568,2,base: 0x7d928816cc9c462dd7adef911de41535e444cb07,https://basescan.org/token/0x7d928816cc9c462dd7adef911de41535e444cb07,,no,no
acolyte-by-virtuals,Acolyt,acolyt,"Artificial Intelligence (AI), Solana Ecosystem, Base Ecosystem, AI Agents, Virtuals Protocol Ecosystem",0.00153133,1530080,6293.24,0.004113013698630137,998002503.0481086,998002503.0481086,,1026,3570,3,"base: 0x79dacb99a8698052a9898e81fdf883c29efb93cb, solana: EajMGPYVMzqUjXwnmyagVGDS2CW5xJitb17TpB4uDifD","https://basescan.org/token/0x79dacb99a8698052a9898e81fdf883c29efb93cb, https://solscan.io/token/EajMGPYVMzqUjXwnmyagVGDS2CW5xJitb17TpB4uDifD",,no,sí
regen,Regen,regen,"Polygon Ecosystem, Celo Ecosystem, Regenerative Finance (ReFi), Real World Assets (RWA), Base Ecosystem, Osmosis Ecosystem, Proof of Stake (PoS), Evmos Ecosystem, Made in USA",0.01028962,1526511,403.72,0.00026447238179089444,148354422.875587,148354422.875587,,405,3571,5,"osmosis: ibc/1DCC8A6CB5689018431323953344A9F6CC4D0BFB261E88C9F7777372C10CD076, evmos: 0x0ce35b0d42608ca54eb7bcc8044f7087c18e7717, celo: 0x2e6c05f1f7d1f4eb9a088bf12257f1647682b754, polygon-pos: 0xdfffe0c33b4011c4218acd61e68a62a32eaf9a8b, base: 0x2e6c05f1f7d1f4eb9a088bf12257f1647682b754","https://regen.aneka.io/, https://atomscan.com/regen-network, https://evm.evmos.org/token/0x0ce35b0d42608ca54eb7bcc8044f7087c18e7717, https://www.mintscan.io/regen, https://explorer.celo.org/mainnet/token/0x2E6C05f1f7D1f4Eb9A088bf12257f1647682b754, https://polygonscan.com/token/0xdFFfe0C33b4011C4218acD61E68a62a32eaf9a8B, https://basescan.org/token/0x2e6c05f1f7d1f4eb9a088bf12257f1647682b754",,no,sí
archai,ArchAI,archai,"Artificial Intelligence (AI), Base Ecosystem, AI Applications, AI Agent Launchpad",0.00363506,1522473,17340.98,0.011390008230031008,418843544.76853347,822688389.0,900000000.0,76547,3579,2,base: 0xd3b0b58ec9516e4b875a075328e2cb059d4d54db,https://basescan.org/token/0xd3b0b58ec9516e4b875a075328e2cb059d4d54db,,no,no
dippy-speech,Dippy Speech,sn58,"Artificial Intelligence (AI), Bittensor Ecosystem, Bittensor Subnets",0.64686,1518779,34535,0.022738660463438063,2347926.21642303,2347926.21642303,21000000.0,0,3580,1,bittensor: 58,https://taostats.io/subnets/58/chart,,no,no
dasha,Dasha,vvaifu,"Artificial Intelligence (AI), Solana Ecosystem, Launchpad, Meme, AI Meme, AI Agents, Pump.fun Ecosystem, AI Agent Launchpad, Binance Alpha Spotlight",0.00152719,1514612,207104,0.1367373294282628,993296587.407142,993296587.407142,999904308.86,5453,3586,16,solana: FQ1tyso61AH1tzodyJfSwmzsD3GToybbRNoZxUBz21p8,"https://solscan.io/token/FQ1tyso61AH1tzodyJfSwmzsD3GToybbRNoZxUBz21p8, https://platform.arkhamintelligence.com/explorer/token/dasha",,no,no
stobox-token,Stobox Token,stbu,"Smart Contract Platform, Decentralized Finance (DeFi), Tokenized Assets, BNB Chain Ecosystem, Polygon Ecosystem, Arbitrum Ecosystem, Ethereum Ecosystem, Real World Assets (RWA), Proof of Stake (PoS), RWA Protocol, Made in USA",0.01214203,1512851,113673,0.07513826543393896,125000000.0,150000000.0,250000000.0,5000,3588,5,"ethereum: 0xa6422e3e219ee6d4c1b18895275fe43556fd50ed, binance-smart-chain: 0xb0c4080a8fa7afa11a09473f3be14d44af3f8743, polygon-pos: 0xcf403036bc139d30080d2cf0f5b48066f98191bb, arbitrum-one: 0x1cb9bd2c6e7f4a7de3778547d46c8d4c22abc093","https://etherscan.io/token/0xa6422e3e219ee6d4c1b18895275fe43556fd50ed, https://platform.arkhamintelligence.com/explorer/token/stobox-token, https://ethplorer.io/address/0xa6422e3e219ee6d4c1b18895275fe43556fd50ed, https://bscscan.com/token/0xb0c4080a8fa7afa11a09473f3be14d44af3f8743, https://polygonscan.com/token/0xcf403036bc139d30080d2cf0f5b48066f98191bb, https://binplorer.com/address/0xb0c4080a8fa7afa11a09473f3be14d44af3f8743, https://arbiscan.io/token/0x1cb9bd2c6e7f4a7de3778547d46c8d4c22abc093",,no,sí
amazon-ondo-tokenized-stock,Amazon (Ondo Tokenized Stock),amznon,"Tokenized Assets, Ethereum Ecosystem, Real World Assets (RWA), Ondo Tokenized Assets",219.86,1504867,140774,0.09354580836711816,6844.716166016867,6844.716166016867,,0,3593,2,ethereum: 0xbb8774fb97436d23d74c1b882e8e9a69322cfd31,"https://etherscan.io/address/0xbb8774FB97436d23d74C1b882E8E9A69322cFD31, https://etherscan.io/token/0xbb8774FB97436d23d74C1b882E8E9A69322cFD31, https://ethplorer.io/address/0xbb8774FB97436d23d74C1b882E8E9A69322cFD31",,no,no
octavia,Octavia,via,"Artificial Intelligence (AI), BNB Chain Ecosystem, DaoMaker Launchpad, Telegram Apps, Discord Bots, Poolz Finance Launchpad, AI Agents",0.01500658,1500658,117162,0.07807375164761059,100000000.0,100000000.0,100000000.0,47270,3602,4,binance-smart-chain: 0x21ac3bb914f90a2bb1a16088e673a9fdda641434,"https://bscscan.com/address/0x21ac3bb914f90a2bb1a16088e673a9fdda641434, https://platform.arkhamintelligence.com/explorer/token/octavia, https://bscscan.com/token/0x21ac3bb914f90a2bb1a16088e673a9fdda641434, https://binplorer.com/address/0x21ac3bb914f90a2bb1a16088e673a9fdda641434",,no,no
kizuna,Kizuna,kizuna,"Artificial Intelligence (AI), Meme, Ethereum Ecosystem, AI Meme",1.548e-09,1487341,65661,0.04414656759949467,960934712324249.0,960934712324249.0,1000000000000000.0,3129,3584,2,ethereum: 0x470c8950c0c3aa4b09654bc73b004615119a44b5,"https://etherscan.io/token/0x470c8950c0c3aa4b09654bc73b004615119a44b5, https://platform.arkhamintelligence.com/explorer/token/kizuna, https://ethplorer.io/address/0x470c8950c0c3aa4b09654bc73b004615119a44b5",,no,no
alphabet-class-a-ondo-tokenized-stock,Alphabet Class A (Ondo Tokenized Stock),googlon,"Tokenized Assets, Ethereum Ecosystem, Real World Assets (RWA), Ondo Tokenized Assets",246.47,1477391,138196,0.0935405725363157,5994.699605829195,5994.699605829195,,0,3609,3,ethereum: 0xba47214edd2bb43099611b208f75e4b42fdcfedc,"https://etherscan.io/address/0xbA47214eDd2bb43099611b208f75E4b42FDcfEDc, https://etherscan.io/token/0xbA47214eDd2bb43099611b208f75E4b42FDcfEDc, https://ethplorer.io/address/0xbA47214eDd2bb43099611b208f75E4b42FDcfEDc",,no,no
eden-3,Eden,edn,"Artificial Intelligence (AI), BNB Chain Ecosystem, Quest-to-Earn",0.00063529,1467891,80263,0.05467912808239849,2314008291.68,4820450193.599999,7200000000.0,5925,3621,2,binance-smart-chain: 0xe7875e08e3c85dd49d4ff52a7d4c3a9c75c8a6a1,"https://bscscan.com/token/0xe7875e08e3c85dd49d4ff52a7d4c3a9c75c8a6a1, https://binplorer.com/address/0xe7875e08e3c85dd49d4ff52a7d4c3a9c75c8a6a1",,no,no
intuit-ondo-tokenized-stock,Intuit (Ondo Tokenized Stock),intuon,"Tokenized Assets, Ethereum Ecosystem, Real World Assets (RWA), Ondo Tokenized Assets",699.53,1465864,15134.72,0.010324777742000621,2095.509112895092,2095.509112895092,,0,3624,1,ethereum: 0x6cc0afd51ce4cb6920b775f3d6376ab82b9a93bb,"https://etherscan.io/address/0x6cc0afD51CE4Cb6920B775F3D6376Ab82b9A93Bb, https://etherscan.io/token/0x6cc0afD51CE4Cb6920B775F3D6376Ab82b9A93Bb, https://ethplorer.io/address/0x6cc0afD51CE4Cb6920B775F3D6376Ab82b9A93Bb",,no,no
ai-rocket-by-virtuals,AI ROCKET by Virtuals,rocket,"Artificial Intelligence (AI), Base Ecosystem, AI Agents, Virtuals Protocol Ecosystem",0.0017459,1452552,240114,0.16530492540026107,827533924.5222442,998766801.234573,1000000000.0,157,3631,2,base: 0x0bf852ebb243b963652b71103a2b97cf446f22c3,https://basescan.org/token/0x0bF852Ebb243b963652b71103a2B97cf446F22C3,,no,no
deepfakeai,DeepFakeAI,fakeai,"Artificial Intelligence (AI), Ethereum Ecosystem, Telegram Apps",0.00151248,1450245,24855,0.01713848349761592,958824031.12,958824031.12,1000000000.0,7286,3635,5,ethereum: 0x5aef5bba19e6a1644805bd4f5c93c8557b87c62c,"https://etherscan.io/token/0x5aef5bba19e6a1644805bd4f5c93c8557b87c62c, https://platform.arkhamintelligence.com/explorer/token/deepfakeai, https://ethplorer.io/address/0x5aef5bba19e6a1644805bd4f5c93c8557b87c62c",,no,no
everid,Everest,id,"Smart Contract Platform, Decentralized Finance (DeFi), Wallets, Ethereum Ecosystem, Decentralized Identifier (DID), Zero Knowledge (ZK), Real World Assets (RWA)",0.01236097,1443829,7045.57,0.004879781469966318,116700000.0,800000000.0,,483,3638,3,ethereum: 0xebd9d99a3982d547c5bb4db7e3b1f9f14b67eb83,"https://etherscan.io/token/0xebd9d99a3982d547c5bb4db7e3b1f9f14b67eb83, https://platform.arkhamintelligence.com/explorer/token/everid, https://ethplorer.io/address/0xebd9d99a3982d547c5bb4db7e3b1f9f14b67eb83, https://bscscan.com/token/0x8ea2526c2373ba3fe1d0987f5db8ac770a42dd51, https://binplorer.com/address/0x8ea2526c2373ba3fe1d0987f5db8ac770a42dd51",,no,no
petrobras-ondo-tokenized-stock,Petrobras (Ondo Tokenized Stock),pbron,"Tokenized Assets, Ethereum Ecosystem, Real World Assets (RWA), Ondo Tokenized Assets",13.12,1435916,200.46,0.00013960426654483968,109427.6674255564,109427.6674255564,,0,3646,1,ethereum: 0xd08ddb436e731f32455fe302723ee0fd2e9e8706,"https://etherscan.io/address/0xD08DDb436e731f32455Fe302723eE0FD2E9E8706, https://etherscan.io/token/0xD08DDb436e731f32455Fe302723eE0FD2E9E8706, https://ethplorer.io/address/0xD08DDb436e731f32455Fe302723eE0FD2E9E8706",,no,no
servicenow-ondo-tokenized-stock,ServiceNow (Ondo Tokenized Stock),nowon,"Tokenized Assets, Ethereum Ecosystem, Real World Assets (RWA), Ondo Tokenized Assets",938.09,1423711,21859,0.015353537340092196,1517.663466935878,1517.663466935878,,0,3662,1,ethereum: 0x8bcf9012f4b0c1c3d359edb7133c294f82f80790,"https://etherscan.io/address/0x8bCF9012f4b0c1C3D359eDb7133C294f82f80790, https://etherscan.io/token/0x8bCF9012f4b0c1C3D359eDb7133C294f82f80790, https://ethplorer.io/address/0x8bCF9012f4b0c1C3D359eDb7133C294f82f80790",,no,no
sploots-by-virtuals,Sploots by Virtuals,sploot,"Artificial Intelligence (AI), Entertainment, AI Applications, Virtuals Protocol Ecosystem",0.00142522,1421302,83309,0.05861456608095957,997247740.9496186,997247740.9496186,1000000000.0,0,3663,1,base: 0x3058e9b4bfe397b81e2b91da79cff685d662049f,https://basescan.org/token/0x3058e9b4bfe397b81e2b91da79cff685d662049f,,no,no
ai-factory,AI Factory,sn80,"Artificial Intelligence (AI), Bittensor Ecosystem, Bittensor Subnets",0.650636,1422887,48048,0.03376796611396408,2183932.361545528,2183932.361545528,21000000.0,0,3664,1,bittensor: 80,https://taostats.io/subnets/80/chart,,no,no
sturdy,Sturdy,strdy,"Artificial Intelligence (AI), Decentralized Finance (DeFi), Lending/Borrowing Protocols, Ethereum Ecosystem, Pantera Capital Portfolio, Bittensor Ecosystem, Binance Alpha Spotlight, DeFAI",0.069523,1418560,2464.74,0.0017374943604782313,20404052.85673868,100000000.0,100000000.0,1957,3665,1,ethereum: 0xaeb3607ec434454ceb308f5cd540875efb54309a,"https://etherscan.io/token/0xaeb3607ec434454ceb308f5cd540875efb54309a, https://platform.arkhamintelligence.com/explorer/token/sturdy, https://ethplorer.io/address/0xaeb3607ec434454ceb308f5cd540875efb54309a",,no,no
toto-3,Tiamonds,toto,"Tokenized Assets, Real World Assets (RWA)",0.00482857,1411869,99759,0.07065740518419202,292396275.4775674,945523900.4775674,1000000000.0,1172,3673,2,ethereum: 0xc214a0b73ce4c30594b4173219e885691254801b,"https://etherscan.io/token/0xC214A0B73Ce4c30594B4173219e885691254801b, https://ethplorer.io/address/0xC214A0B73Ce4c30594B4173219e885691254801b",,no,no
asml-holding-nv-ondo-tokenized-stock,ASML Holding NV (Ondo Tokenized Stock),asmlon,"Tokenized Assets, Ethereum Ecosystem, Real World Assets (RWA), Ondo Tokenized Assets",952.01,1400309,1018.85,0.0007275894106229411,1470.840487681401,1470.840487681401,,0,3681,1,ethereum: 0xe51ba774ebf6392c45bf1d9e6b334d07992460d3,"https://etherscan.io/address/0xE51bA774ebF6392c45Bf1d9E6b334d07992460d3, https://etherscan.io/token/0xE51bA774ebF6392c45Bf1d9E6b334d07992460d3, https://ethplorer.io/address/0xE51bA774ebF6392c45Bf1d9E6b334d07992460d3",,no,no
palo-alto-networks-ondo-tokenized-stock,Palo Alto Networks (Ondo Tokenized Stock),panwon,"Tokenized Assets, Ethereum Ecosystem, Real World Assets (RWA), Ondo Tokenized Assets",202.25,1398748,28980,0.020718528283865285,6915.908241272345,6915.908241272345,,0,3683,1,ethereum: 0x34bfdff25f0fda6d3ad0c33f1e06c0d40bd68885,"https://etherscan.io/address/0x34bfdFF25F0fdA6d3ad0c33F1e06c0D40bD68885, https://etherscan.io/token/0x34bfdFF25F0fdA6d3ad0c33F1e06c0D40bD68885, https://ethplorer.io/address/0x34bfdFF25F0fdA6d3ad0c33F1e06c0D40bD68885",,no,no
chasm-ai,Chasm,cai,"Artificial Intelligence (AI), Ethereum Ecosystem, Mantle Ecosystem, AI Agents",0.0138756,1389624,41832,0.03010310702751248,100000000.0,1000000000.0,1000000000.0,0,3691,2,"ethereum: 0x19247618d79e3fc4d4866169789e4b8eedef52e6, mantle: 0xf793ac038e7688aa3220005852836108cddb065c","https://etherscan.io/token/0x19247618D79E3fc4d4866169789E4B8eEDef52E6, https://platform.arkhamintelligence.com/explorer/token/chasm-ai, https://ethplorer.io/address/0x19247618D79E3fc4d4866169789E4B8eEDef52E6, https://explorer.mantle.xyz/token/0xF793Ac038E7688Aa3220005852836108cdDB065c, https://mantlescan.xyz/token/0xF793Ac038E7688Aa3220005852836108cdDB065c",,no,sí
circle-internet-group-ondo-tokenized-stock,Circle Internet Group (Ondo Tokenized Stock),crclon,"Tokenized Assets, Ethereum Ecosystem, Real World Assets (RWA), Ondo Tokenized Assets",126.98,1385308,120843,0.08723186468279978,10910.05896185119,10910.05896185119,,0,3695,3,ethereum: 0x3632dea96a953c11dac2f00b4a05a32cd1063fae,"https://etherscan.io/address/0x3632DEa96A953C11dac2f00b4A05a32CD1063fAE, https://etherscan.io/token/0x3632DEa96A953C11dac2f00b4A05a32CD1063fAE, https://ethplorer.io/address/0x3632DEa96A953C11dac2f00b4A05a32CD1063fAE",,no,no
mner-club,Mner Club,ltmner,"BNB Chain Ecosystem, Real World Assets (RWA), RWA Protocol",1.69,1380636,12920.6,0.00935844060273671,820341.4970142785,915910.0,915910.0,79,3702,1,binance-smart-chain: 0xf3b3f0971f4c7a06740b653557566446919a4098,"https://bscscan.com/token/0xf3b3f0971f4c7a06740b653557566446919a4098, https://binplorer.com/address/0xf3b3f0971f4c7a06740b653557566446919a4098, https://etherscan.io/token/0x4fd67c2d9e8c4fdd9c66954bafe124ca50fc1819, https://ethplorer.io/address/0x4fd67c2d9e8c4fdd9c66954bafe124ca50fc1819",,no,no
sallar-2,Sallar,all,"Artificial Intelligence (AI), Solana Ecosystem, Meme, DePIN, AI Agents, AI Applications, AI Framework, Mobile Mining",0.00052506,1369516,10405.13,0.00759766954164829,2599975730.375222,2599975730.375222,2600038959.0,15564,3710,1,solana: GKHgTd6tqvycgG3mqcZraSZDFR32hXhRgo6sZQtudMsC,"https://solscan.io/token/GKHgTd6tqvycgG3mqcZraSZDFR32hXhRgo6sZQtudMsC, https://solana.fm/address/GKHgTd6tqvycgG3mqcZraSZDFR32hXhRgo6sZQtudMsC",,no,no
omega-labs,OMEGA Labs,sn24,"Artificial Intelligence (AI), Bittensor Ecosystem, Bittensor Subnets",0.490053,1367737,58392,0.04269241820613173,2787194.303438781,2787194.303438781,21000000.0,0,3713,1,bittensor: 24,https://taostats.io/subnets/24/chart,,no,no
i-r-i-s,I.R.I.S,iris,"Artificial Intelligence (AI), Analytics, Ethereum Ecosystem, AI Agents, Virtuals Protocol Ecosystem",0.00271602,1360350,18701.78,0.013747770794280884,500000000.0,1000000000.0,1000000000.0,0,3716,1,ethereum: 0xea87148a703adc0de89db2ac2b6b381093ae8ee0,"https://etherscan.io/token/0xEA87148a703ADc0DE89dB2aC2b6b381093aE8ee0, https://ethplorer.io/address/0xEA87148a703ADc0DE89dB2aC2b6b381093aE8ee0",,no,no
nike-ondo-tokenized-stock,Nike (Ondo Tokenized Stock),nkeon,"Tokenized Assets, Ethereum Ecosystem, Real World Assets (RWA), Ondo Tokenized Assets",69.56,1356779,20186,0.01487788357573341,19506.19245928964,19506.19245928964,,0,3720,1,ethereum: 0xd8e26fcc879b30cb0a0b543925a2b3500f074d81,"https://etherscan.io/address/0xD8e26FcC879b30cB0a0B543925a2B3500f074D81, https://etherscan.io/token/0xD8e26FcC879b30cB0a0B543925a2B3500f074D81, https://ethplorer.io/address/0xD8e26FcC879b30cB0a0B543925a2B3500f074D81",,no,no
ait-protocol,AIT Protocol,ait,"Artificial Intelligence (AI), Ethereum Ecosystem, PAAL AI Launchpad, Bittensor Ecosystem",0.00458934,1356645,4015.02,0.002959521466559048,295607874.21932286,297604759.67804533,1000000000.0,31066,3719,3,ethereum: 0x89d584a1edb3a70b3b07963f9a3ea5399e38b136,"https://etherscan.io/token/0x89d584a1edb3a70b3b07963f9a3ea5399e38b136, https://platform.arkhamintelligence.com/explorer/token/ait-protocol, https://ethplorer.io/address/0x89d584a1edb3a70b3b07963f9a3ea5399e38b136",,no,no
lumerin,Lumerin,lmr,"Artificial Intelligence (AI), Ethereum Ecosystem, DePIN, Coinbase Ventures Portfolio, AI Applications, Outlier Ventures Portfolio",0.00214418,1356328,853.49,0.000629265192490312,632542485.8069749,1000000000.0,1000000000.0,4185,3721,1,ethereum: 0x4b1d0b9f081468d780ca1d5d79132b64301085d1,"https://etherscan.io/token/0x4b1d0b9f081468d780ca1d5d79132b64301085d1, https://platform.arkhamintelligence.com/explorer/token/lumerin, https://ethplorer.io/address/0x4b1d0b9f081468d780ca1d5d79132b64301085d1",,no,no
amazon-xstock,Amazon xStock,amznx,"Tokenized Assets, BNB Chain Ecosystem, Solana Ecosystem, Tokenized Stock, Ethereum Ecosystem, Real World Assets (RWA), BackedFi xStocks Ecosystem",220.26,1353369,1868798,1.38084882984611,6144.24443543,30499.35129839,,3974,3724,11,"arbitrum-one: 0x3557ba345b01efa20a1bddc61f573bfd87195081, binance-smart-chain: 0x3557ba345b01efa20a1bddc61f573bfd87195081, ethereum: 0x3557ba345b01efa20a1bddc61f573bfd87195081, solana: Xs3eBt7uRfJX8QUs4suhyU8p2M6DoUDrJyWBa8LLZsg","https://www.arbiscan.io/token/0x3557ba345b01efa20a1bddc61f573bfd87195081, https://arbiscan.io/token/0x3557ba345b01efa20a1bddc61f573bfd87195081, https://solscan.io/token/Xs3eBt7uRfJX8QUs4suhyU8p2M6DoUDrJyWBa8LLZsg, https://bscscan.com/token/0x3557ba345b01efa20a1bddc61f573bfd87195081, https://binplorer.com/address/0x3557ba345b01efa20a1bddc61f573bfd87195081, https://etherscan.io/token/0x3557ba345b01efa20a1bddc61f573bfd87195081, https://ethplorer.io/address/0x3557ba345b01efa20a1bddc61f573bfd87195081",,no,sí
docs-insight-tatsu,Docs-Insights (Taτsu),sn84,"Artificial Intelligence (AI), Bittensor Ecosystem, Bittensor Subnets",0.808996,1341677,2038.85,0.0015196280475852236,1656186.470370971,1656186.470370971,21000000.0,1913,3736,1,bittensor: 84,https://taostats.io/subnets/84/chart,,no,no
for-sale,For Sale,sn47,"Artificial Intelligence (AI), Bittensor Ecosystem, Bittensor Subnets",0.543548,1337218,108454,0.08110420290483676,2456811.807558138,2456811.807558138,21000000.0,0,3740,1,bittensor: 47,https://taostats.io/subnets/47/chart,,no,no
baidu-ondo-tokenized-stock,Baidu (Ondo Tokenized Stock),biduon,"Tokenized Assets, Ethereum Ecosystem, Real World Assets (RWA), Ondo Tokenized Assets",131.62,1334163,16396.65,0.01228984014696855,10136.31256805774,10136.31256805774,,0,3743,1,ethereum: 0x9d4c6ad12b55e4645b585209f90cc26614061e91,"https://etherscan.io/address/0x9d4C6AD12B55E4645b585209F90Cc26614061E91, https://etherscan.io/token/0x9d4C6AD12B55E4645b585209F90Cc26614061E91, https://ethplorer.io/address/0x9d4C6AD12B55E4645b585209F90Cc26614061E91",,no,no
comput3,Comput3,com,"Artificial Intelligence (AI), Solana Ecosystem, DePIN",0.00220504,1321333,105245,0.07965062554253924,599232827.423179,999990000.101124,1000000000.0,2067,3749,3,solana: J3NrhzUeKBSA3tJQjNq77zqpWJNz3FS9TrX7H7SLKcom,https://solscan.io/token/J3NrhzUeKBSA3tJQjNq77zqpWJNz3FS9TrX7H7SLKcom,,no,no
comput3,Comput3,com,"Artificial Intelligence (AI), Solana Ecosystem, DePIN",0.00220504,1321333,105245,0.07965062554253924,599232827.423179,999990000.101124,1000000000.0,2067,3749,3,solana: J3NrhzUeKBSA3tJQjNq77zqpWJNz3FS9TrX7H7SLKcom,https://solscan.io/token/J3NrhzUeKBSA3tJQjNq77zqpWJNz3FS9TrX7H7SLKcom,,no,no
general-electric-ondo-tokenized-stock,General Electric (Ondo Tokenized Stock),geon,"Tokenized Assets, Ethereum Ecosystem, Real World Assets (RWA), Ondo Tokenized Assets",295.24,1312106,197.97,0.00015087957832675105,4444.126041755839,4444.126041755839,,0,3761,1,ethereum: 0xd904bcf89b7cedf5c89f9df7e829191d695f847e,"https://etherscan.io/address/0xD904bCf89B7CedF5c89f9Df7e829191D695F847E, https://etherscan.io/token/0xD904bCf89B7CedF5c89f9Df7e829191D695F847E, https://ethplorer.io/address/0xD904bCf89B7CedF5c89f9Df7e829191D695F847E",,no,no
defichain,DeFiChain,dfi,"Smart Contract Platform, Decentralized Finance (DeFi), BNB Chain Ecosystem, Ethereum Ecosystem, Real World Assets (RWA)",0.0014581,1311289,1258.83,0.0009599943261935392,899312344.8761247,1200000000.0,,10206,3764,6,"ethereum: 0x8fc8f8269ebca376d046ce292dc7eac40c8d358a, binance-smart-chain: 0x361c60b7c2828fcab80988d00d1d542c83387b50","http://explorer.defichain.io/, https://platform.arkhamintelligence.com/explorer/token/defichain, https://etherscan.io/token/0x8fc8f8269ebca376d046ce292dc7eac40c8d358a, https://ethplorer.io/address/0x8fc8f8269ebca376d046ce292dc7eac40c8d358a, https://bscscan.com/token/0x361c60b7c2828fcab80988d00d1d542c83387b50, https://binplorer.com/address/0x361c60b7c2828fcab80988d00d1d542c83387b50",,no,sí
oni-token,ONINO,oni,"BNB Chain Ecosystem, Fantom Ecosystem, Real World Assets (RWA), RWA Protocol",0.03291897,1298753,142335,0.10959358707929838,39453015.13579266,99999998.97,,4553,3774,4,"binance-smart-chain: 0xea89199344a492853502a7a699cc4230854451b8, fantom: 0x667c856f1a624baefe89fc4909c8701296c86c98","https://bscscan.com/token/0xea89199344a492853502a7a699cc4230854451b8, https://platform.arkhamintelligence.com/explorer/token/oni-token, https://ftmscan.com/token/0x667c856f1a624baefe89fc4909c8701296c86c98, https://binplorer.com/address/0xea89199344a492853502a7a699cc4230854451b8",,no,sí
the-swarm,The SWARM,swarm,"Artificial Intelligence (AI), Base Ecosystem, AI Agents",0.0025202,1294561,16328.81,0.012613395583522136,516165869.0,1000000000.0,1000000000.0,1858,3780,2,base: 0xea87169699dabd028a78d4b91544b4298086baf6,"https://basescan.org/address/0xea87169699dabd028a78d4B91544b4298086BAF6, https://basescan.org/token/0xea87169699dabd028a78d4B91544b4298086BAF6",,no,no
kigu,KIGU,kigu,"Artificial Intelligence (AI), Entertainment, Avalanche Ecosystem, AI Agents",0.03806914,1293056,150759,0.11659123812116412,34000000.0,34000000.0,,0,3782,1,avalanche: 0x8e48d9f6d73e9805df87dcf63f7b35ae04079713,"https://snowtrace.io/address/0x8e48D9F6D73e9805Df87Dcf63f7B35AE04079713, https://avascan.info/blockchain/c/address/0x8e48D9F6D73e9805Df87Dcf63f7B35AE04079713/token, https://snowtrace.io/token/0x8e48D9F6D73e9805Df87Dcf63f7B35AE04079713/token?type=erc20&chainid=43114, https://snowtrace.io/token/0x8e48d9f6d73e9805df87dcf63f7b35ae04079713?type=erc20&chainid=43114",,no,no
kenshi-2,Kenshi,kns,"Artificial Intelligence (AI), Arbitrum Ecosystem, Ethereum Ecosystem, DePIN, AI Framework",0.00149401,1285159,357.45,0.00027813679085622866,860000000.0,1000000000.0,1000000000.0,1504,3793,1,"arbitrum-one: 0xf1264873436a0771e440e2b28072fafcc5eebd01, ethereum: 0xf1264873436a0771e440e2b28072fafcc5eebd01","https://arbiscan.io/token/0xf1264873436a0771e440e2b28072fafcc5eebd01, https://platform.arkhamintelligence.com/explorer/token/kenshi-2, https://etherscan.io/address/0xf1264873436a0771e440e2b28072fafcc5eebd01, https://etherscan.io/token/0xf1264873436a0771e440e2b28072fafcc5eebd01, https://ethplorer.io/address/0xf1264873436a0771e440e2b28072fafcc5eebd01",,no,sí
boeing-ondo-tokenized-stock,Boeing (Ondo Tokenized Stock),baon,"Tokenized Assets, Ethereum Ecosystem, Real World Assets (RWA), Ondo Tokenized Assets",221.74,1279424,29334,0.02292750487719474,5769.912391039355,5769.912391039355,,0,3796,1,ethereum: 0x57270d35a840bc5c094da6fbeca033fb71ea6ab0,"https://etherscan.io/address/0x57270D35A840BC5C094da6FBeCA033FB71eA6Ab0, https://etherscan.io/token/0x57270D35A840BC5C094da6FBeCA033FB71eA6Ab0, https://ethplorer.io/address/0x57270D35A840BC5C094da6FBeCA033FB71eA6Ab0",,no,no
ithaca-protocol,Ithaca Protocol,ithaca,"Artificial Intelligence (AI), Decentralized Finance (DeFi), BNB Chain Ecosystem, Options, Ethereum Ecosystem",0.00749236,1279040,117659,0.09199008631473606,170712639.07563174,921541269.723928,1000000000.0,14788,3797,5,"binance-smart-chain: 0x49f1d4db3ea1a64390e990c6debeac88eac007ca, ethereum: 0x1095ae55b62174d9ea3bc6a4136acacad461d7ce","https://bscscan.com/token/0x49f1d4db3ea1a64390e990c6debeac88eac007ca, https://binplorer.com/address/0x49f1d4db3ea1a64390e990c6debeac88eac007ca, https://etherscan.io/token/0x1095AE55B62174D9EA3Bc6A4136acacaD461d7ce, https://ethplorer.io/address/0x1095AE55B62174D9EA3Bc6A4136acacaD461d7ce",,no,sí
paypal-ondo-tokenized-stock,PayPal (Ondo Tokenized Stock),pyplon,"Tokenized Assets, Ethereum Ecosystem, Real World Assets (RWA), Ondo Tokenized Assets",67.33,1273257,38533,0.030263332540092062,18911.37231916834,18911.37231916834,,0,3805,1,ethereum: 0x4efd92f372898b57f292de69fce377dd7d912bdd,"https://etherscan.io/address/0x4EFD92F372898B57F292De69fCe377dd7D912bDd, https://etherscan.io/token/0x4EFD92F372898B57F292De69fCe377dd7D912bDd, https://ethplorer.io/address/0x4EFD92F372898B57F292De69fCe377dd7D912bDd",,no,no
uomi,UOMI,uomi,"Artificial Intelligence (AI), Ethereum Ecosystem, Base Ecosystem, AI Agents, AI Framework",0.0029077,1271832,4275.84,0.0033619534655520544,437401705.7366662,4919219238.0,4919219238.0,3881,3806,2,"ethereum: 0x6b4bcfeccf80ab79eae40475af34cd986e583090, base: 0x3628d69aa2d66e9efe95ab1267d440dec24389b6","https://subexp.uomi.ai/#/explorer, https://explorer.uomi.ai/, https://etherscan.io/token/0x6b4bcfeccf80ab79eae40475af34cd986e583090, https://ethplorer.io/address/0x6b4bcfeccf80ab79eae40475af34cd986e583090, https://basescan.org/token/0x3628d69aa2d66e9efe95ab1267d440dec24389b6",,no,sí
accenture-ondo-tokenized-stock,Accenture (Ondo Tokenized Stock),acnon,"Tokenized Assets, Ethereum Ecosystem, Real World Assets (RWA), Ondo Tokenized Assets",239.48,1270558,66741,0.05252888888189284,5305.55351213534,5305.55351213534,,0,3810,2,ethereum: 0xaba9ae731aad63335c604e5f6e6a5db2e05f549d,"https://etherscan.io/address/0xAbA9Ae731Aad63335C604E5f6E6A5db2e05f549d, https://etherscan.io/token/0xAbA9Ae731Aad63335C604E5f6E6A5db2e05f549d, https://ethplorer.io/address/0xAbA9Ae731Aad63335C604E5f6E6A5db2e05f549d",,no,no
wells-fargo-ondo-tokenized-stock,Wells Fargo (Ondo Tokenized Stock),wfcon,"Tokenized Assets, Ethereum Ecosystem, Real World Assets (RWA), Ondo Tokenized Assets",85.17,1269000,15022.29,0.011837895981087471,14900.45635041052,14900.45635041052,,0,3811,1,ethereum: 0x4ad2118da8a65eaa81402a3d583fef6ee76bdf3f,"https://etherscan.io/address/0x4AD2118Da8a65eaa81402A3d583FEF6eE76BDf3F, https://etherscan.io/token/0x4AD2118Da8a65eaa81402A3d583FEF6eE76BDf3F, https://ethplorer.io/address/0x4AD2118Da8a65eaa81402A3d583FEF6eE76BDf3F",,no,no
marvell-technology-ondo-tokenized-stock,Marvell Technology (Ondo Tokenized Stock),mrvlon,"Tokenized Assets, Ethereum Ecosystem, Real World Assets (RWA), Ondo Tokenized Assets",83.15,1262356,23563,0.018665891396721687,15181.00918159722,15181.00918159722,,0,3815,1,ethereum: 0xf404e5f887dbd5508e16a1198fcdd5de1a4296b8,"https://etherscan.io/address/0xF404E5f887dBd5508e16a1198fCDD5DE1A4296B8, https://etherscan.io/token/0xF404E5f887dBd5508e16a1198fCDD5DE1A4296B8, https://ethplorer.io/address/0xF404E5f887dBd5508e16a1198fCDD5DE1A4296B8",,no,no
lyra-3,LYRA,lyra,"Artificial Intelligence (AI), Entertainment, Music, Base Ecosystem, AI Agents, Virtuals Protocol Ecosystem, Story Ecosystem",0.00125966,1259664,3553.07,0.0028206489984630824,1000000000.0,1000000000.0,1000000000.0,0,3818,2,"base: 0x99956f143dcca77cddf4b4b2a0fa4d491703244d, story: 0xa4f5c615f72ddeb2220471694fff1c0c3de051e1","https://basescan.org/token/0x99956f143dCCa77cdDf4B4b2a0fA4d491703244d, https://www.storyscan.xyz/token/0xa4f5c615f72ddeb2220471694fff1c0c3de051e1",,no,sí
equinix-ondo-tokenized-stock,Equinix (Ondo Tokenized Stock),eqixon,"Tokenized Assets, Ethereum Ecosystem, Real World Assets (RWA), Ondo Tokenized Assets",788.97,1259301,331.17,0.00026297922418865705,1596.13568017596,1596.13568017596,,0,3821,1,ethereum: 0x73d2ccee12c120e7da265a2de9d9f952a0101b4f,"https://etherscan.io/address/0x73d2ccEE12C120E7DA265a2dE9d9f952a0101b4f, https://etherscan.io/token/0x73d2ccEE12C120E7DA265a2dE9d9f952a0101b4f, https://ethplorer.io/address/0x73d2ccEE12C120E7DA265a2dE9d9f952a0101b4f",,no,no
eliza,Eliza,eliza,"Artificial Intelligence (AI), Solana Ecosystem, Meme, Solana Meme, AI Meme, AI Agents, Pump.fun Ecosystem, AI Applications, Binance Alpha Spotlight",0.00125495,1254121,191179,0.15244063371875602,999997750.54,999997750.54,999997750.54,0,3824,8,solana: 5voS9evDjxF589WuEub5i4ti7FWQmZCsAsyD5ucbuRqM,https://solscan.io/token/5voS9evDjxF589WuEub5i4ti7FWQmZCsAsyD5ucbuRqM,,no,no
soul-graph,Soul Graph,grph,"Artificial Intelligence (AI), Solana Ecosystem, Pump.fun Ecosystem, AI Applications",0.00125097,1246302,3276.53,0.0026290016384471824,999898489.131456,999898489.131456,1000000000.0,0,3833,3,solana: 9doRRAik5gvhbEwjbZDbZR6GxXSAfdoomyJR57xKpump,https://solscan.io/token/9doRRAik5gvhbEwjbZDbZR6GxXSAfdoomyJR57xKpump,,no,no
0xmonk,0xMonk by Virtuals,monk,"Artificial Intelligence (AI), Base Ecosystem, AI Agents, AI Applications, Virtuals Protocol Ecosystem, AI Agent Launchpad, DeFAI",0.00123786,1237855,7288.79,0.0058882421608346695,1000000000.0,1000000000.0,1000000000.0,1200,3837,1,base: 0x06abb84958029468574b28b6e7792a770ccaa2f6,https://basescan.org/token/0x06ABb84958029468574B28b6e7792A770CcaA2F6,,no,no
janitor,Janitor,janitor,"Artificial Intelligence (AI), AI Agents",0.00137643,1238786,236011,0.1905179748560284,899999999.4791933,1000000000.0,1000000000.0,1521,3826,3,binance-smart-chain: 0x3c8d20001fe883934a15c949a3355a65ca984444,"https://bscscan.com/token/0x3c8d20001fe883934a15c949a3355a65ca984444, https://binplorer.com/address/0x3c8d20001fe883934a15c949a3355a65ca984444",,no,no
creator-2,Creator,sn98,"Artificial Intelligence (AI), Bittensor Ecosystem, Bittensor Subnets",1.024,1235938,10552.29,0.008537879731831208,1209445.643958127,1209445.643958127,21000000.0,0,3848,1,bittensor: 98,https://taostats.io/subnets/98/chart,,no,no
doordash-ondo-tokenized-stock,DoorDash (Ondo Tokenized Stock),dashon,"Tokenized Assets, Ethereum Ecosystem, Real World Assets (RWA), Ondo Tokenized Assets",262.02,1231637,15077.24,0.012241626388294603,4700.461786312591,4700.461786312591,,0,3853,1,ethereum: 0x241958c86c7744d15d5f6314ba1ea4c81dda2896,"https://etherscan.io/address/0x241958c86c7744d15d5f6314BA1Ea4c81DDA2896, https://etherscan.io/token/0x241958c86c7744d15d5f6314BA1Ea4c81DDA2896, https://ethplorer.io/address/0x241958c86c7744d15d5f6314BA1Ea4c81DDA2896",,no,no
sentio-protocol,Sentio AI,sen,"Artificial Intelligence (AI), Meme, Ethereum Ecosystem, AI Agent Launchpad, Made in USA",0.01226504,1226491,301499,0.24582243163626966,100000000.0,100000000.0,100000000.0,1810,3857,3,ethereum: 0x421b05cf5ce28cb7347e73e2278e84472f0e4a88,"https://etherscan.io/token/0x421b05cf5ce28Cb7347E73e2278E84472F0E4a88, https://ethplorer.io/address/0x421b05cf5ce28Cb7347E73e2278E84472F0E4a88",,no,no
chipotle-ondo-tokenized-stock,Chipotle (Ondo Tokenized Stock),cmgon,"Tokenized Assets, Ethereum Ecosystem, Real World Assets (RWA), Ondo Tokenized Assets",40.08,1219175,37585,0.030828224003937088,30415.33446700043,30415.33446700043,,0,3868,1,ethereum: 0x25018520138bbab60684ad7983d4432e8b8e926b,"https://etherscan.io/address/0x25018520138bbaB60684AD7983D4432E8B8E926B, https://etherscan.io/token/0x25018520138bbaB60684AD7983D4432E8B8E926B, https://ethplorer.io/address/0x25018520138bbaB60684AD7983D4432E8B8E926B",,no,no
neoxa,Neoxa,neox,"Smart Contract Platform, Masternodes, Gaming (GameFi), Layer 1 (L1), Play To Earn, Real World Assets (RWA), Proof of Work (PoW), Gaming Blockchains",0.00013983,1219092,10818.77,0.008874449180209533,8718568035.970087,8720038035.970087,21000000000.0,1908,3869,2,,"https://explorer.neoxa.net/, https://neoxaexplorer.net/",,no,no
home3,Home3,hts,"Tokenized Real Estate, Tokenized Assets, Ethereum Ecosystem, Real World Assets (RWA), Made in USA",0.01466799,1207909,3042.33,0.0025186748339485836,82350000.0,96500000.0,100000000.0,1109,3879,1,ethereum: 0xc40629464351c37c1e1f47b3640ea2e7aec31ea5,"https://etherscan.io/token/0xc40629464351c37c1e1f47b3640ea2e7aec31ea5, https://platform.arkhamintelligence.com/explorer/token/home3, https://www.dextools.io/app/en/ether/pair-explorer/0xd265e71128223f1aba0a9468f0a6181127f679d1, https://dexscreener.com/ethereum/0xd265e71128223f1aba0a9468f0a6181127f679d1, https://ethplorer.io/address/0xc40629464351c37c1e1f47b3640ea2e7aec31ea5",,no,no
suiai,SuiAI,suai,"Artificial Intelligence (AI), Sui Ecosystem, AI Agents, AI Agent Launchpad",0.00119798,1197950,19141.01,0.01597813765182186,1000000000.0,1000000000.0,1000000000.0,4359,3888,3,sui: 0xbc732bc5f1e9a9f4bdf4c0672ee538dbf56c161afe04ff1de2176efabdf41f92::suai::SUAI,"https://suivision.xyz/coin/0xbc732bc5f1e9a9f4bdf4c0672ee538dbf56c161afe04ff1de2176efabdf41f92::suai::SUAI, https://suiscan.xyz/mainnet/coin/0xbc732bc5f1e9a9f4bdf4c0672ee538dbf56c161afe04ff1de2176efabdf41f92::suai::SUAI/txs",,no,no
flock-off,FLock OFF,sn96,"Artificial Intelligence (AI), Bittensor Ecosystem, Bittensor Subnets",0.71895,1200151,14476.0,0.012061815554876011,1669311.397706596,1669311.397706596,21000000.0,0,3890,1,bittensor: 96,https://taostats.io/subnets/96/chart,,no,no
swarm-3,Swarm,sn124,"Artificial Intelligence (AI), Bittensor Ecosystem, Bittensor Subnets",1.13,1188638,68817,0.057895675554710514,1054619.670076348,1054619.670076348,21000000.0,0,3902,1,bittensor: 124,https://taostats.io/subnets/124/chart,,no,no
synesis-one,Synesis One,sns,"Artificial Intelligence (AI), Solana Ecosystem, AI Agents, AI Applications, AI Framework",0.00148324,1185074,898643,0.7583011693784523,800564947.0,999997605.17,1000000000.0,5237,3907,5,solana: SNSNkV9zfG5ZKWQs6x4hxvBRV6s8SqMfSGCtECDvdMd,"https://explorer.solana.com/address/snsnkv9zfg5zkwqs6x4hxvbrv6s8sqmfsgctecdvdmd, https://platform.arkhamintelligence.com/explorer/token/synesis-one, https://solscan.io/token/snsnkv9zfg5zkwqs6x4hxvbrv6s8sqmfsgctecdvdmd",,no,no
maple,Maple,mpl,"Decentralized Finance (DeFi), Lending/Borrowing Protocols, Ethereum Ecosystem, Real World Assets (RWA), Alameda Research Portfolio, Circle Ventures Portfolio, RWA Protocol",0.678002,1184877,120907,0.10204181531078753,1748089.3424412443,10000000.0,10000000.0,4775,3908,4,ethereum: 0x33349b282065b0284d756f0577fb39c158f935e6,"https://etherscan.io/address/0x33349b282065b0284d756f0577fb39c158f935e6, https://platform.arkhamintelligence.com/explorer/token/maple, https://etherscan.io/token/0x33349b282065b0284d756f0577fb39c158f935e6, https://ethplorer.io/address/0x33349b282065b0284d756f0577fb39c158f935e6",,no,no
volaris-games,Volaris Games,vols,"Artificial Intelligence (AI), Gaming (GameFi), Base Ecosystem, AI Agent Launchpad",0.00241725,1180405,22141,0.018757121496435547,485925000.0,1000000000.0,1000000000.0,16602,3911,2,base: 0x9c94e82d8751f16953f9c86e13ed9cd0414e6e97,https://basescan.org/token/0x9c94e82d8751f16953f9c86e13ed9cd0414e6e97,,no,no
super-micro-computer-ondo-tokenized-stock,Super Micro Computer (Ondo Tokenized Stock),smcion,"Tokenized Assets, Ethereum Ecosystem, Real World Assets (RWA), Ondo Tokenized Assets",45.54,1172838,455.37,0.0003882633407171323,25755.53260475578,25755.53260475578,,0,3919,1,ethereum: 0x2ca12a3f9635fd69c21580def14f25c210ca9612,"https://etherscan.io/address/0x2ca12a3F9635fD69C21580def14F25C210cA9612, https://etherscan.io/token/0x2ca12a3F9635fD69C21580def14F25C210cA9612, https://ethplorer.io/address/0x2ca12a3F9635fD69C21580def14F25C210cA9612",,no,no
stability-world-ai,Stability World AI,aiw,"Artificial Intelligence (AI), BNB Chain Ecosystem, AI Applications",0.00263251,1171140,34726,0.029651450723226943,445573331.0507193,10000000000.0,10000000000.0,3279,3921,2,binance-smart-chain: 0x0ea82a52da127bb06740b4b2b2863fefe9c34011,"https://bscscan.com/token/0x0ea82a52da127bb06740b4b2b2863fefe9c34011, https://binplorer.com/address/0x0eA82A52dA127BB06740b4B2B2863fEfE9C34011",,no,no
safe-scan,Safe Scan,sn76,"Artificial Intelligence (AI), Bittensor Ecosystem, Bittensor Subnets",0.481095,1167021,6624.17,0.005676136076385944,2428200.487473467,2428200.487473467,21000000.0,0,3934,1,bittensor: 76,https://taostats.io/subnets/76/chart,,no,no
futu-holdings-ondo-tokenized-stock,Futu Holdings (Ondo Tokenized Stock),futuon,"Tokenized Assets, Ethereum Ecosystem, Real World Assets (RWA), Ondo Tokenized Assets",172.77,1157233,97.28,8.406258722314348e-05,6698.179706368753,6698.179706368753,,0,3939,1,ethereum: 0x5ce215d9c37a195df88e294a06b8396c296b4e15,"https://etherscan.io/address/0x5Ce215d9c37a195DF88e294a06B8396C296B4e15, https://etherscan.io/token/0x5Ce215d9c37a195DF88e294a06B8396C296B4e15, https://ethplorer.io/address/0x5Ce215d9c37a195DF88e294a06B8396C296B4e15",,no,no
ethy-ai,Ethy AI,ethy,"Artificial Intelligence (AI), Decentralized Identifier (DID), Base Ecosystem, AI Applications",0.001267,1154925,128780,0.1115050760871918,910000000.0,1000000000.0,1000000000.0,1189,3932,2,base: 0xc44141a684f6aa4e36cd9264ab55550b03c88643,https://basescan.org/token/0xC44141a684f6AA4E36cD9264ab55550B03C88643,,no,no
reinforced-ai,ReinforcedAI,sn92,"Artificial Intelligence (AI), Bittensor Ecosystem, Bittensor Subnets",0.600269,1149722,707.01,0.0006149399593988808,1915343.9888886,1915343.9888886,21000000.0,0,3948,1,bittensor: 92,https://taostats.io/subnets/92/chart,,no,no
bepro-network,Bepro,bepro,"Artificial Intelligence (AI), Ethereum Ecosystem, AI Applications",0.0001137,1137123,94467,0.08307544566418937,10000000000.0,10000000000.0,10000000000.0,3396,3957,5,ethereum: 0xcf3c8be2e2c42331da80ef210e9b1b307c03d36a,"https://etherscan.io/token/0xcf3c8be2e2c42331da80ef210e9b1b307c03d36a, https://platform.arkhamintelligence.com/explorer/token/bepro-network, https://ethplorer.io/address/0xcf3c8be2e2c42331da80ef210e9b1b307c03d36a",,no,no
ora-coin,ORA Coin,ora,"Artificial Intelligence (AI), Infrastructure, Oracle, BNB Chain Ecosystem, Solana Ecosystem, Arbitrum Ecosystem, Ethereum Ecosystem, Base Ecosystem, Hyperliquid Ecosystem, AI Framework, Unichain Ecosystem",0.02014182,1133742,3072.34,0.002709911073242413,56316666.33,333333333.0,333333333.0,0,3961,6,"ethereum: 0x33333333fede34409fb7f67c6585047e1f653333, unichain: 0x2d1b035ca47e04a119dff0fac828f4a57a67e4de, binance-smart-chain: 0x333333c465a19c85f85c6cfbed7b16b0b26e3333, hyperliquid: 0xd7a5b9b760fd758d2e3f6f3ecd2ae5bb, solana: BPYhCMNao2XG4UR771LurHrwUg3rcp76jmg4XFfAacvg, base: 0x333333c465a19c85f85c6cfbed7b16b0b26e3333, arbitrum-one: 0x333333c465a19c85f85c6cfbed7b16b0b26e3333","https://etherscan.io/token/0x33333333FEde34409Fb7f67c6585047E1F653333, https://etherscan.io/address/0x33333333FEde34409Fb7f67c6585047E1F653333, https://ethplorer.io/address/0x33333333FEde34409Fb7f67c6585047E1F653333, https://basescan.org/token/0x333333c465a19c85f85c6cfbed7b16b0b26e3333, https://solscan.io/token/BPYhCMNao2XG4UR771LurHrwUg3rcp76jmg4XFfAacvg, https://bscscan.com/token/0x333333C465a19C85f85c6CfbED7B16b0B26E3333, https://binplorer.com/address/0x333333C465a19C85f85c6CfbED7B16b0B26E3333, https://app.hyperliquid.xyz/explorer/token/0xd7a5b9b760fd758d2e3f6f3ecd2ae5bb, https://hypurrscan.io/token/0xd7a5b9b760fd758d2e3f6f3ecd2ae5bb, https://arbiscan.io/token/0x333333C465a19C85f85c6CfbED7B16b0B26E3333",,no,sí
mastercard-ondo-tokenized-stock,Mastercard (Ondo Tokenized Stock),maon,"Tokenized Assets, Ethereum Ecosystem, Real World Assets (RWA), Ondo Tokenized Assets",564.54,1132888,58296,0.05145786697361081,2006.752709332259,2006.752709332259,,0,3964,2,ethereum: 0xa29dc2102dfc2a0a4a5dcb84af984315567c9858,"https://etherscan.io/address/0xA29dC2102dfc2a0A4A5dCb84Af984315567c9858, https://etherscan.io/token/0xA29dC2102dfc2a0A4A5dCb84Af984315567c9858, https://ethplorer.io/address/0xA29dC2102dfc2a0A4A5dCb84Af984315567c9858",,no,no
aos-2,τaos,sn79,"Artificial Intelligence (AI), Bittensor Ecosystem, Bittensor Subnets",0.512053,1129811,14448.33,0.012788271666676993,2208650.105870092,2208650.105870092,21000000.0,0,3969,1,bittensor: 79,https://taostats.io/subnets/79/chart,,no,no
vericore,Vericore,sn70,"Artificial Intelligence (AI), Bittensor Ecosystem, Bittensor Subnets",0.443469,1126454,2394.64,0.0021258213828527395,2542652.136224508,2542652.136224508,21000000.0,0,3975,1,bittensor: 70,https://taostats.io/subnets/70/chart,,no,no
typeai,TypeAI,type,"Artificial Intelligence (AI), Ethereum Ecosystem, Telegram Apps",0.118483,1125589,754.6,0.0006704045615229004,9500000.0,10000000.0,10000000.0,2279,3974,1,ethereum: 0x443459d45c30a03f90037d011cbe22e2183d3b12,"https://etherscan.io/token/0x443459d45c30a03f90037d011cbe22e2183d3b12, https://platform.arkhamintelligence.com/explorer/token/typeai, https://ethplorer.io/address/0x443459d45c30a03f90037d011cbe22e2183d3b12",,no,no
amd-ondo-tokenized-stock,AMD (Ondo Tokenized Stock),amdon,"Tokenized Assets, Ethereum Ecosystem, Real World Assets (RWA), Ondo Tokenized Assets",159.05,1104000,20752,0.018797101449275364,6941.050841119928,6941.050841119928,,0,3997,1,ethereum: 0x0c1f3412a44ff99e40bf14e06e5ea321ae7b3938,"https://etherscan.io/address/0x0C1f3412A44Ff99E40bF14e06e5Ea321aE7B3938, https://etherscan.io/token/0x0C1f3412A44Ff99E40bF14e06e5Ea321aE7B3938, https://ethplorer.io/address/0x0C1f3412A44Ff99E40bF14e06e5Ea321aE7B3938",,no,no
loky-by-virtuals,Loky by Virtuals,loky,"Artificial Intelligence (AI), Base Ecosystem, AI Agents, Virtuals Protocol Ecosystem",0.00117477,1103531,14771.62,0.013385777110022284,940128098.3521212,995683653.9076768,1000000000.0,1090,3998,1,base: 0x1a3e429d2d22149cc61e0f539b112a227c844aa3,https://basescan.org/token/0x1a3e429d2d22149cc61e0f539b112a227c844aa3,,no,no
kudai,Kudai,kudai,"Artificial Intelligence (AI), Base Ecosystem, AI Agents, DeFAI",1.098e-05,1096459,8294.46,0.007564769863715834,100000000000.0,100000000000.0,100000000000.0,987,4003,3,"base: 0x288f4eb27400fa220d14b864259ad1b7f77c1594, arbitrum-one: 0xc9bd1c1e65ebfb36cf4b3d9fc8e2b844248deee8","https://basescan.org/token/0x288f4eb27400fa220d14b864259ad1b7f77c1594, https://arbiscan.io/token/0xc9bd1c1e65ebfb36cf4b3d9fc8e2b844248deee8",,no,sí
netflix-ondo-tokenized-stock,Netflix (Ondo Tokenized Stock),nflxon,"Tokenized Assets, Ethereum Ecosystem, Real World Assets (RWA), Ondo Tokenized Assets",1206.48,1090844,61590,0.0564608688318403,904.1608493368427,904.1608493368427,,0,4008,2,ethereum: 0x032dec3372f25c41ea8054b4987a7c4832cdb338,"https://etherscan.io/address/0x032deC3372F25C41EA8054B4987a7c4832CDB338, https://etherscan.io/token/0x032deC3372F25C41EA8054B4987a7c4832CDB338, https://ethplorer.io/address/0x032deC3372F25C41EA8054B4987a7c4832CDB338",,no,no
airbnb-ondo-tokenized-stock,Airbnb (Ondo Tokenized Stock),abnbon,"Tokenized Assets, Ethereum Ecosystem, Real World Assets (RWA), Ondo Tokenized Assets",123.71,1087601,44510,0.0409249347876657,8791.475362661009,8791.475362661009,,0,4014,1,ethereum: 0xb035c3d5083bdc80074f380aebc9fcb68aba0a28,"https://etherscan.io/address/0xb035c3d5083bdc80074F380aeBc9Fcb68aBa0A28, https://etherscan.io/token/0xb035c3d5083bdc80074F380aeBc9Fcb68aBa0A28, https://ethplorer.io/address/0xb035c3d5083bdc80074F380aeBc9Fcb68aBa0A28",,no,no
costco-ondo-tokenized-stock,Costco (Ondo Tokenized Stock),coston,"Tokenized Assets, Ethereum Ecosystem, Real World Assets (RWA), Ondo Tokenized Assets",918.51,1070761,58.43,5.456866658385952e-05,1165.760485833971,1165.760485833971,,0,4031,1,ethereum: 0x0c8276e4fec072cf7854be69c70f7773d1610857,"https://etherscan.io/address/0x0c8276E4FeC072cf7854Be69c70F7773D1610857, https://etherscan.io/token/0x0c8276E4FeC072cf7854Be69c70F7773D1610857, https://ethplorer.io/address/0x0c8276E4FeC072cf7854Be69c70F7773D1610857",,no,no
chappyz,Chappyz,chapz,"Artificial Intelligence (AI), SocialFi, NFT, BNB Chain Ecosystem, Telegram Apps, Discord Bots, ChainGPT Launchpad, Poolz Finance Launchpad",0.00013582,1064382,20779,0.019522126454599945,7836998514.472571,10000000000.0,10000000000.0,18966,4037,2,binance-smart-chain: 0x7b56748a3ef9970a5bae99c58ad8bc67b26c525f,"https://bscscan.com/address/0x7b56748a3ef9970a5bae99c58ad8bc67b26c525f, https://platform.arkhamintelligence.com/explorer/token/chappyz, https://bscscan.com/token/0x7b56748a3ef9970a5bae99c58ad8bc67b26c525f, https://binplorer.com/address/0x7b56748a3ef9970a5bae99c58ad8bc67b26c525f",,no,no
polariscloud-ai,PolarisCloud.ai,sn49,"Artificial Intelligence (AI), Bittensor Ecosystem, Bittensor Subnets",0.384933,1064687,142680,0.13401121644201536,2765899.990344642,2765899.990344642,21000000.0,0,4040,1,bittensor: 49,https://taostats.io/subnets/49/chart,,no,no
fakenews,FakeNews,sn66,"Artificial Intelligence (AI), Bittensor Ecosystem, Bittensor Subnets",0.425794,1061300,10439.42,0.009836445868274757,2492520.257489271,2492520.257489271,21000000.0,0,4043,1,bittensor: 66,https://taostats.io/subnets/66/chart,,no,no
clustr,Clustr,clustr,"Artificial Intelligence (AI), Base Ecosystem, AI Agent Launchpad",0.002048,1057037,9.84,9.309040270113535e-06,516132166.00442857,1000000000.0,1000000000.0,427,4047,2,base: 0x4b361e60cf256b926ba15f157d69cac9cd037426,https://basescan.org/token/0x4b361e60cf256b926ba15f157d69cac9cd037426,,no,no
micron-technology-ondo-tokenized-stock,Micron Technology (Ondo Tokenized Stock),muon,"Tokenized Assets, Ethereum Ecosystem, Real World Assets (RWA), Ondo Tokenized Assets",157.14,1055838,34.98,3.313008245583129e-05,6719.206910451554,6719.206910451554,,0,4049,1,ethereum: 0x050362ab1072cb2ce74d74770e22a3203ad04ee5,"https://etherscan.io/address/0x050362Ab1072Cb2Ce74d74770E22A3203Ad04ee5, https://etherscan.io/token/0x050362Ab1072Cb2Ce74d74770E22A3203Ad04ee5, https://ethplorer.io/address/0x050362Ab1072Cb2Ce74d74770E22A3203Ad04ee5",,no,no
widi,WIDI,widi,"Artificial Intelligence (AI), Solana Ecosystem, Pump.fun Ecosystem, AI Applications, DeFAI",0.00105993,1059931,1878.11,0.0017719172285743127,1000000000.0,1000000000.0,,340,4050,1,solana: WFcgBXhGxyFDp43AgT9opi3gyJLtfEo5bodLKuQpump,https://solscan.io/token/WFcgBXhGxyFDp43AgT9opi3gyJLtfEo5bodLKuQpump,,no,no
broadcom-ondo-tokenized-stock,Broadcom (Ondo Tokenized Stock),avgoon,"Tokenized Assets, Ethereum Ecosystem, Real World Assets (RWA), Ondo Tokenized Assets",334.64,1051988,26786,0.025462267630429244,3143.247813318061,3143.247813318061,,0,4056,2,ethereum: 0x0d54d4279b9e8c54cd8547c2c75a8ee81a0bcae8,"https://etherscan.io/address/0x0d54D4279B9E8c54cD8547c2C75A8Ee81A0BcaE8, https://etherscan.io/token/0x0d54D4279B9E8c54cD8547c2C75A8Ee81A0BcaE8, https://ethplorer.io/address/0x0d54D4279B9E8c54cD8547c2C75A8Ee81A0BcaE8",,no,no
etherfuse-ustry,Etherfuse USTRY,ustry,"Solana Ecosystem, Real World Assets (RWA)",1.045,1043211,1.89,1.8117140252547184e-06,998402.544175,998402.544175,,116,4072,2,"solana: USTRYnGgcHAhdWsanv8BG6vHGd4p7UGgoB9NRd8ei7j, stellar: USTRY-GCRYUGD5NVARGXT56XEZI5CIFCQETYHAPQQTHO2O3IQZTHDH4LATMYWC","https://solscan.io/token/USTRYnGgcHAhdWsanv8BG6vHGd4p7UGgoB9NRd8ei7j, https://stellar.expert/explorer/public/asset/USTRY-GCRYUGD5NVARGXT56XEZI5CIFCQETYHAPQQTHO2O3IQZTHDH4LATMYWC",,no,sí
brainedge,Brainedge,learn,"Artificial Intelligence (AI), Education, Ethereum Ecosystem",0.0141643,1036549,79717,0.07690615687246816,73231342.0,1000000000.0,1000000000.0,1248343,4079,1,ethereum: 0xf6ad4965f7779c6b8ae4d25bf2a2e009a47c3dae,"https://etherscan.io/token/0xf6AD4965F7779C6b8ae4d25BF2a2E009A47C3dAe, https://ethplorer.io/address/0xf6AD4965F7779C6b8ae4d25BF2a2E009A47C3dAe",,no,no
unitedhealth-ondo-tokenized-stock,UnitedHealth (Ondo Tokenized Stock),unhon,"Tokenized Assets, Ethereum Ecosystem, Real World Assets (RWA), Ondo Tokenized Assets",343.99,1036197,56310,0.05434294830037145,3012.33737804686,3012.33737804686,,0,4080,2,ethereum: 0x075756f3b6381a79633438faa8964946bf40163d,"https://etherscan.io/address/0x075756F3b6381a79633438fAA8964946bf40163d, https://etherscan.io/token/0x075756F3b6381a79633438fAA8964946bf40163d, https://ethplorer.io/address/0x075756F3b6381a79633438fAA8964946bf40163d",,no,no
jd-com-ondo-tokenized-stock,JD.com (Ondo Tokenized Stock),jdon,"Tokenized Assets, Ethereum Ecosystem, Real World Assets (RWA), Ondo Tokenized Assets",34.61,1031281,27251,0.026424417787198638,29800.37525162353,29800.37525162353,,0,4083,1,ethereum: 0xdeb6b89088ca9b7d7756087c8a0f7c6df46f319c,"https://etherscan.io/address/0xdeB6B89088cA9B7d7756087c8a0F7C6DF46f319C, https://etherscan.io/token/0xdeB6B89088cA9B7d7756087c8a0F7C6DF46f319C, https://ethplorer.io/address/0xdeB6B89088cA9B7d7756087c8a0F7C6DF46f319C",,no,no
noisegpt,enqAI,enqai,"Artificial Intelligence (AI), Arbitrum Ecosystem, Ethereum Ecosystem, Telegram Apps",0.00103214,1021075,62935,0.06163602086036775,990756563.6568215,1000000000.0,1000000000.0,3348,4086,3,"ethereum: 0x710287d1d39dcf62094a83ebb3e736e79400068a, arbitrum-one: 0xadd5620057336f868eae78a451c503ae7b576bad","https://etherscan.io/token/0x710287d1d39dcf62094a83ebb3e736e79400068a, https://platform.arkhamintelligence.com/explorer/token/noisegpt, https://ethplorer.io/address/0x710287d1d39dcf62094a83ebb3e736e79400068a, https://arbiscan.io/token/0xadd5620057336f868eae78a451c503ae7b576bad",,no,sí
precipitate-ai,Precipitate.ai,rain,"Artificial Intelligence (AI), Infrastructure, Ethereum Ecosystem, DePIN, Base Ecosystem, AI Agents",0.0010197,1019703,1471.98,0.0014435379713504815,1000000000.0,1000000000.0,1000000000.0,557,4095,2,"ethereum: 0xe3944ab788a60ca266f1eec3c26925b95f6370ad, base: 0x1f1aa4d239002bb818536c95e9b762a1fc8484c1","https://etherscan.io/token/0xe3944ab788a60ca266f1eec3c26925b95f6370ad, https://platform.arkhamintelligence.com/explorer/token/precipitate-ai, https://ethplorer.io/address/0xe3944ab788a60ca266f1eec3c26925b95f6370ad, https://basescan.org/token/0x1f1aa4d239002bb818536c95e9b762a1fc8484c1",,no,sí
tao-ceti,Tao Ceτi,ceti,"Artificial Intelligence (AI), Ethereum Ecosystem, Bittensor Ecosystem",0.0482435,1013289,28.54,2.816570593384513e-05,21000000.0,21000000.0,21000000.0,638,4113,1,ethereum: 0x1bfce574deff725a3f483c334b790e25c8fa9779,"https://etherscan.io/address/0x1bfce574deff725a3f483c334b790e25c8fa9779, https://platform.arkhamintelligence.com/explorer/token/tao-ceti, https://etherscan.io/token/0x1bfce574deff725a3f483c334b790e25c8fa9779, https://ethplorer.io/address/0x1bfce574deff725a3f483c334b790e25c8fa9779",,no,no
gold-token,Gold Token,gldt,"Stablecoins, Tokenized Assets, Tokenized Gold, Arbitrum Ecosystem, Ethereum Ecosystem, Internet Computer Ecosystem, Real World Assets (RWA), Base Ecosystem, Tokenized Commodities",1.23,1011080,2560.41,0.0025323515448826997,821399.9,821399.8,,3253,4103,2,"internet-computer: 6c7su-kiaaa-aaaar-qaira-cai, ethereum: 0x86856814e74456893cfc8946bedcbb472b5fa856, base: 0x86856814e74456893cfc8946bedcbb472b5fa856, arbitrum-one: 0x86856814e74456893cfc8946bedcbb472b5fa856","https://gldt.org/explorer?tab=transactions, https://ic.house/token/6c7su-kiaaa-aaaar-qaira-cai, https://dashboard.internetcomputer.org/canister/6c7su-kiaaa-aaaar-qaira-cai, https://basescan.org/token/0x86856814e74456893cfc8946bedcbb472b5fa856, https://etherscan.io/token/0x86856814e74456893cfc8946bedcbb472b5fa856, https://ethplorer.io/address/0x86856814e74456893cfc8946bedcbb472b5fa856, https://arbiscan.io/token/0x86856814e74456893cfc8946bedcbb472b5fa856",,no,sí
paimon-stripe-spv-token,Paimon Stripe SPV Token,strp,"BNB Chain Ecosystem, Real World Assets (RWA)",45.34,1007481,877.04,0.0008705275831504514,22222.2222222222,22222.2222222222,1000000.0,0,4111,1,binance-smart-chain: 0x13578c16e3dc631737e93ed6bbef428faa9bbaf7,"https://bscscan.com/token/0x13578c16e3dc631737e93ed6bbef428faa9bbaf7, https://binplorer.com/address/0x13578C16e3Dc631737e93Ed6BBeF428faA9BBAF7",,no,no
paimon-cursor-spv-token,Paimon Cursor SPV Token,crsr,"BNB Chain Ecosystem, Real World Assets (RWA)",350.26,1000731,332.75,0.0003325069374287396,2857.14285714286,2857.14285714286,1000000.0,0,4117,1,binance-smart-chain: 0x8d52f97ab2803e9c23d949d377c019770dbf1ff3,"https://bscscan.com/token/0x8d52f97ab2803e9c23d949d377c019770dbf1ff3, https://binplorer.com/address/0x8d52F97aB2803E9c23d949D377c019770dBF1fF3",,no,no
paimon-xai-spv-token,Paimon xAI SPV Token,xai,"BNB Chain Ecosystem, Real World Assets (RWA)",94.96,999618,384.9,0.00038504708798761124,10526.3157894737,10526.3157894737,1000000.0,0,4120,1,binance-smart-chain: 0x43ff4cf60f75fbcc91be7d5036710ffcf2a80459,"https://bscscan.com/token/0x43ff4cf60f75fbcc91be7d5036710ffcf2a80459, https://binplorer.com/address/0x43fF4cF60F75fBcc91be7d5036710FFcF2A80459",,no,no
xzk,Expand,xzk,"Artificial Intelligence (AI), Ethereum Ecosystem, AI Framework",0.00241737,993164,39976,0.04025115690862738,410760735.85996383,1000000000.0,1000000000.0,0,4129,5,ethereum: 0xe8fc52b1bb3a40fd8889c0f8f75879676310ddf0,"https://etherscan.io/token/0xe8fc52b1bb3a40fd8889c0f8f75879676310ddf0, https://platform.arkhamintelligence.com/explorer/token/xzk, https://ethplorer.io/address/0xe8fc52b1bb3a40fd8889c0f8f75879676310ddf0",,no,no
yuku-ai,Yuku AI,yuku,"Artificial Intelligence (AI), Metaverse, Internet Computer Ecosystem, AI Agent Launchpad, NFT Launchpad",0.00435781,992474,29.52,2.974385223189726e-05,227746321.4012362,973749551.2812492,,3736,4130,2,internet-computer: atbfz-diaaa-aaaaq-aacyq-cai,"https://dashboard.internetcomputer.org/sns/cj5nf-5yaaa-aaaaq-aacxq-cai, https://ic.house/token/atbfz-diaaa-aaaaq-aacyq-cai, https://t5t44-naaaa-aaaah-qcutq-cai.raw.ic0.app/token/atbfz-diaaa-aaaaq-aacyq-cai/transactions, https://dashboard.internetcomputer.org/canister/atbfz-diaaa-aaaaq-aacyq-cai",,no,no
adobe-ondo-tokenized-stock,Adobe (Ondo Tokenized Stock),adbeon,"Tokenized Assets, Ethereum Ecosystem, Real World Assets (RWA), Ondo Tokenized Assets",360.56,990976,101.88,0.00010280773701885817,2748.416628459389,2748.416628459389,,0,4133,1,ethereum: 0x7042a8ffc7c7049684bfbc2fcb41b72380755a43,"https://etherscan.io/address/0x7042a8fFc7c7049684BfBc2fcb41b72380755a43, https://etherscan.io/token/0x7042a8fFc7c7049684BfBc2fcb41b72380755a43, https://ethplorer.io/address/0x7042a8fFc7c7049684BfBc2fcb41b72380755a43",,no,no
dastra-network,Dastra Network,dan,"Decentralized Finance (DeFi), BNB Chain Ecosystem, Launchpad, Real World Assets (RWA)",0.00782597,986405,0.0,0.0,126042479.008,520000000.0,1000000000.0,3937,4135,1,binance-smart-chain: 0x09531ece451453d68f8c6399120f67f19fee4489,"https://bscscan.com/token/0x09531ece451453d68f8c6399120f67f19fee4489, https://platform.arkhamintelligence.com/explorer/token/dastra-network, https://binplorer.com/address/0x09531ece451453d68f8c6399120f67f19fee4489",,no,no
disney-ondo-tokenized-stock,Disney (Ondo Tokenized Stock),dison,"Tokenized Assets, Ethereum Ecosystem, Real World Assets (RWA), Ondo Tokenized Assets",113.24,973503,37977,0.03901066560657748,8597.123545813323,8597.123545813323,,0,4153,1,ethereum: 0xc3d93b45249e8e06cfeb01d25a96337e8893265d,"https://etherscan.io/address/0xc3D93B45249E8E06cfeB01d25A96337E8893265d, https://etherscan.io/token/0xc3D93B45249E8E06cfeB01d25A96337E8893265d, https://ethplorer.io/address/0xc3D93B45249E8E06cfeB01d25A96337E8893265d",,no,no
uber-ondo-tokenized-stock,Uber (Ondo Tokenized Stock),uberon,"Tokenized Assets, Ethereum Ecosystem, Real World Assets (RWA), Ondo Tokenized Assets",98.49,973325,37423,0.03844861685459636,9882.352026848846,9882.352026848846,,0,4154,1,ethereum: 0x5bcd8195e3ef58f677aef9ebc276b5087c027050,"https://etherscan.io/address/0x5Bcd8195E3Ef58f677aeF9eBC276B5087c027050, https://etherscan.io/token/0x5Bcd8195E3Ef58f677aeF9eBC276B5087c027050, https://ethplorer.io/address/0x5Bcd8195E3Ef58f677aeF9eBC276B5087c027050",,no,no
xzk,Expand,xzk,"Artificial Intelligence (AI), Ethereum Ecosystem, AI Framework",0.00236853,972898,40326,0.04144936057017282,410760735.85996383,1000000000.0,1000000000.0,0,4129,5,ethereum: 0xe8fc52b1bb3a40fd8889c0f8f75879676310ddf0,"https://etherscan.io/token/0xe8fc52b1bb3a40fd8889c0f8f75879676310ddf0, https://platform.arkhamintelligence.com/explorer/token/xzk, https://ethplorer.io/address/0xe8fc52b1bb3a40fd8889c0f8f75879676310ddf0",,no,no
architex,Architex,arcx,"Artificial Intelligence (AI), DePIN, Base Ecosystem, Bittensor Ecosystem",0.096916,969161,147.27,0.0001519561765279453,10000000.0,10000000.0,10000000.0,0,4160,1,base: 0x9f44218d487bff2f81bef45202601df4bd4d1055,https://basescan.org/token/0x9f44218d487BFF2f81bEf45202601DF4Bd4d1055,,no,no
chadfi-2,ChadFi,chadfi,"Artificial Intelligence (AI), Meme, Base Ecosystem, AI Agents, AI Applications",0.00096153,961781,2147.71,0.0022330551341729564,1000000000.0,1000000000.0,1000000000.0,196,4172,1,base: 0x024fb52e5b7b7a2baf4c6e7632317d9029d54b6c,https://basescan.org/token/0x024fb52e5b7b7a2baf4c6e7632317d9029d54b6c,,no,no
hana-by-virtuals,Hana by Virtuals,hana,"Artificial Intelligence (AI), Base Ecosystem, AI Agents, Virtuals Protocol Ecosystem",0.00096239,961682,6866.53,0.007140125322091918,1000000000.0,1000000000.0,1000000000.0,0,4169,2,base: 0x1cfc22860fe46a622e3c2d1c9b036412467ef4c9,"https://basescan.org/address/0x1cfc22860Fe46A622e3C2D1c9b036412467Ef4C9, https://basescan.org/token/0x1cfc22860Fe46A622e3C2D1c9b036412467Ef4C9",,no,no
amiko,Amiko,amiko,"Artificial Intelligence (AI), Solana Ecosystem, AI Agents, Pump.fun Ecosystem",0.00125485,961622,196.27,0.00020410306752549338,766322835.402394,999999312.06906,1000000000.0,0,4170,1,solana: AY1Ww6MxwC3cCiyrandHqLrp4FXvzgcwQTZpJ2FEpump,https://solscan.io/token/AY1Ww6MxwC3cCiyrandHqLrp4FXvzgcwQTZpJ2FEpump,,no,no
goldman-sachs-ondo-tokenized-stock,Goldman Sachs (Ondo Tokenized Stock),gson,"Tokenized Assets, Ethereum Ecosystem, Real World Assets (RWA), Ondo Tokenized Assets",803.66,947177,40951,0.04323479138534825,1178.579441272988,1178.579441272988,,0,4195,1,ethereum: 0xdb57d9c14e357fc01e49035a808779df41e9b4e2,"https://etherscan.io/address/0xdB57d9C14e357Fc01E49035a808779Df41E9B4e2, https://etherscan.io/token/0xdB57d9C14e357Fc01E49035a808779Df41E9B4e2, https://ethplorer.io/address/0xdB57d9C14e357Fc01E49035a808779Df41E9B4e2",,no,no
apescreener,ApeScreener,apes,"Artificial Intelligence (AI), Analytics, Ethereum Ecosystem, AI Applications",0.00942521,942521,415.24,0.0004405631280364045,100000000.0,100000000.0,100000000.0,1837,4200,1,ethereum: 0x09675e24ca1eb06023451ac8088eca1040f47585,"https://etherscan.io/token/0x09675e24ca1eb06023451ac8088eca1040f47585, https://platform.arkhamintelligence.com/explorer/token/apescreener, https://ethplorer.io/address/0x09675e24ca1eb06023451ac8088eca1040f47585",,no,no
juliaos,JuliaOS,jos,"Artificial Intelligence (AI), Solana Ecosystem, AI Agents, AI Framework",0.00094221,942108,415585,0.4411224615436871,999649648.080428,999649648.080428,1000000000.0,2270,4201,3,solana: JosjEXh69RckgSs2AWsN1xN8zmiSHxBuJjHLURJnHhg,https://solscan.io/token/JosjEXh69RckgSs2AWsN1xN8zmiSHxBuJjHLURJnHhg,,no,no
morpheus-labs,Morpheus Infrastructure Node,mind,"Artificial Intelligence (AI), Polygon Ecosystem, Ethereum Ecosystem",0.000448,940805,23271,0.0247352001743188,2100000000.0,2100000000.0,2100000000.0,5364,4205,2,"ethereum: 0xc9eb61ffb66d5815d643bbb8195e17c49687ae1e, polygon-pos: 0x280053c54006a624c26989cb8354fa4cb86f14d1","https://etherscan.io/token/0xc9eb61ffb66d5815d643bbb8195e17c49687ae1e, https://platform.arkhamintelligence.com/explorer/token/morpheus-labs, https://ethplorer.io/address/0xc9eb61ffb66d5815d643bbb8195e17c49687ae1e, https://polygonscan.com/token/0x280053c54006a624c26989cb8354fa4cb86f14d1",,no,sí
wachxbt,WachAI,wach,"Artificial Intelligence (AI), AI Agents, Virtuals Protocol Ecosystem",0.00186405,940677,17573.51,0.01868176855605059,504641000.0,1000000000.0,1000000000.0,0,4203,1,base: 0xcc9ad02796dec5f4f0710df80c1f011af85eb9e1,https://basescan.org/token/0xcc9ad02796dec5f4f0710df80c1f011af85eb9e1,,no,no
sundae-bar,Sundae_Bar,sn121,"Artificial Intelligence (AI), Bittensor Ecosystem, Bittensor Subnets",0.95457,939513,100879,0.10737371382833447,984226.108978686,984226.108978686,21000000.0,0,4207,1,bittensor: 121,https://taostats.io/subnets/121/chart,,no,no
taiwan-semiconductor-manufacturing-ondo-tokenized-stock,Taiwan Semiconductor Manufacturing (Ondo Tokenized Stock),tsmon,"Tokenized Assets, Ethereum Ecosystem, Real World Assets (RWA), Ondo Tokenized Assets",273.66,929273,17999.62,0.019369571697445204,3395.746791470199,3395.746791470199,,0,4221,1,ethereum: 0x3cafdbfe682aec17d5ace2f97a2f3ab3dcf6a4a9,"https://etherscan.io/address/0x3Cafdbfe682aec17d5acE2f97A2f3ab3dCf6a4A9, https://etherscan.io/token/0x3Cafdbfe682aec17d5acE2f97A2f3ab3dCf6a4A9, https://ethplorer.io/address/0x3Cafdbfe682aec17d5acE2f97A2f3ab3dCf6a4A9",,no,no
s-p-global-ondo-tokenized-stock,S&P Global (Ondo Tokenized Stock),spgion,"Tokenized Assets, Ethereum Ecosystem, Real World Assets (RWA), Ondo Tokenized Assets",490.8,929253,100.86,0.00010853879406361884,1893.343382344259,1893.343382344259,,0,4222,1,ethereum: 0xbc843b147db4c7e00721d76037b8b92e13afe13f,"https://etherscan.io/address/0xbc843b147DB4C7E00721d76037b8b92e13AfE13f, https://etherscan.io/token/0xbc843b147DB4C7E00721d76037b8b92e13AfE13f, https://ethplorer.io/address/0xbc843b147DB4C7E00721d76037b8b92e13AfE13f",,no,no
reflect-base,Reflect,rfl,"Artificial Intelligence (AI), Base Ecosystem, AI Agents, AI Applications, DeFAI",0.066381,925297,16135.58,0.0174382711713104,13941446.647915162,25000000.0,25000000.0,1039,4232,4,base: 0x6e2c81b6c2c0e02360f00a0da694e489acb0b05e,"https://basescan.org/token/0x6e2c81b6c2c0e02360f00a0da694e489acb0b05e, https://platform.arkhamintelligence.com/explorer/token/reflect-base",,no,no
starrynift,StarryNift,snift,"Artificial Intelligence (AI), BNB Chain Ecosystem, AI Agents",0.00494106,924078,135700,0.14684907551094173,187015500.0,1000000000.0,1000000000.0,2716,4231,6,binance-smart-chain: 0x5c4625ac040486ce7a9054924b8cd3e4ba8480a6,"https://bscscan.com/token/0x5c4625ac040486ce7a9054924b8cd3e4ba8480a6, https://platform.arkhamintelligence.com/explorer/token/starrynift, https://binplorer.com/address/0x5c4625ac040486ce7a9054924b8cd3e4ba8480a6",,no,no
aiden-labs,Aiden Labs,adn,"Artificial Intelligence (AI), BNB Chain Ecosystem",0.00390988,918930,305861,0.3328447215783574,235027756.46666667,4000000000.0,4000000000.0,24268,4238,0,binance-smart-chain: 0xf7a2a10b9f4aa9fbf057620f0da2169ffbc1e134,"https://bscscan.com/token/0xf7A2A10b9f4AA9fBF057620f0da2169FfBC1e134, https://binplorer.com/address/0xf7A2A10b9f4AA9fBF057620f0da2169FfBC1e134",,no,no
xfractal,xFractal,fractal,"Artificial Intelligence (AI), Solana Ecosystem, AI Agents, Pump.fun Ecosystem",0.00092977,918750,143795,0.15651156462585034,999100302.242098,999098563.754037,1000000000.0,224,4239,3,solana: HP6ypiCX4yjzSxpfJExEcydSU1BiuuvGhgrKCLKopump,https://solscan.io/token/HP6ypiCX4yjzSxpfJExEcydSU1BiuuvGhgrKCLKopump,,no,no
landx-governance-token,LandX Governance Token,lndx,"Tokenized Real Estate, Arbitrum Ecosystem, Ethereum Ecosystem, Real World Assets (RWA), RWA Protocol",0.069937,918734,91766,0.09988310000500689,13136571.378306,69260930.472538,80000000.0,678,4240,6,"ethereum: 0x08a1c30bbb26425c1031ee9e43fa0b9960742539, arbitrum-one: 0xe10d4a4255d2d35c9e23e2c4790e073046fbaf5c","https://etherscan.io/token/0x08a1c30bbb26425c1031ee9e43fa0b9960742539, https://platform.arkhamintelligence.com/explorer/token/landx-governance-token, https://ethplorer.io/address/0x08a1c30bbb26425c1031ee9e43fa0b9960742539, https://arbiscan.io/token/0xe10d4a4255d2d35c9e23e2c4790e073046fbaf5c",,no,sí
arbus,Arbus,arbus,"Artificial Intelligence (AI), Analytics, Base Ecosystem, AI Applications, Virtuals Protocol Ecosystem, InfoFi",0.00162322,915875,170807,0.1864959737955507,566658181.75,1000000000.0,1000000000.0,1277,4246,3,base: 0xbdc27118ca76b375c6887b0ff068afb03dfc21a0,https://basescan.org/token/0xBDC27118Ca76B375C6887b0ff068aFb03DfC21A0,,no,no
american-express-ondo-tokenized-stock,American Express (Ondo Tokenized Stock),axpon,"Tokenized Assets, Ethereum Ecosystem, Real World Assets (RWA), Ondo Tokenized Assets",341.87,912708,37489,0.04107447288727611,2669.786017725498,2669.786017725498,,0,4252,1,ethereum: 0x2bc7ff0c5da9f1a4a51f96e77c5b0f7165dc06d2,"https://etherscan.io/address/0x2Bc7Ff0C5dA9F1a4A51F96e77C5b0F7165DC06d2, https://etherscan.io/token/0x2Bc7Ff0C5dA9F1a4A51F96e77C5b0F7165DC06d2, https://ethplorer.io/address/0x2Bc7Ff0C5dA9F1a4A51F96e77C5b0F7165DC06d2",,no,no
arbius,Arbius,aius,"Artificial Intelligence (AI), Arbitrum Ecosystem, Ethereum Ecosystem, Arbitrum Nova Ecosystem, DeFAI",2.93,911545,17588.06,0.01929477974208624,311331.647637297,1000000.0,1000000.0,3729,4254,3,"ethereum: 0x8afe4055ebc86bd2afb3940c0095c9aca511d852, arbitrum-nova: 0x8afe4055ebc86bd2afb3940c0095c9aca511d852, arbitrum-one: 0x4a24b101728e07a52053c13fb4db2bcf490cabc3","https://etherscan.io/token/0x8afe4055ebc86bd2afb3940c0095c9aca511d852, https://platform.arkhamintelligence.com/explorer/token/arbius, https://ethplorer.io/address/0x8afe4055ebc86bd2afb3940c0095c9aca511d852, https://nova.arbiscan.io/token/0xe3dbc4f88eaa632ddf9708732e2832eeaa6688ab, https://nova.arbiscan.io/token/0x8afe4055ebc86bd2afb3940c0095c9aca511d852, https://arbiscan.io/token/0x4a24b101728e07a52053c13fb4db2bcf490cabc3",,no,sí
seraph-by-virtuals,Seraph by Virtuals,seraph,"Artificial Intelligence (AI), Base Ecosystem, Bittensor Ecosystem, Virtuals Protocol Ecosystem",0.00089678,896381,8829.35,0.009849996820548405,999550515.6162387,999550515.6162387,1000000000.0,0,4277,1,base: 0x4f81837c2f4a189a0b69370027cc2627d93785b4,https://basescan.org/token/0x4f81837C2f4A189A0B69370027cc2627d93785B4,,no,no
mercadolibre-ondo-tokenized-stock,MercadoLibre (Ondo Tokenized Stock),melion,"Tokenized Assets, Ethereum Ecosystem, Real World Assets (RWA), Ondo Tokenized Assets",2459.59,895266,994.04,0.001110329220589188,363.9904774349459,363.9904774349459,,0,4278,1,ethereum: 0x2816169a49953c548bfeb3948dcf05c4a0e4657d,"https://etherscan.io/address/0x2816169A49953C548BfEb3948dCF05c4A0E4657D, https://etherscan.io/token/0x2816169A49953C548BfEb3948dCF05c4A0E4657D, https://ethplorer.io/address/0x2816169A49953C548BfEb3948dCF05c4A0E4657D",,no,no
iboxx-high-yield-corporate-bond-etf-ondo-tokenized-etf,iBoxx $ High Yield Corporate Bond ETF (Ondo Tokenized ETF),hygon,"Tokenized Assets, Ethereum Ecosystem, Real World Assets (RWA), Ondo Tokenized Assets",81.85,878923,18723.62,0.021302912769377975,10737.88419694161,10737.88419694161,,0,4303,1,ethereum: 0xed3618bb8778f8ebbe2f241da532227591771d04,"https://etherscan.io/address/0xeD3618Bb8778F8eBBe2f241Da532227591771D04, https://etherscan.io/token/0xeD3618Bb8778F8eBBe2f241Da532227591771D04, https://ethplorer.io/address/0xeD3618Bb8778F8eBBe2f241Da532227591771D04",,no,no
octonetai,OctonetAI,octo,"Artificial Intelligence (AI), Solana Ecosystem, DePIN, AI Applications, Made in USA",0.00881272,877703,5102.03,0.00581293444365577,99996804.431195,99996804.431195,100000000.0,774,4306,1,solana: 4CoTCzobYt38zVbSieZxcmz2CCs8kmZJ6wnbj8HWocto,https://solscan.io/token/4CoTCzobYt38zVbSieZxcmz2CCs8kmZJ6wnbj8HWocto,,no,no
carnomaly,Carnomaly,carr,"Decentralized Finance (DeFi), Solana Ecosystem, Polygon Ecosystem, Real World Assets (RWA), RWA Protocol, Made in USA",0.00050115,877019,41866,0.04773670809868429,1750000000.0,1750000000.0,1750000000.0,1697,4308,3,"polygon-pos: 0x9b765735c82bb00085e9dbf194f20e3fa754258e, solana: CDwKAreA1ipd1hUDBKsfVXVFWqNEeGDdvmZ7RHdiQk1U","https://polygonscan.com/token/0x9b765735c82bb00085e9dbf194f20e3fa754258e, https://platform.arkhamintelligence.com/explorer/token/carnomaly, https://solscan.io/token/cdwkarea1ipd1hudbksfvxvfwqneegddvmz7rhdiqk1u",,no,sí
insightx,InsightX,inx,"Artificial Intelligence (AI), Analytics, Ethereum Ecosystem, Telegram Apps, AI Applications",0.00425139,873094,1780.26,0.0020390244349405675,205174674.0,250000000.0,250000000.0,1619,4314,1,ethereum: 0x67f3086f7823eaf35f5aaadfb2e9b9c5b09578cf,"https://etherscan.io/token/0x67f3086f7823eaf35f5aaadfb2e9b9c5b09578cf, https://platform.arkhamintelligence.com/explorer/token/insightx, https://ethplorer.io/address/0x67f3086f7823eaf35f5aaadfb2e9b9c5b09578cf",,no,no
blormmy,blormmy,blormmy,"Artificial Intelligence (AI), Solana Ecosystem, AI Agents, Pump.fun Ecosystem, AI Applications",0.0008575,857228,225.64,0.0002632205200950039,999687809.836735,999687809.836735,1000000000.0,27,4337,2,solana: 71AZt4P5kc5vpfTJR1HjNbMzD84G7vxam4DtL3kJpump,https://solscan.io/token/71AZt4P5kc5vpfTJR1HjNbMzD84G7vxam4DtL3kJpump,,no,no
apollo-global-management-ondo-tokenized-stock,Apollo Global Management (Ondo Tokenized Stock),apoon,"Tokenized Assets, Ethereum Ecosystem, Real World Assets (RWA), Ondo Tokenized Assets",141.36,856223,29634,0.03461014245120722,6056.937197092384,6056.937197092384,,0,4339,1,ethereum: 0x4d21affd27183b07335935f81a5c26b6a5a15355,"https://etherscan.io/address/0x4D21aFfD27183B07335935F81A5C26b6A5A15355, https://etherscan.io/token/0x4D21aFfD27183B07335935F81A5C26b6A5A15355, https://ethplorer.io/address/0x4D21aFfD27183B07335935F81A5C26b6A5A15355",,no,no
salesforce-ondo-tokenized-stock,Salesforce (Ondo Tokenized Stock),crmon,"Tokenized Assets, Ethereum Ecosystem, Real World Assets (RWA), Ondo Tokenized Assets",243.94,855121,9.22,1.078209984318009e-05,3505.405969175926,3505.405969175926,,0,4341,1,ethereum: 0x55720ef5b023fd043ae5f8d2e526030207978950,"https://etherscan.io/address/0x55720eF5b023Fd043AE5F8D2e526030207978950, https://etherscan.io/token/0x55720eF5b023Fd043AE5F8D2e526030207978950, https://ethplorer.io/address/0x55720eF5b023Fd043AE5F8D2e526030207978950",,no,no
aurra-by-virtuals,Aurra by Virtuals,aura,"Artificial Intelligence (AI), Base Ecosystem, AI Applications, Virtuals Protocol Ecosystem, AI Framework",0.00085594,859541,64270,0.07477246576952118,1000000000.0,1000000000.0,1000000000.0,176,4331,2,base: 0xdcaa5e062b2be18e52ea6ed7ba232538621ddc10,https://basescan.org/token/0xdCaA5E062b2be18E52eA6ED7ba232538621dDC10,,no,no
protokols,ProtoKOLs,kol,"Artificial Intelligence (AI), Analytics, Ethereum Ecosystem",0.085249,852493,660.56,0.000774856802343245,10000000.0,10000000.0,10000000.0,857,4347,1,ethereum: 0xd888a5460fffa4b14340dd9fe2710cbabd520659,"https://etherscan.io/token/0xd888a5460fffa4b14340dd9fe2710cbabd520659, https://platform.arkhamintelligence.com/explorer/token/protokols, https://ethplorer.io/address/0xd888A5460fFFA4B14340DD9Fe2710cbABd520659",,no,no
bitdoctorai,BitDoctorAI,aidd,"Artificial Intelligence (AI), Healthcare, Solana Ecosystem, DePIN, Decentralized Science (DeSci), AI Applications",0.00366078,851411,12888.99,0.015138387923106466,232993085.1357439,999993085.1357439,1000000000.0,6345,4348,1,solana: aiddowDsfMxaxPtVmmmnaX9B8DNzM78YypD84dVra7B,"https://solscan.io/token/aiddowDsfMxaxPtVmmmnaX9B8DNzM78YypD84dVra7B, https://dexscreener.com/solana/c1un8ptykpmncidpsn2sqxevofkb4f1ynhdxrh3ifbuw",,no,no
deepcore-ai,DeepCore AI,dpcore,"Artificial Intelligence (AI), Solana Ecosystem, AI Agents, Pump.fun Ecosystem",0.00084695,848451,156374,0.1843052810356756,999999901.38,999999901.38,999999900.38,338,4356,3,solana: 3qVpCnqdaJtARzE2dYuCy5pm8X2NgF5hx9q9GosPpump,https://solscan.io/token/3qVpCnqdaJtARzE2dYuCy5pm8X2NgF5hx9q9GosPpump,,no,no
michael-taolor,"Michael Taolor ⚡️ (τ , τ)",taolor,"Artificial Intelligence (AI), Base Ecosystem, AI Agents, CreatorBid Ecosystem",0.04039477,848290,5677.36,0.006692711219040658,21000000.0,21000000.0,21000000.0,327,4357,1,base: 0x80f4d22aa2437fa0dd4634b505ac3668835d9b84,https://basescan.org/token/0x80f4d22Aa2437Fa0dd4634b505ac3668835D9B84,,no,no
gemach,Gemach,gmac,"Artificial Intelligence (AI), Solana Ecosystem, Avalanche Ecosystem, Arbitrum Ecosystem, Ethereum Ecosystem, Optimism Ecosystem, Telegram Apps, Base Ecosystem, AI Applications",0.0016974,847973,12320.74,0.014529637146465747,500000000.0,500000000.0,500000000.0,0,4358,2,"ethereum: 0xd96e84ddbc7cbe1d73c55b6fe8c64f3a6550deea, optimistic-ethereum: 0x53ed36b1d07a5f4b01e5f872fd054f8439335460, solana: 5zbUuCeYLHVApzANWNSXkKwcEoZsbMghoh8z8HbWTJbJ, base: 0x1cdb2aeb2123dd3c56b4a1e28ddfe1a0c1f9f45d, avalanche: 0xbd3d46b98b2f6ada480d6bd53d11cf4553c18f41, arbitrum-one: 0xdc8b6b6beab4d5034ae91b7a1cf7d05a41f0d239","https://etherscan.io/address/0xd96e84ddbc7cbe1d73c55b6fe8c64f3a6550deea, https://platform.arkhamintelligence.com/explorer/token/gemach, https://etherscan.io/token/0xd96e84ddbc7cbe1d73c55b6fe8c64f3a6550deea, https://ethplorer.io/address/0xd96e84ddbc7cbe1d73c55b6fe8c64f3a6550deea, https://arbiscan.io/token/0xdc8b6b6beab4d5034ae91b7a1cf7d05a41f0d239, https://snowtrace.io/token/0xbd3d46b98b2f6ada480d6bd53d11cf4553c18f41, https://optimistic.etherscan.io/token/0x53ed36b1d07a5f4b01e5f872fd054f8439335460, https://solscan.io/token/5zbuuceylhvapzanwnsxkkwceozsbmghoh8z8hbwtjbj, https://avascan.info/blockchain/c/address/0xbd3d46b98b2f6ada480d6bd53d11cf4553c18f41/token, https://basescan.org/token/0x1cDb2aeB2123Dd3c56b4A1E28ddFE1A0c1F9f45D",,no,sí
hdoki,HDOKI,oki,"Artificial Intelligence (AI), Gaming (GameFi), RPG, Strategy Games, AI Applications",0.00078042,845866,13825.68,0.01634500027191068,1083854674.59,3999899320.93,3999899320.93,2409,4360,0,solana: GJQpf6Zjvokd3YK5EprXqZUah9jxkn8aG4pTeWL7Gkju,"https://solscan.io/token/GJQpf6Zjvokd3YK5EprXqZUah9jxkn8aG4pTeWL7Gkju, https://platform.arkhamintelligence.com/explorer/token/hdoki",,no,no
tensorprox,tensorprox,sn91,"Artificial Intelligence (AI), Bittensor Ecosystem, Bittensor Subnets",0.430025,845720,2977.23,0.003520349524665374,1964714.366333834,1964714.366333834,21000000.0,0,4361,1,bittensor: 91,https://taostats.io/subnets/91/chart,,no,no
gold-xstock,Gold xStock,gldx,"Tokenized Assets, BNB Chain Ecosystem, Solana Ecosystem, Arbitrum Ecosystem, Ethereum Ecosystem, Real World Assets (RWA), Tokenized Exchange-Traded Funds (ETFs), BackedFi xStocks Ecosystem",347.79,833870,32511,0.038988091668965184,2397.63665608,23899.99776978,,3975,4380,3,"arbitrum-one: 0x2380f2673c640fb67e2d6b55b44c62f0e0e69da9, ethereum: 0x2380f2673c640fb67e2d6b55b44c62f0e0e69da9, binance-smart-chain: 0x2380f2673c640fb67e2d6b55b44c62f0e0e69da9, solana: Xsv9hRk1z5ystj9MhnA7Lq4vjSsLwzL2nxrwmwtD3re","https://www.arbiscan.io/token/0x2380f2673c640fb67e2d6b55b44c62f0e0e69da9, https://solscan.io/token/Xsv9hRk1z5ystj9MhnA7Lq4vjSsLwzL2nxrwmwtD3re, https://arbiscan.io/token/0x2380f2673c640fb67e2d6b55b44c62f0e0e69da9, https://bscscan.com/token/0x2380f2673c640fb67e2d6b55b44c62f0e0e69da9, https://binplorer.com/address/0x2380f2673c640fb67e2d6b55b44c62f0e0e69da9, https://etherscan.io/token/0x2380f2673c640fb67e2d6b55b44c62f0e0e69da9, https://ethplorer.io/address/0x2380f2673c640fb67e2d6b55b44c62f0e0e69da9",,no,sí
qualcomm-ondo-tokenized-stock,Qualcomm (Ondo Tokenized Stock),qcomon,"Tokenized Assets, Ethereum Ecosystem, Real World Assets (RWA), Ondo Tokenized Assets",170.02,821298,39101,0.04760878511819096,4830.615458650632,4830.615458650632,,0,4404,1,ethereum: 0xe3419710c1f77d44b4dab02316d3f048818c4e59,"https://etherscan.io/address/0xE3419710c1f77D44B4DaB02316d3f048818C4E59, https://etherscan.io/token/0xE3419710c1f77D44B4DaB02316d3f048818C4E59, https://ethplorer.io/address/0xE3419710c1f77D44B4DaB02316d3f048818C4E59",,no,no
laika-ai,Laika AI,lki,"Artificial Intelligence (AI), BNB Chain Ecosystem, AI Agents, AI Applications",0.00190952,818081,349011,0.42662156925781186,428234949.9723,999999978.0,1000000000.0,18009,4407,6,binance-smart-chain: 0x1865dc79a9e4b5751531099057d7ee801033d268,"https://bscscan.com/token/0x1865dc79a9e4b5751531099057d7ee801033d268, https://platform.arkhamintelligence.com/explorer/token/laika-ai, https://binplorer.com/address/0x1865dc79a9e4b5751531099057d7ee801033d268",,no,no
verida,Verida Token,vda,"Artificial Intelligence (AI), Storage, Polygon Ecosystem, Decentralized Identifier (DID), DePIN, AI Agents, AI Applications",0.0024891,809347,17775.25,0.021962458624051242,325156248.70075756,1000000000.0,1000000000.0,9666,4422,3,polygon-pos: 0x683565196c3eab450003c964d4bad1fd3068d4cc,"https://polygonscan.com/token/0x683565196c3eab450003c964d4bad1fd3068d4cc, https://platform.arkhamintelligence.com/explorer/token/verida, https://explorer.verida.network/",,no,no
venture-mind-ai,VentureMind AI,vntr,"Artificial Intelligence (AI), AI Applications",0.00161749,808724,132748,0.1641449987882145,499992940.1814323,499992940.1814323,500000000.0,4437,4424,3,solana: 4JFcUJ1HfFKz2F8thdu2frk558EjrLvKEmeMq1ZM2xBP,https://solscan.io/token/4JFcUJ1HfFKz2F8thdu2frk558EjrLvKEmeMq1ZM2xBP,,no,no
asterion,ASTERION,aster,"Crypto-Backed Tokens, Real World Assets (RWA), TON Ecosystem, RWA Protocol",0.00100805,802960,15.39,1.916658364053004e-05,796550000.0,1000000000.0,1000000000.0,1302,4429,1,the-open-network: EQDaV1Qw_L0_jCXgvtYcKBcRGjOIrx_CZzoqZE1iIgDH5lWi,"https://tonscan.org/address/EQDaV1Qw_L0_jCXgvtYcKBcRGjOIrx_CZzoqZE1iIgDH5lWi, https://tonviewer.com/EQDaV1Qw_L0_jCXgvtYcKBcRGjOIrx_CZzoqZE1iIgDH5lWi",,no,no
fxn,FXN,fxn,"Artificial Intelligence (AI), Solana Ecosystem, AI Agents, Pump.fun Ecosystem",0.00088308,795240,91169,0.11464337809969317,899992672.530852,999950895.21355,999994395.62,1645,4440,5,solana: 92cRC6kV5D7TiHX1j56AbkPbffo9jwcXxSDQZ8Mopump,https://solscan.io/token/92cRC6kV5D7TiHX1j56AbkPbffo9jwcXxSDQZ8Mopump,,no,no
volumint,VoluMint,vmint,"Artificial Intelligence (AI), Ethereum Ecosystem, Telegram Apps, Market-Making Solution",0.00129971,792281,10745.09,0.013562220979677665,609447585.9646617,1000000000.0,1000000000.0,4348,4443,2,ethereum: 0xd7b2c1a7f3c67fb0ea57a7ef29bc1f18d7be3195,"https://etherscan.io/token/0xd7b2c1a7f3c67fb0ea57a7ef29bc1f18d7be3195, https://platform.arkhamintelligence.com/explorer/token/volumint, https://ethplorer.io/address/0xd7b2c1a7f3c67fb0ea57a7ef29bc1f18d7be3195",,no,no
eastworld,Eastworld,sn94,"Artificial Intelligence (AI), Bittensor Ecosystem, Bittensor Subnets",0.421627,787583,27171,0.03449922103448144,1864859.369037999,1864859.369037999,21000000.0,0,4451,1,bittensor: 94,https://taostats.io/subnets/94/chart,,no,no
ratio1,Ratio1,r1,"Artificial Intelligence (AI), Software as a service, DePIN, Base Ecosystem",0.764756,777449,6451.85,0.008298743711806177,1016597.5499596676,4330592.912377334,161803398.0,852,4479,3,base: 0x6444c6c2d527d85ea97032da9a7504d6d1448ecf,https://basescan.org/token/0x6444c6c2d527d85ea97032da9a7504d6d1448ecf,,no,no
asym,ASYM,asym,"Artificial Intelligence (AI), Solana Ecosystem, Pump.fun Ecosystem, DeFAI",0.00077866,774795,4958.88,0.0064002478074845605,999889731.440048,999889731.440048,999984714.0,962,4481,1,solana: DNMTk67urDBxEEVRx9HjVzCVu8en4Kgg5HfZy3E6pump,https://solscan.io/token/DNMTk67urDBxEEVRx9HjVzCVu8en4Kgg5HfZy3E6pump,,no,no
arm-holdings-plc-ondo-tokenized-stock,Arm Holdings plc (Ondo Tokenized Stock),armon,"Tokenized Assets, Ethereum Ecosystem, Real World Assets (RWA), Ondo Tokenized Assets",139.65,766365,99.81,0.00013023820242312735,5487.832262836677,5487.832262836677,,0,4497,1,ethereum: 0x5bf1b2a808598c0ef4af1673a5457d86fe6d7b3d,"https://etherscan.io/address/0x5Bf1b2A808598C0eF4Af1673a5457d86fE6d7B3d, https://etherscan.io/token/0x5Bf1b2A808598C0eF4Af1673a5457d86fE6d7B3d, https://ethplorer.io/address/0x5Bf1b2A808598C0eF4Af1673a5457d86fE6d7B3d",,no,no
taonado,taonado,sn113,"Artificial Intelligence (AI), Bittensor Ecosystem, Bittensor Subnets",0.538577,762578,52293,0.06857396882679542,1419694.521171344,1419694.521171344,21000000.0,0,4502,1,bittensor: 113,https://taostats.io/subnets/113/chart,,no,no
taonado,taonado,sn113,"Artificial Intelligence (AI), Bittensor Ecosystem, Bittensor Subnets",0.538577,762578,52293,0.06857396882679542,1419694.521171344,1419694.521171344,21000000.0,0,4502,1,bittensor: 113,https://taostats.io/subnets/113/chart,,no,no
spotify-ondo-tokenized-stock,Spotify (Ondo Tokenized Stock),spoton,"Tokenized Assets, Ethereum Ecosystem, Real World Assets (RWA), Ondo Tokenized Assets",717.82,759336,100.67,0.00013257635618487733,1057.837761089868,1057.837761089868,,0,4511,1,ethereum: 0x590f21186489ca1612f49a4b1ff5c66acd6796a9,"https://etherscan.io/address/0x590F21186489cA1612f49a4B1ff5c66acD6796A9, https://etherscan.io/token/0x590F21186489cA1612f49a4B1ff5c66acD6796A9, https://ethplorer.io/address/0x590F21186489cA1612f49a4B1ff5c66acD6796A9",,no,no
cliza,cliza,cliza,"Artificial Intelligence (AI), Solana Ecosystem, Launchpad, Base Ecosystem, AI Agents",0.00082777,751749,8786.3,0.011687810692132613,908300416.8716388,1039419874.0,1000000000.0,2105,4525,3,"base: 0x290f057a2c59b95d8027aa4abf31782676502071, solana: 3g7Lv7KKCXH6Hyb2vUKYmAFJvKgspWD3CER1NxAY71AR","https://basescan.org/address/0x290f057A2C59b95D8027aa4Abf31782676502071, https://basescan.org/token/0x290f057A2C59b95D8027aa4Abf31782676502071, https://solscan.io/token/3g7Lv7KKCXH6Hyb2vUKYmAFJvKgspWD3CER1NxAY71AR",,no,sí
mcdonald-s-xstock,McDonald's xStock,mcdx,"Tokenized Assets, BNB Chain Ecosystem, Solana Ecosystem, Tokenized Stock, Ethereum Ecosystem, Real World Assets (RWA), BackedFi xStocks Ecosystem",305.05,751369,688544,0.91638595683346,2463.12389797,25576.62889842,,3975,4526,7,"arbitrum-one: 0x80a77a372c1e12accda84299492f404902e2da67, binance-smart-chain: 0x80a77a372c1e12accda84299492f404902e2da67, ethereum: 0x80a77a372c1e12accda84299492f404902e2da67, solana: XsqE9cRRpzxcGKDXj1BJ7Xmg4GRhZoyY1KpmGSxAWT2","https://www.arbiscan.io/token/0x80a77a372c1e12accda84299492f404902e2da67, https://arbiscan.io/token/0x80a77a372c1e12accda84299492f404902e2da67, https://solscan.io/token/XsqE9cRRpzxcGKDXj1BJ7Xmg4GRhZoyY1KpmGSxAWT2, https://bscscan.com/token/0x80a77a372c1e12accda84299492f404902e2da67, https://binplorer.com/address/0x80a77a372c1e12accda84299492f404902e2da67, https://etherscan.io/token/0x80a77a372c1e12accda84299492f404902e2da67, https://ethplorer.io/address/0x80a77a372c1e12accda84299492f404902e2da67",,no,sí
checkerchain-2,CheckerChain,sn87,"Artificial Intelligence (AI), Bittensor Ecosystem, Made in USA, Bittensor Subnets",0.414288,751172,2901.33,0.003862404349469895,1818005.319226778,1818005.319226778,21000000.0,2530,4528,1,bittensor: 87,https://taostats.io/subnets/87/chart,,no,no
solify100,Solify100,s100,"Artificial Intelligence (AI), Healthcare, Solana Ecosystem, Pump.fun Ecosystem, AI Applications",0.00076121,748605,165726,0.2213797663654397,983438320.766044,983438320.766044,1000000000.0,1070,4530,3,solana: 72Sp7QibTt8vWoHzvJQ6QA1Pp6UuNjCtRDBdioVSpump,https://solscan.io/token/72Sp7QibTt8vWoHzvJQ6QA1Pp6UuNjCtRDBdioVSpump,,no,no
casper-ai,Casper AI,aiagent,"Artificial Intelligence (AI), BNB Chain Ecosystem, AI Agents, AI Applications",0.00072845,747534,35140,0.047007895293056906,1026473623.8,1257857144.0,1257857144.0,5805,4534,3,binance-smart-chain: 0xadcdbcb0db9edf31509971f64f0a8e0fc53b384d,"https://bscscan.com/address/0xadcdbcb0db9edf31509971f64f0a8e0fc53b384d, https://bscscan.com/token/0xaDCDBCb0db9EDF31509971f64F0A8E0Fc53B384D, https://binplorer.com/address/0xaDCDBCb0db9EDF31509971f64F0A8E0Fc53B384D",,no,no
edge-matrix-computing,Edge Matrix Computing,emc,"Artificial Intelligence (AI), Arbitrum Ecosystem, DePIN",0.00115317,744033,18289.3,0.024581302173425103,645213359.7636178,979840164.6886145,1000000000.0,32845,4539,3,arbitrum-one: 0xdfb8be6f8c87f74295a87de951974362cedcfa30,"https://arbiscan.io/token/0xdfb8be6f8c87f74295a87de951974362cedcfa30, https://platform.arkhamintelligence.com/explorer/token/edge-matrix-computing",,no,no
snowflake-ondo-tokenized-stock,Snowflake (Ondo Tokenized Stock),snowon,"Tokenized Assets, Ethereum Ecosystem, Real World Assets (RWA), Ondo Tokenized Assets",224.37,738426,16852.12,0.022821677459894423,3291.160294155122,3291.160294155122,,0,4550,1,ethereum: 0x5d1a9a9b118ff19721e0111f094f2360b6ef7a2f,"https://etherscan.io/address/0x5D1a9a9B118fF19721e0111f094f2360b6Ef7A2f, https://etherscan.io/token/0x5D1a9a9B118fF19721e0111f094f2360b6Ef7A2f, https://ethplorer.io/address/0x5D1a9a9B118fF19721e0111f094f2360b6Ef7A2f",,no,no
cryptogpt-token,LayerAI,lai,"Artificial Intelligence (AI), Smart Contract Platform, BNB Chain Ecosystem, Solana Ecosystem, DaoMaker Launchpad, Ethereum Ecosystem, Layer 2 (L2), DWF Labs Portfolio, Rollup, AI Agents, DeFAI",0.00032072,735933,95798,0.13017217599971737,2294606592.993412,2895298317.653897,3000000000.0,39501,4555,9,"ethereum: 0x168e209d7b2f58f1f24b8ae7b7d35e662bbf11cc, solana: 44fvUC89PJcFDNFFXXevaqMa5BXXCQXNGJRfTMiEQhBE, binance-smart-chain: 0x776f9987d9deed90eed791cbd824d971fd5ccf09","https://etherscan.io/token/0x168e209d7b2f58f1f24b8ae7b7d35e662bbf11cc, https://platform.arkhamintelligence.com/explorer/token/cryptogpt-token, https://bscscan.com/token/0x776f9987d9deed90eed791cbd824d971fd5ccf09, https://ethplorer.io/address/0x168e209d7b2f58f1f24b8ae7b7d35e662bbf11cc, https://binplorer.com/address/0x776f9987d9deed90eed791cbd824d971fd5ccf09, https://solscan.io/token/44fvUC89PJcFDNFFXXevaqMa5BXXCQXNGJRfTMiEQhBE, https://explorer.layerai.org/token/0xb236fD98048b594345d0EC9a3de18dD0083F45CE",,no,sí
oracle-ondo-tokenized-stock,Oracle (Ondo Tokenized Stock),orclon,"Tokenized Assets, Ethereum Ecosystem, Real World Assets (RWA), Ondo Tokenized Assets",283.25,734534,17987.41,0.024488192513893163,2593.275780757204,2593.275780757204,,0,4554,1,ethereum: 0x8a23c6baadb88512b30475c83df6a63881e33e1e,"https://etherscan.io/address/0x8a23C6BaadB88512b30475C83Df6A63881e33e1E, https://etherscan.io/token/0x8a23C6BaadB88512b30475C83Df6A63881e33e1E, https://ethplorer.io/address/0x8a23C6BaadB88512b30475C83Df6A63881e33e1E",,no,no
d-wave-quantum-ondo-tokenized-stock,D-Wave Quantum (Ondo Tokenized Stock),qbtson,"Tokenized Assets, Ethereum Ecosystem, Real World Assets (RWA), Ondo Tokenized Assets",26.64,732845,16924.12,0.02309372377515027,27504.96414902626,27504.96414902626,,0,4558,1,ethereum: 0x3807562a482b824c08a564dfefcc471806d3e00a,"https://etherscan.io/address/0x3807562a482b824c08a564dfefcc471806d3e00a, https://etherscan.io/token/0x3807562a482b824c08a564dfefcc471806d3e00a, https://ethplorer.io/address/0x3807562a482b824c08a564dfefcc471806d3e00a",,no,no
vpay,VPay,vpay,"Artificial Intelligence (AI), AI Agents, Virtuals Protocol Ecosystem",0.00072154,721030,11921.79,0.016534388305618354,1000000000.0,1000000000.0,1000000000.0,0,4584,2,base: 0x98ac5b33a4ef1151f138941c979211599c2ff953,https://basescan.org/token/0x98ac5b33a4ef1151f138941c979211599c2ff953,,no,no
chirpley,Chirpley,chrp,"Artificial Intelligence (AI), SocialFi, Marketing, BNB Chain Ecosystem, Ethereum Ecosystem",0.00097146,717744,63581,0.08858450924006331,738818127.936648,1000000000.0,1000000000.0,12899,4593,3,"binance-smart-chain: 0xed00fc7d48b57b81fe65d1ce71c0985e4cf442cb, ethereum: 0x70bc0dc6414eb8974bc70685f798838a87d8cce4","https://bscscan.com/token/0xed00fc7d48b57b81fe65d1ce71c0985e4cf442cb, https://platform.arkhamintelligence.com/explorer/token/chirpley, https://binplorer.com/address/0xed00fc7d48b57b81fe65d1ce71c0985e4cf442cb, https://etherscan.io/token/0x70bc0dc6414eb8974bc70685f798838a87d8cce4, https://ethplorer.io/address/0x70bc0dc6414eb8974bc70685f798838a87d8cce4",,no,sí
lux-token,Lux Token,lux,"Artificial Intelligence (AI), Solana Ecosystem, Pump.fun Ecosystem, AI Applications",0.00072104,717397,461570,0.6433954978902895,994956535.044919,994956535.044919,1000000000.0,0,4594,2,solana: BmXfbamFqrBzrqihr9hbSmEsfQUXMVaqshAjgvZupump,https://solscan.io/token/BmXfbamFqrBzrqihr9hbSmEsfQUXMVaqshAjgvZupump,,no,no
smartcredit-token,SmartCredit,smartcredit,"Artificial Intelligence (AI), Decentralized Finance (DeFi), Analytics, Lending/Borrowing Protocols, Ethereum Ecosystem, Telegram Apps, Cybersecurity",0.34646,715127,2.66,3.719619032703282e-06,2064096.2449065377,25000000.0,25000000.0,3386,4600,1,ethereum: 0x72e9d9038ce484ee986fea183f8d8df93f9ada13,"https://etherscan.io/token/0x72e9d9038ce484ee986fea183f8d8df93f9ada13, https://platform.arkhamintelligence.com/explorer/token/smartcredit-token, https://ethplorer.io/address/0x72e9d9038ce484ee986fea183f8d8df93f9ada13",,no,no
top-hat,Top Hat,hat,"Artificial Intelligence (AI), Solana Ecosystem, Meme, Pump.fun Ecosystem, AI Agent Launchpad, Binance Alpha Spotlight",0.00071303,708110,39398,0.055638248294756464,989979302.948554,989979302.948554,1000000000.0,264,4614,3,solana: AxGAbdFtdbj2oNXa4dKqFvwHzgFtW9mFHWmd7vQfpump,"https://solscan.io/token/AxGAbdFtdbj2oNXa4dKqFvwHzgFtW9mFHWmd7vQfpump, https://platform.arkhamintelligence.com/explorer/token/top-hat",,no,no
dither,Dither,dith,"Artificial Intelligence (AI), Solana Ecosystem, Telegram Apps",0.00696865,696845,1078.21,0.0015472737839835257,99996733.15274172,99996733.15274172,100000000.0,0,4632,3,solana: E1kvzJNxShvvWTrudokpzuc789vRiDXfXG3duCuY6ooE,"https://solscan.io/token/E1kvzJNxShvvWTrudokpzuc789vRiDXfXG3duCuY6ooE, https://platform.arkhamintelligence.com/explorer/token/dither",,no,no
gekko-ai,Gekko AI by Virtuals,gekko,"Artificial Intelligence (AI), Base Ecosystem, AI Agents, Virtuals Protocol Ecosystem, DeFAI",0.0006942,693812,12276.66,0.017694505139720845,1000000000.0,1000000000.0,1000000000.0,0,4636,2,base: 0xf7b0dd0b642a6ccc2fc4d8ffe2bffb0cac8c43c8,https://basescan.org/token/0xf7b0dd0B642a6ccc2fc4d8FfE2BfFb0caC8C43C8,,no,no
libertum,Libertum,lbm,"Real World Assets (RWA), Base Ecosystem, RWA Protocol",0.01194361,691896,110122,0.1591597581139362,57930210.12058417,200000000.0,200000000.0,7136,4640,2,base: 0x56a38e7216304108e841579041249feb236c887b,"https://basescan.org/address/0x56a38e7216304108e841579041249feb236c887b, https://platform.arkhamintelligence.com/explorer/token/libertum, https://basescan.org/token/0x56a38e7216304108e841579041249feb236c887b",,no,no
01111010011110000110001001110100-token,01111010011110000110001001110100,01111010011110000110001001110100,"Artificial Intelligence (AI), Base Ecosystem, AI Agents",0.00134467,689962,8143.88,0.011803374678605488,513075240.9944191,1000000000.0,1000000000.0,0,4643,2,base: 0xe99d2f7988c5f2d013a34e7484f079cab87f469f,https://basescan.org/token/0xE99D2F7988c5F2d013A34E7484f079cAB87f469F,,no,no
agentipy,AgentiPy,apy,"Artificial Intelligence (AI), Solana Ecosystem, Pump.fun Ecosystem, AI Framework",0.0006859,689292,2204.24,0.0031978319783197828,999945650.142413,999945650.142413,1000000000.0,0,4646,1,solana: yLUD35WTiPLEY6DUqEj5W2JVXF2DfKB5arPkKJXpump,https://solscan.io/token/yLUD35WTiPLEY6DUqEj5W2JVXF2DfKB5arPkKJXpump,,no,no
rwax,RWAX,rwax,"Derivatives, Real World Assets (RWA), Base Ecosystem, RWA Protocol",0.04203455,687497,12793.14,0.01860828483615201,16360216.0,50000000.0,50000000.0,2431,4650,3,base: 0xe0023e73aab4fe9a22f059a9d27e857e027ee3dc,"https://basescan.org/token/0xe0023e73aab4fe9a22f059a9d27e857e027ee3dc, https://platform.arkhamintelligence.com/explorer/token/rwax",,no,no
agentipy,AgentiPy,apy,"Artificial Intelligence (AI), Solana Ecosystem, Pump.fun Ecosystem, AI Framework",0.0006859,689292,2204.24,0.0031978319783197828,999945650.142413,999945650.142413,1000000000.0,0,4646,1,solana: yLUD35WTiPLEY6DUqEj5W2JVXF2DfKB5arPkKJXpump,https://solscan.io/token/yLUD35WTiPLEY6DUqEj5W2JVXF2DfKB5arPkKJXpump,,no,no
angel-twin,ANGL TOKEN,angl,"Artificial Intelligence (AI), Ethereum Ecosystem, AI Applications",0.00318677,685155,79511,0.11604819347446928,215000000.0,1000000000.0,1000000000.0,287,4652,2,ethereum: 0x61c8e619ae7c8cbefbcceb9fb718135afb5d0d93,"https://etherscan.io/token/0x61c8e619ae7c8cbefbcceb9fb718135afb5d0d93, https://ethplorer.io/address/0x61c8e619Ae7c8cbEFBCceb9Fb718135AFB5D0d93",,no,no
zoey-your-longevity-coach-by-netmind-xyz,zoey - your longevity coach by NetMind XYZ,nml,"Artificial Intelligence (AI), Healthcare, BNB Chain Ecosystem, AI Agents",0.00068462,684615,1.11,1.6213492254770932e-06,1000000000.0,1000000000.0,1000000000.0,10609,4653,1,binance-smart-chain: 0xc6c4575dc40ac63a5f89b5c4ae0b3a9134c52c4c,"https://bscscan.com/token/0xc6c4575dc40ac63a5f89b5c4ae0b3a9134c52c4c, https://binplorer.com/address/0xC6c4575DC40aC63A5f89b5C4aE0B3A9134c52C4C",,no,no
gny,GNY,gny,"Artificial Intelligence (AI), Ethereum Ecosystem",0.00383969,684522,5.68,8.297761065385772e-06,178267704.76997003,400000000.0,400000000.0,1621,4654,3,ethereum: 0xb1f871ae9462f1b2c6826e88a7827e76f86751d4,"https://etherscan.io/token/0xb1f871ae9462f1b2c6826e88a7827e76f86751d4, https://platform.arkhamintelligence.com/explorer/token/gny, https://ethplorer.io/address/0xb1f871ae9462f1b2c6826e88a7827e76f86751d4, https://bscscan.com/token/0xe4a4ad6e0b773f47d28f548742a23efd73798332, https://binplorer.com/address/0xe4a4ad6e0b773f47d28f548742a23efd73798332",,no,no
liquid-agent,Liquid Agent,liquid,"Artificial Intelligence (AI), Ethereum Ecosystem",0.01628775,684155,12371.57,0.018082992889038304,42004248.94167985,100000000.0,100000000.0,284,4657,1,ethereum: 0x11dfc652eb62c723ad8c2ae731fcede58ab07564,"https://etherscan.io/token/0x11DFC652eb62c723ad8c2ae731FcEdE58aB07564, https://ethplorer.io/address/0x11DFC652eb62c723ad8c2ae731FcEdE58aB07564",,no,no
nest-credit-vault,Nest Credit Vault,ncredit,"Tokenized Assets, Ethereum Ecosystem, Real World Assets (RWA), Tokenized Treasury Bills (T-Bills), Plume Network Ecosystem",1.02,676196,28089,0.04153973108388692,662848.807562,662851.201895,,67524,4672,2,"ethereum: 0xa5f78b2a0ab85429d2dfbf8b60abc70f4cec066c, plume-network: 0xa5f78b2a0ab85429d2dfbf8b60abc70f4cec066c","https://explorer.plume.org/token/0xA5f78B2A0Ab85429d2DfbF8B60abc70F4CeC066c, https://etherscan.io/token/0xA5f78B2A0Ab85429d2DfbF8B60abc70F4CeC066c, https://phoenix-explorer.plumenetwork.xyz/token/0xA5f78B2A0Ab85429d2DfbF8B60abc70F4CeC066c, https://ethplorer.io/address/0xa5f78b2a0ab85429d2dfbf8b60abc70f4cec066c, https://explorer.plume.org/token/0xa5f78b2a0ab85429d2dfbf8b60abc70f4cec066c",,no,sí
agent-yp-by-virtuals,Agent YP by Virtuals,aiyp,"Artificial Intelligence (AI), Base Ecosystem, AI Agents, Virtuals Protocol Ecosystem",0.00067056,669688,429.83,0.000641836198349082,999031959.0452348,999031959.0452348,1000000000.0,0,4683,1,base: 0x919e43a2cce006710090e64bde9e01b38fd7f32f,https://basescan.org/token/0x919E43a2CcE006710090E64BDE9E01b38Fd7f32f,,no,no
lumo-8b-instruct,Lumo-8B-Instruct,lumo,"Artificial Intelligence (AI), Solana Ecosystem, Pump.fun Ecosystem, AI Applications, AI Framework",0.00067463,672394,442978,0.6588071874525948,996678241.772393,999809019.426466,1000000000.0,1657,4684,6,solana: 4FkNq8RcCYg4ZGDWh14scJ7ej3m5vMjYTcWoJVkupump,https://solscan.io/token/4FkNq8RcCYg4ZGDWh14scJ7ej3m5vMjYTcWoJVkupump,,no,no
emerge,Emerge,emerge,"Artificial Intelligence (AI), AI Applications",1.025e-05,668385,79968,0.11964361857312776,65257152777.777756,99999999999.99998,100000000000.0,0,4687,1,base: 0x69da011296a3a68d33bcfbca078e0be3b7d77b07,https://basescan.org/token/0x69da011296a3a68d33bcfbca078e0be3b7d77b07,,no,no
yieldbricks,YieldBricks,ybr,"Decentralized Finance (DeFi), Arbitrum Ecosystem, Ethereum Ecosystem, Real World Assets (RWA), Yield-Bearing",0.00265854,667964,9398.86,0.01407090801300669,251252741.2024502,710000000.0,1000000000.0,8967,4685,3,"arbitrum-one: 0x11920f139a3121c2836e01551d43f95b3c31159c, ethereum: 0x9d9535dae62f5f12ab83f1183dca1ead244b0db3","https://arbiscan.io/token/0x11920f139a3121c2836e01551d43f95b3c31159c, https://platform.arkhamintelligence.com/explorer/token/yieldbricks, https://etherscan.io/token/0x9d9535dae62f5f12ab83f1183dca1ead244b0db3, https://ethplorer.io/address/0x9d9535dae62f5f12ab83f1183dca1ead244b0db3",,no,sí
kip,KIP,kip,"Artificial Intelligence (AI), Infrastructure, Arbitrum Ecosystem, Ethereum Ecosystem, Animoca Brands Portfolio, DWF Labs Portfolio",0.00033987,666645,34358,0.05153867500693773,1961562499.0,10000000000.0,10000000000.0,121313,4692,7,"ethereum: 0x946fb08103b400d1c79e07acccdef5cfd26cd374, arbitrum-one: 0xf63b14f5ee5574e3f337b2796bbdf6dcfb4e2cb7","https://etherscan.io/token/0x946fb08103b400d1c79e07acCCDEf5cfd26cd374, https://ethplorer.io/address/0x946fb08103b400d1c79e07acCCDEf5cfd26cd374, https://arbiscan.io/token/0xf63b14f5ee5574e3f337b2796bbdf6dcfb4e2cb7",,no,sí
ai-agent-layer,AI Agent Layer,aifun,"Artificial Intelligence (AI), Launchpad, Base Ecosystem, AI Agents, AI Agent Launchpad",0.00137989,666151,20639,0.03098246493662848,482147453.9477771,495540885.3104515,500000000.0,6548,4695,4,base: 0xbdf317f9c153246c429f23f4093087164b145390,https://basescan.org/token/0xbdf317f9c153246c429f23f4093087164b145390,,no,no
idriss,IDRISS,idriss,"Artificial Intelligence (AI), SocialFi, Prediction Markets, Base Ecosystem",0.00538148,664966,66.12,9.943365525455437e-05,123633613.64707884,1000000000.0,1000000000.0,0,4700,1,base: 0x000096630066820566162c94874a776532705231,https://basescan.org/token/0x000096630066820566162C94874A776532705231,,no,no
anduril-prestocks-2,Anduril PreStocks,andurl,"Real World Assets (RWA), Solana Token-2022, PreStocks Ecosystem",57.99,663945,1899.42,0.002860809253778551,11449.992618707,11449.992618707,,0,4703,1,solana: PresTj4Yc2bAR197Er7wz4UUKSfqt6FryBEdAriBoQB,https://solscan.io/token/PresTj4Yc2bAR197Er7wz4UUKSfqt6FryBEdAriBoQB,,no,no
tharwa-usd,Tharwa USD,thusd,"Ethereum Ecosystem, Real World Assets (RWA)",1.0,660352,1045.01,0.0015825044824578406,660343.393547,3582210.0,,0,4708,1,ethereum: 0x76972f054ab43829064d31ff5f3acc5fabe57fe8,"https://etherscan.io/token/0x76972F054aB43829064d31fF5f3AcC5Fabe57FE8, https://ethplorer.io/address/0x76972F054aB43829064d31fF5f3AcC5Fabe57FE8",,no,no
crypticorn,Crypticorn,aic,"Artificial Intelligence (AI), BNB Chain Ecosystem, AI Agents, AI Applications",0.00660054,660020,659.31,0.000998924275021969,100000000.0,100000000.0,100000000.0,1734,4709,1,binance-smart-chain: 0x8e3f0b0b604bc69ea98a8039ff7884047bc3bd55,"https://bscscan.com/token/0x8E3F0b0b604bC69ea98A8039fF7884047bC3BD55, https://binplorer.com/address/0x8E3F0b0b604bC69ea98A8039fF7884047bC3BD55",,no,no
sui-agents,SUI Agents,suiai,"Artificial Intelligence (AI), Ethereum Ecosystem, Sui Ecosystem, AI Agents, AI Agent Launchpad",0.00978373,653412,20086,0.030740176182867777,66785500.0,66785500.0,66785500.0,3779,4727,5,"ethereum: 0xd19b72e027cd66bde41d8f60a13740a26c4be8f3, sui: 0xdc083ed335b5fe342cca1d5887530336246ed7d80da6bcecbc7c1becb88074ee::mycoin::MYCOIN","https://etherscan.io/token/0xd19b72e027cd66bde41d8f60a13740a26c4be8f3, https://suivision.xyz/coin/0xdc083ed335b5fe342cca1d5887530336246ed7d80da6bcecbc7c1becb88074ee::mycoin::MYCOIN, https://ethplorer.io/address/0xd19b72e027cD66bDe41d8f60a13740A26C4be8f3, https://suiscan.xyz/mainnet/coin/0xdc083ed335b5fe342cca1d5887530336246ed7d80da6bcecbc7c1becb88074ee::mycoin::MYCOIN/txs",,no,sí
neurahub,Neurahub,neura,"Artificial Intelligence (AI), Ethereum Ecosystem, AI Applications",0.00777545,651290,462.63,0.0007103287322083865,83808102.75893655,100000000.0,100000000.0,993,4735,1,ethereum: 0x3d1c949a761c11e4cc50c3ae6bdb0f24fd7a39da,"https://etherscan.io/address/0x3d1c949a761c11e4cc50c3ae6bdb0f24fd7a39da, https://platform.arkhamintelligence.com/explorer/token/neurahub, https://etherscan.io/token/0x3d1c949a761c11e4cc50c3ae6bdb0f24fd7a39da, https://ethplorer.io/address/0x3d1c949a761c11e4cc50c3ae6bdb0f24fd7a39da",,no,no
unmarshal,Unmarshal,marsh,"Artificial Intelligence (AI), Infrastructure, Oracle, BNB Chain Ecosystem, Ethereum Ecosystem, DWF Labs Portfolio",0.01012187,646001,121511,0.1880972320476284,63842378.860617556,99200000.0,99200000.0,15151,4753,7,"ethereum: 0x5a666c7d92e5fa7edcb6390e4efd6d0cdd69cf37, binance-smart-chain: 0x2fa5daf6fe0708fbd63b1a7d1592577284f52256","https://etherscan.io/token/0x5a666c7d92e5fa7edcb6390e4efd6d0cdd69cf37, https://platform.arkhamintelligence.com/explorer/token/unmarshal, https://ethplorer.io/address/0x5a666c7d92e5fa7edcb6390e4efd6d0cdd69cf37, https://bscscan.com/token/0x2fa5daf6fe0708fbd63b1a7d1592577284f52256, https://binplorer.com/address/0x2fa5daf6fe0708fbd63b1a7d1592577284f52256",,no,sí
shieldeum,Shieldeum,sdm,"Artificial Intelligence (AI), BNB Chain Ecosystem, DePIN, Base Ecosystem",0.00218782,643676,47181,0.07329929964764882,294370814.26532876,1000000000.0,1000000000.0,118767,4755,7,"binance-smart-chain: 0x516f8a1fb458ebdcfd0f544ff85c69c1c0ebc31d, base: 0x9cfe02eb040c6f5718126128dbba0c1d364d9c07","https://bscscan.com/token/0x516f8a1fB458EBdcFd0F544fF85c69C1c0Ebc31d, https://binplorer.com/address/0x516f8a1fB458EBdcFd0F544fF85c69C1c0Ebc31d, https://basescan.org/token/0x9cfe02eb040c6f5718126128dbba0c1d364d9c07",,no,sí
dotmoovs,dotmoovs,moov,"Artificial Intelligence (AI), Sports, Gaming (GameFi), Solana Ecosystem, Play To Earn, Move To Earn, Ethereum Ecosystem",0.00064251,642497,36139,0.05624773345245192,1000000000.0,1000000000.0,1000000000.0,7480,4758,3,"ethereum: 0x4116f14b6d462b32a1c10f98049e4b1765e34fa9, solana: 3KDgfZkd3jZ8S2ZwynouuXAjUXGTgKcp1SM5kZ29z76Y","https://etherscan.io/token/0x4116f14b6d462b32a1c10f98049e4b1765e34fa9, https://platform.arkhamintelligence.com/explorer/token/dotmoovs, https://ethplorer.io/address/0x4116f14b6d462b32a1c10f98049e4b1765e34fa9, https://bscscan.com/token/0x0ebd9537a25f56713e34c45b38f421a1e7191469, https://binplorer.com/address/0x0ebd9537a25f56713e34c45b38f421a1e7191469, https://polygonscan.com/token/0xe46f5128b933e5a6f907fe73ece80059c222db0a, https://solscan.io/token/3KDgfZkd3jZ8S2ZwynouuXAjUXGTgKcp1SM5kZ29z76Y",,no,sí
spacex-prestocks-2,SpaceX PreStocks,spacex,"Real World Assets (RWA), Solana Token-2022, PreStocks Ecosystem",206.8,642166,2619.06,0.00407847815050937,3119.993236646,3119.993236646,,0,4760,1,solana: PreANxuXjsy2pvisWWMNB6YaJNzr7681wJJr2rHsfTh,https://solscan.io/token/PreANxuXjsy2pvisWWMNB6YaJNzr7681wJJr2rHsfTh,,no,no
lympid,Lympid,lyp,"Tokenized Real Estate, Tokenized Assets, Real World Assets (RWA), Base Ecosystem, ChainGPT Launchpad",0.026181,641306,129160,0.201401515033385,24642641.297910206,92184106.81742772,100000000.0,23314,4761,3,base: 0x4837b18a6d7af6159c8665505b90a2ed393255e0,"https://basescan.org/token/0xf5fD04615b4b09fF5451224a935f7228530328B7, https://basescan.org/token/0x4837b18a6d7aF6159c8665505B90a2ed393255E0",,no,no
monai,Monai,monai,"Artificial Intelligence (AI), Ethereum Ecosystem, DeFAI",0.02325678,640478,79093,0.12349058047270944,27544063.707672153,92800000.0,100000000.0,1349,4768,2,ethereum: 0x8c282c35b5e1088bb208991c151182a782637699,"https://etherscan.io/token/0x8c282c35b5e1088bb208991c151182a782637699, https://platform.arkhamintelligence.com/explorer/token/monai, https://ethplorer.io/address/0x8c282c35b5e1088bb208991c151182a782637699",,no,no
paribus,Paribus,pbx,"Artificial Intelligence (AI), Decentralized Finance (DeFi), Lending/Borrowing Protocols, Arbitrum Ecosystem, Cardano Ecosystem, Ethereum Ecosystem, Made in USA",8.499e-05,640385,58031,0.09061892455319846,7511811271.627442,9282289336.283747,10000000000.0,6718,4764,6,"ethereum: 0xd528cf2e081f72908e086f8800977df826b5a483, cardano: cc8d1b026353022abbfcc2e1e71159f9e308d9c6e905ac1db24c7fb650617269627573, arbitrum-one: 0xbad58ed9b5f26a002ea250d7a60dc6729a4a2403","https://etherscan.io/token/0xd528cf2e081f72908e086f8800977df826b5a483, https://platform.arkhamintelligence.com/explorer/token/paribus, https://ethplorer.io/address/0xd528cf2e081f72908e086f8800977df826b5a483, https://arbiscan.io/token/0xbad58ed9b5f26a002ea250d7a60dc6729a4a2403, https://cardanoscan.io/token/cc8d1b026353022abbfcc2e1e71159f9e308d9c6e905ac1db24c7fb650617269627573, https://cardanoscan.io/tokenpolicy/cc8d1b026353022abbfcc2e1e71159f9e308d9c6e905ac1db24c7fb650617269627573",,no,sí
planet-token,Planet Token,planet,"BNB Chain Ecosystem, Ethereum Ecosystem, Real World Assets (RWA)",7.45694e-07,633005,106903,0.1688817623873429,851450035658.0182,1000000000010.0,1000000000010.0,1158,4781,8,"ethereum: 0x2ad9addd0d97ec3cdba27f92bf6077893b76ab0b, binance-smart-chain: 0xca6d678e74f553f0e59cccc03ae644a3c2c5ee7d","https://etherscan.io/token/0x2ad9addd0d97ec3cdba27f92bf6077893b76ab0b, https://platform.arkhamintelligence.com/explorer/token/planet-token, https://ethplorer.io/address/0x2ad9addd0d97ec3cdba27f92bf6077893b76ab0b, https://bscscan.com/token/0xca6d678e74f553f0e59cccc03ae644a3c2c5ee7d, https://binplorer.com/address/0xca6d678e74f553f0e59cccc03ae644a3c2c5ee7d",,no,sí
big-data-protocol,Big Data Protocol,bdp,"Artificial Intelligence (AI), Big Data, Storage, Decentralized Finance (DeFi), Analytics, Ethereum Ecosystem, DePIN, AI Applications, Made in USA",0.02595725,627106,89466,0.14266487643237347,24159174.38827953,64923252.85185185,80000000.0,2684,4787,4,ethereum: 0xf3dcbc6d72a4e1892f7917b7c43b74131df8480e,"https://etherscan.io/token/0xf3dcbc6d72a4e1892f7917b7c43b74131df8480e, https://platform.arkhamintelligence.com/explorer/token/big-data-protocol, https://ethplorer.io/address/0xf3dcbc6d72a4e1892f7917b7c43b74131df8480e",,no,no
data-bot,Databot,data,"Artificial Intelligence (AI), Analytics, Ethereum Ecosystem, Telegram Apps, AI Applications",0.00071155,627022,817.87,0.0013043720953969718,881210047.8105485,1000000000.0,1000000000.0,1459,4789,1,ethereum: 0xb551b43af192965f74e3dfaa476c890b403cad95,"https://etherscan.io/token/0xb551b43af192965f74e3dfaa476c890b403cad95, https://platform.arkhamintelligence.com/explorer/token/data-bot, https://ethplorer.io/address/0xb551b43af192965f74e3dfaa476c890b403cad95",,no,no
y,Ÿ,yai,"Artificial Intelligence (AI), Oracle, Analytics, Ethereum Ecosystem, Telegram Apps, AI Applications",0.0067813,623880,8.44,1.3528242610758479e-05,92000000.0,100000000.0,100000000.0,2292,4792,1,ethereum: 0x477a3d269266994f15e9c43a8d9c0561c4928088,"https://etherscan.io/token/0x477a3d269266994f15e9c43a8d9c0561c4928088, https://platform.arkhamintelligence.com/explorer/token/y, https://ethplorer.io/address/0x477a3d269266994f15e9c43a8d9c0561c4928088",,no,no
listen-rs,listen-rs,listen,"Artificial Intelligence (AI), Solana Ecosystem, AI Agents, Pump.fun Ecosystem, AI Framework, DeFAI",0.00062315,622617,3957.19,0.006355737154623147,999992619.29,999992619.29,999992619.29,0,4796,2,solana: Cn5Ne1vmR9ctMGY9z5NC71A3NYFvopjXNyxYtfVYpump,https://solscan.io/token/Cn5Ne1vmR9ctMGY9z5NC71A3NYFvopjXNyxYtfVYpump,,no,no
flamewire,FlameWire,sn97,"Artificial Intelligence (AI), Infrastructure, Bittensor Ecosystem, Bittensor Subnets",0.414638,618181,10417.88,0.016852475245923117,1491387.760554892,1491387.760554892,21000000.0,0,4801,1,bittensor: 97,https://taostats.io/subnets/97/chart,,no,no
checkdot,CheckDot,cdt,"Artificial Intelligence (AI), Decentralized Finance (DeFi), BNB Chain Ecosystem, Insurance, Solana Ecosystem, Avalanche Ecosystem, Polygon Ecosystem, Arbitrum Ecosystem, Ethereum Ecosystem, Aptos Ecosystem, Cybersecurity",0.082997,613335,167.57,0.00027321121409996165,7390041.0,9999250.0,21000000.0,5954,4810,6,"binance-smart-chain: 0x0cbd6fadcf8096cc9a43d90b45f65826102e3ece, ethereum: 0xcdb37a4fbc2da5b78aa4e41a432792f9533e85cc, aptos: 0xb366c7c4521277846a7fee4f3bcc92c435089537d30390d8854ca31addfbae4f::CdtCoin::CDT, solana: Ak3ovnWQnAxPSFoSNCoNYJLnJtQDCKRBH4HwhWkb6hFm, avalanche: 0x0cbd6fadcf8096cc9a43d90b45f65826102e3ece, polygon-pos: 0x26c80854c36ff62bba7414a358c8c23bbb8dec39, arbitrum-one: 0x0cbd6fadcf8096cc9a43d90b45f65826102e3ece","https://bscscan.com/token/0x0cbd6fadcf8096cc9a43d90b45f65826102e3ece, https://platform.arkhamintelligence.com/explorer/token/checkdot, https://etherscan.io/token/0xcdb37a4fbc2da5b78aa4e41a432792f9533e85cc, https://ethplorer.io/address/0xcdb37a4fbc2da5b78aa4e41a432792f9533e85cc, https://arbiscan.io/token/0x0cbd6fadcf8096cc9a43d90b45f65826102e3ece, https://polygonscan.com/token/0x26c80854c36ff62bba7414a358c8c23bbb8dec39, https://snowtrace.io/token/0x0cbd6fadcf8096cc9a43d90b45f65826102e3ece, https://avascan.info/blockchain/c/address/0x0cbd6fadcf8096cc9a43d90b45f65826102e3ece/token, https://aptscan.ai/coins/0xb366c7c4521277846a7fee4f3bcc92c435089537d30390d8854ca31addfbae4f::cdtcoin::cdt, https://binplorer.com/address/0x0cbd6fadcf8096cc9a43d90b45f65826102e3ece",,no,sí
reddit-ondo-tokenized-stock,Reddit (Ondo Tokenized Stock),rddton,"Tokenized Assets, Ethereum Ecosystem, Real World Assets (RWA), Ondo Tokenized Assets",240.43,609139,20502,0.03365734257698161,2533.489772659166,2533.489772659166,,0,4823,1,ethereum: 0xa9431d354cfad3c6b76e50f0e73b43d48be80cd0,"https://etherscan.io/address/0xA9431d354cFAD3c6B76E50f0e73b43D48Be80CD0, https://etherscan.io/token/0xA9431d354cFAD3c6B76E50f0e73b43D48Be80CD0, https://ethplorer.io/address/0xA9431d354cFAD3c6B76E50f0e73b43D48Be80CD0",,no,no
olyn-by-virtuals,Olyn by Virtuals,olyn,"Artificial Intelligence (AI), Base Ecosystem, AI Agents, Virtuals Protocol Ecosystem",0.00060794,607708,57.51,9.46342651404951e-05,999768448.4680287,999768448.4680287,1000000000.0,0,4829,1,base: 0x91273b316240879fd902c0c3fcf7c0158777b42f,https://basescan.org/token/0x91273b316240879fd902c0c3fcf7c0158777b42f,,no,no
chirper-ai,Chirper AI,chirp,"Artificial Intelligence (AI), Solana Ecosystem, AI Agents",0.00061725,604905,2744.86,0.004537671204569313,979997095.0,979997095.0,979997095.0,0,4839,1,solana: Cy7rUZ5rK2ukitsAVVfK5Kn8t35TR417RRuURPWoRBAF,https://solscan.io/token/Cy7rUZ5rK2ukitsAVVfK5Kn8t35TR417RRuURPWoRBAF,,no,no
miao,MIAO,sn86,"Artificial Intelligence (AI), Bittensor Ecosystem, Bittensor Subnets",0.34386,601237,5189.16,0.008630806154644507,1749670.631288636,1749670.631288636,21000000.0,0,4853,1,bittensor: 86,https://taostats.io/subnets/86/chart,,no,no
purefi,PureFi,ufi,"Artificial Intelligence (AI), Smart Contract Platform, Oracle, BNB Chain Ecosystem, Polygon Ecosystem, Ethereum Ecosystem, Decentralized Identifier (DID), Zero Knowledge (ZK), Cybersecurity",0.00639204,598101,607.52,0.0010157481763113587,93466552.8636034,100000000.0,100000000.0,7782,4859,4,"ethereum: 0xcda4e840411c00a614ad9205caec807c7458a0e3, binance-smart-chain: 0xe2a59d5e33c6540e18aaa46bf98917ac3158db0d, polygon-pos: 0x3c205c8b3e02421da82064646788c82f7bd753b9","https://bscscan.com/token/0xe2a59d5e33c6540e18aaa46bf98917ac3158db0d, https://platform.arkhamintelligence.com/explorer/token/purefi, https://etherscan.io/token/0xcda4e840411c00a614ad9205caec807c7458a0e3, https://ethplorer.io/address/0xcda4e840411c00a614ad9205caec807c7458a0e3, https://polygonscan.com/token/0x3c205c8b3e02421da82064646788c82f7bd753b9, https://binplorer.com/address/0xe2a59d5e33c6540e18aaa46bf98917ac3158db0d",,no,sí
osean,Osean,osean,"NFT, BNB Chain Ecosystem, Ethereum Ecosystem, Real World Assets (RWA), RWA Protocol",0.00070299,597985,36.25,6.062024967181451e-05,849848136.7760828,980000000.0,1000000000.0,2106,4860,2,"binance-smart-chain: 0x722cb8e411d40942c0f581b919ecce3e4d759602, ethereum: 0x50d5118fb90d572b9d42ba65e0addc4900867809","https://bscscan.com/token/0x722cb8e411d40942c0f581b919ecce3e4d759602, https://platform.arkhamintelligence.com/explorer/token/osean, https://etherscan.io/token/0x50d5118fb90d572b9d42ba65e0addc4900867809, https://binplorer.com/address/0x722cb8e411d40942c0f581b919ecce3e4d759602, https://ethplorer.io/address/0x50d5118fb90d572b9d42ba65e0addc4900867809",,no,sí
roasthimjim,Jim,jim,"Artificial Intelligence (AI), Ethereum Ecosystem",2.61e-06,597141,11.03,1.8471349312808865e-05,228884194287.65524,298312106234.6553,420000000000.0,546,4865,1,ethereum: 0xd807f7e2818db8eda0d28b5be74866338eaedb86,"https://etherscan.io/token/0xd807f7e2818db8eda0d28b5be74866338eaedb86, https://platform.arkhamintelligence.com/explorer/token/roasthimjim, https://ethplorer.io/address/0xd807f7e2818db8eda0d28b5be74866338eaedb86",,no,no
ixo,IXO,ixo,"Cosmos Ecosystem, Real World Assets (RWA), Osmosis Ecosystem",0.00689397,596964,180.61,0.0003025475573066383,86640000.0,126270000.0,150000000.0,0,4866,1,"cosmos: ibc/F3FF7A84A73B62921538642F9797C423D2B4C4ACB3C7FCFFCE7F12AA69909C4B, osmosis: ibc/F3FF7A84A73B62921538642F9797C423D2B4C4ACB3C7FCFFCE7F12AA69909C4B","https://atomscan.com/ixo, https://www.mintscan.io/osmosis/assets/ibc/aWJjL0YzRkY3QTg0QTczQjYyOTIxNTM4NjQyRjk3OTdDNDIzRDJCNEM0QUNCM0M3RkNGRkNFN0YxMkFBNjk5MDlDNEI=",,no,sí
navigate,Navigate,nvg8,"Artificial Intelligence (AI), Analytics, Base Ecosystem, Outlier Ventures Portfolio",0.00420185,593904,128378,0.2161595139955279,141076806.63611004,1000000000.0,1000000000.0,77263,4876,3,base: 0x5d6cae0422a950dbd7918d1e74434a35156b3ba4,https://basescan.org/token/0x5d6Cae0422A950dbd7918D1e74434A35156b3Ba4,,no,no
palantir-technologies-ondo-tokenized-stock,Palantir Technologies (Ondo Tokenized Stock),pltron,"Tokenized Assets, Ethereum Ecosystem, Real World Assets (RWA), Ondo Tokenized Assets",178.35,584246,145151,0.24844158111480438,3275.835107736977,3275.835107736977,,0,4899,2,ethereum: 0x0c666485b02f7a87d21add7aeb9f5e64975aa490,"https://etherscan.io/address/0x0c666485b02F7A87d21AdD7AEb9F5e64975AA490, https://etherscan.io/token/0x0c666485b02F7A87d21AdD7AEb9F5e64975AA490, https://ethplorer.io/address/0x0c666485b02F7A87d21AdD7AEb9F5e64975AA490",,no,no
vps-ai,VPS Ai,vps,"Artificial Intelligence (AI), Infrastructure, Ethereum Ecosystem, DePIN",0.00659077,580241,62.61,0.00010790344012229401,88042000.0,100000000.0,100000000.0,1403,4906,1,ethereum: 0x00b78238925c320159023c2ac9ef89da8f16d007,"https://etherscan.io/token/0x00b78238925c320159023c2ac9ef89da8f16d007, https://platform.arkhamintelligence.com/explorer/token/vps-ai, https://ethplorer.io/address/0x00b78238925c320159023c2ac9ef89da8f16d007",,no,no
anzen-finance,Anzen Finance,anz,"Decentralized Finance (DeFi), Real World Assets (RWA), Base Ecosystem, Stablecoin Issuer, RWA Protocol",0.00067992,578854,17507.54,0.030245174085347947,851132749.0449231,10000000000.0,10000000000.0,764,4910,3,base: 0xeec468333ccc16d4bf1cef497a56cf8c0aae4ca3,"https://basescan.org/address/0xeeC468333ccc16D4BF1cEf497A56cf8C0aAe4Ca3, https://basescan.org/token/0xeeC468333ccc16D4BF1cEf497A56cf8C0aAe4Ca3",,no,no
vanguard-xstock,Vanguard xStock,vtix,"Tokenized Assets, BNB Chain Ecosystem, Arbitrum Ecosystem, Ethereum Ecosystem, Real World Assets (RWA), BackedFi xStocks Ecosystem",327.11,577051,156216,0.2707143735995605,1764.13060559,24600.0,,3974,4916,1,"arbitrum-one: 0xbd730e618bcd88c82ddee52e10275cf2f88a4777, ethereum: 0xbd730e618bcd88c82ddee52e10275cf2f88a4777, binance-smart-chain: 0xbd730e618bcd88c82ddee52e10275cf2f88a4777, solana: XsssYEQjzxBCFgvYFFNuhJFBeHNdLWYeUSP8F45cDr9","https://www.arbiscan.io/token/0xbd730e618bcd88c82ddee52e10275cf2f88a4777, https://solscan.io/token/XsssYEQjzxBCFgvYFFNuhJFBeHNdLWYeUSP8F45cDr9, https://arbiscan.io/token/0xbd730e618bcd88c82ddee52e10275cf2f88a4777, https://bscscan.com/token/0xbd730e618bcd88c82ddee52e10275cf2f88a4777, https://binplorer.com/address/0xbd730e618bcd88c82ddee52e10275cf2f88a4777, https://etherscan.io/token/0xbd730e618bcd88c82ddee52e10275cf2f88a4777, https://ethplorer.io/address/0xbd730e618bcd88c82ddee52e10275cf2f88a4777",,no,sí
flagship-by-virtuals,Flagship by Virtuals,fyi,"Artificial Intelligence (AI), Base Ecosystem, AI Agents, Virtuals Protocol Ecosystem, DeFAI",0.00612994,570494,7561.21,0.013253794080218198,93066708.4472061,1000000000.0,1000000000.0,59904,4928,2,base: 0x03daca2c2e55b03ff1d0d81f099c8900ed7f1dab,https://basescan.org/token/0x03daca2c2e55b03ff1d0d81f099c8900ed7f1dab,,no,no
y8u,Y8U,y8u,"Artificial Intelligence (AI), BNB Chain Ecosystem, AI Agents, AI Applications",0.00194057,568774,28266,0.04969636446110406,293097684.0,293097684.0,1000000000.0,4263,4934,1,binance-smart-chain: 0x991b4ce57864060115700d6fc05c7780346a15ac,"https://bscscan.com/token/0x991b4ce57864060115700d6fc05c7780346a15ac, https://platform.arkhamintelligence.com/explorer/token/y8u, https://binplorer.com/address/0x991b4ce57864060115700d6fc05c7780346a15ac",,no,no
cli-ai,CLI.AI,cmd,"Artificial Intelligence (AI), Solana Ecosystem, Pump.fun Ecosystem, AI Framework",0.00113453,563752,2831.85,0.005023219429820204,497005733.609529,999956456.367359,999973584.0,499,4950,1,solana: 7Gg6J1nkHLVV2TMqhVGHS1BrYycDmLoux9R3GSy2pump,https://solscan.io/token/7Gg6J1nkHLVV2TMqhVGHS1BrYycDmLoux9R3GSy2pump,,no,no
tiger-alpha,Tiger Alpha,sn107,"Artificial Intelligence (AI), Bittensor Ecosystem, Bittensor Subnets",0.445021,563707,1204.44,0.002136641907941537,1264558.686719938,1264558.686719938,21000000.0,0,4947,1,bittensor: 107,https://taostats.io/subnets/107/chart,,no,no
xai-prestocks-2,xAI PreStocks,xai,"Real World Assets (RWA), Solana Token-2022, PreStocks Ecosystem",44.43,557695,3782.13,0.006781717605501215,12549.997290406,12549.997290406,,0,4962,1,solana: PreC1KtJ1sBPPqaeeqL6Qb15GTLCYVvyYEwxhdfTwfx,https://solscan.io/token/PreC1KtJ1sBPPqaeeqL6Qb15GTLCYVvyYEwxhdfTwfx,,no,no
nomai,nomAI,nomai,"Artificial Intelligence (AI), Base Ecosystem, AI Agents, Virtuals Protocol Ecosystem",0.00055535,556514,912.31,0.001639329828180423,999861673.3074461,999861673.3074461,1000000000.0,0,4963,1,base: 0x4d70f1058b73198f12a76c193aef5db5dd75babd,https://basescan.org/token/0x4d70f1058b73198f12a76c193aef5db5dd75babd,,no,no
internet-of-intelligence,Internet of Intelligence,sn108,"Artificial Intelligence (AI), Bittensor Ecosystem, Bittensor Subnets",0.447437,555706,4547.24,0.008182816093401907,1240738.725842395,1240738.725842395,21000000.0,0,4964,1,bittensor: 108,https://taostats.io/subnets/108/chart,,no,no
spore-2,Spore,spore,"Artificial Intelligence (AI), Solana Ecosystem, AI Agents, Pump.fun Ecosystem, AI Agent Launchpad, Spore.fun Ecosystem, Made in USA",0.00055221,552182,80197,0.145236534331072,999944743.812151,999944743.812151,1000000000.0,0,4967,5,solana: 8bdhP1UQMevciC9oJ7NrvgDfoW8XPXPfbkkm6vKtMS7N,"https://solscan.io/token/8bdhP1UQMevciC9oJ7NrvgDfoW8XPXPfbkkm6vKtMS7N, https://solscan.io/token/8bdhP1UQMevciC9oJ7NrvgDfoW8XPXPfbkkm6vKtMS7N",,no,no
aiki,Aiki,aiki,"Artificial Intelligence (AI), Solana Ecosystem, AI Applications",0.00551126,550457,20.08,3.647878035886545e-05,99852556.913672,99852556.913672,100000000.0,316,4970,0,solana: aikiZ7nfvtnZh6gDqpeZ6LqURmqznY42eDPnU3GP18c,https://solscan.io/token/aikiZ7nfvtnZh6gDqpeZ6LqURmqznY42eDPnU3GP18c,,no,no
blendr-network,Blendr Network,blendr,"Artificial Intelligence (AI), Ethereum Ecosystem, DePIN",0.01368043,548311,5136.75,0.009368314697315938,40082453.67006291,42000000.0,42000000.0,6084,4978,2,ethereum: 0x84018071282d4b2996272659d9c01cb08dd7327f,"https://etherscan.io/token/0x84018071282d4b2996272659d9c01cb08dd7327f, https://platform.arkhamintelligence.com/explorer/token/blendr-network, https://ethplorer.io/address/0x84018071282d4b2996272659d9c01cb08dd7327f",,no,no
gg3,GG3,ggx,"Artificial Intelligence (AI), Gaming (GameFi), Quest-to-Earn, AI Applications",0.01299376,540223,79658,0.14745392180636516,41544111.1,995950347.0,1000000000.0,9647,4996,2,binance-smart-chain: 0x7bedaa6e5f43e1d83d667cfe770252a32532369e,"https://bscscan.com/token/0x7bedaa6e5f43e1d83d667cfe770252a32532369e, https://binplorer.com/address/0x7bedaa6e5f43e1d83d667cfe770252a32532369e, https://bscscan.com/token/, https://binplorer.com/address/",,no,no
berkshire-hathaway-xstock,Berkshire Hathaway xStock,brk.bx,"Tokenized Assets, BNB Chain Ecosystem, Solana Ecosystem, Meme, Tokenized Stock, Ethereum Ecosystem, Real World Assets (RWA), BackedFi xStocks Ecosystem",524.41,538124,1085.94,0.0020180107187191057,1026.16041368,22200.0,,3974,4998,1,"arbitrum-one: 0x12992613fdd35abe95dec5a4964331b1ee23b50d, binance-smart-chain: 0x12992613fdd35abe95dec5a4964331b1ee23b50d, ethereum: 0x12992613fdd35abe95dec5a4964331b1ee23b50d, solana: Xs6B6zawENwAbWVi7w92rjazLuAr5Az59qgWKcNb45x","https://www.arbiscan.io/token/0x12992613fdd35abe95dec5a4964331b1ee23b50d, https://arbiscan.io/token/0x12992613fDd35aBe95DEc5a4964331b1ee23B50d, https://solscan.io/token/Xs6B6zawENwAbWVi7w92rjazLuAr5Az59qgWKcNb45x, https://bscscan.com/token/0x12992613fdd35abe95dec5a4964331b1ee23b50d, https://binplorer.com/address/0x12992613fdd35abe95dec5a4964331b1ee23b50d, https://etherscan.io/token/0x12992613fdd35abe95dec5a4964331b1ee23b50d, https://ethplorer.io/address/0x12992613fdd35abe95dec5a4964331b1ee23b50d",,no,sí
notai,NOTAI,notai,"Artificial Intelligence (AI), Decentralized Finance (DeFi), BNB Chain Ecosystem, Telegram Apps, AI Applications",5.65e-06,537671,41974,0.0780663268057976,94999988888.5,100000000000.0,100000000000.0,2596685,5001,4,binance-smart-chain: 0xcf10117b30c7a5fc7c77b611bfc2555610dd4b3a,"https://bscscan.com/token/0xcf10117b30c7a5fc7c77b611bfc2555610dd4b3a, https://platform.arkhamintelligence.com/explorer/token/notai, https://binplorer.com/address/0xcf10117b30c7a5fc7c77b611bfc2555610dd4b3a",,no,no
grafi,Grafi,grafi,"Artificial Intelligence (AI), Solana Ecosystem, DePIN, AI Applications",0.00432226,535698,81385,0.15192328513453476,123768750.0,2100000000.0,2100000000.0,58070,5009,1,solana: EJSPkGUWsSAfGWBe9rCiaSusbUQuVmFmvGVvwy6qyX1d,https://solscan.io/token/EJSPkGUWsSAfGWBe9rCiaSusbUQuVmFmvGVvwy6qyX1d,,no,no
out-of-body-experience,Out of body experience,oobe,"Artificial Intelligence (AI), Solana Ecosystem, AI Agents, Pump.fun Ecosystem, AI Agent Launchpad",0.00055386,535313,21040,0.039304108063880384,963759317.0,963759317.0,963759317.0,379,5010,1,solana: 8243mJtEQZSEYh5DBmvHSwrN8tmcYkAuG67CgoT2pump,https://solscan.io/token/8243mJtEQZSEYh5DBmvHSwrN8tmcYkAuG67CgoT2pump,,no,no
replicat-one-by-virtuals,Replicat-One by Virtuals,rcat,"Artificial Intelligence (AI), Base Ecosystem, AI Agents, Virtuals Protocol Ecosystem",0.00092678,533754,4059.94,0.00760638796149537,575922732.383991,1000000000.0,1000000000.0,4453,5013,3,base: 0x6af73d4579c70a24d52e4f4b43eecb2a75019f94,https://basescan.org/token/0x6af73d4579c70a24d52e4f4b43eecb2a75019f94,,no,no
pettai,PettAI,aip,"Artificial Intelligence (AI), Base Ecosystem, AI Agents",0.00184059,531450,41769,0.0785944115156647,288738540.77215415,421342993.3304055,500000000.0,30233,5019,1,base: 0x02d4f76656c2b4f58430e91f8ac74896c9281cb9,"https://basescan.org/address/0x02d4f76656c2b4f58430e91f8ac74896c9281cb9, https://basescan.org/token/0x02d4f76656c2b4f58430e91f8ac74896c9281cb9",,no,no
flyte-ai,Flyte AI,flyte,"Artificial Intelligence (AI), AI Agents, Virtuals Protocol Ecosystem",0.00053039,530393,5054.5,0.009529726071045432,1000000000.0,1000000000.0,1000000000.0,0,5020,1,base: 0x34c4a0056fad621c723433a473140aadc8998a8b,https://basescan.org/token/0x34c4a0056fad621c723433a473140aadc8998a8b,,no,no
dolos-the-bully,Dolos The Bully,bully,"Artificial Intelligence (AI), Solana Ecosystem, AI Agents, Pump.fun Ecosystem, DeFAI",0.00054977,528052,453854,0.8594873232181679,960488946.227238,960488946.227238,1000000000.0,2842,5024,3,solana: 79yTpy8uwmAkrdgZdq6ZSBTvxKsgPrNqTLvYQBh1pump,https://solscan.io/token/79yTpy8uwmAkrdgZdq6ZSBTvxKsgPrNqTLvYQBh1pump,,no,no
neur-sh,neur.sh,neur,"Artificial Intelligence (AI), Solana Ecosystem, Pump.fun Ecosystem, Binance Alpha Spotlight, DeFAI",0.00057268,528004,160035,0.30309429474019134,921931099.758419,999431099.758419,1000000000.0,0,5028,4,solana: 3N2ETvNpPNAxhcaXgkhKoY1yDnQfs41Wnxsx5qNJpump,https://solscan.io/token/3N2ETvNpPNAxhcaXgkhKoY1yDnQfs41Wnxsx5qNJpump,,no,no
neurashi,Neurashi,nei,"Artificial Intelligence (AI), Solana Ecosystem, AI Applications",0.00156771,526801,177652,0.33722790959014887,335694784.429651,999966526.254878,1000000000.0,38535,5030,5,solana: FrQNn7xSTQWdv3SC8stZfT76QeWgvFWVQtCJhdGVjHJK,"https://solscan.io/token/FrQNn7xSTQWdv3SC8stZfT76QeWgvFWVQtCJhdGVjHJK, https://platform.arkhamintelligence.com/explorer/token/neurashi",,no,no
agixt,AGiXT,agixt,"Artificial Intelligence (AI), Solana Ecosystem, Pump.fun Ecosystem, AI Framework",0.00052061,520526,152445,0.2928672150862781,999999837.38,999999837.38,999999837.38,0,5046,2,solana: F9TgEJLLRUKDRF16HgjUCdJfJ5BK6ucyiW8uJxVPpump,https://solscan.io/token/F9TgEJLLRUKDRF16HgjUCdJfJ5BK6ucyiW8uJxVPpump,,no,no
jatevo,Jatevo,jtvo,"Artificial Intelligence (AI), Solana Ecosystem, AI Framework, Believe.app Ecosystem",0.00052086,520839,14996.3,0.028792582736699823,999967965.2373834,999967965.2373834,1000000000.0,629,5047,2,solana: 9VY2rDbtsBmTsBxoRF8hWSEUKGqnoQoe9V6W3JnjNgfm,https://solscan.io/token/9VY2rDbtsBmTsBxoRF8hWSEUKGqnoQoe9V6W3JnjNgfm,,no,no
glades,Glades,glds,"Artificial Intelligence (AI), Solana Ecosystem, Pump.fun Ecosystem, AI Framework",0.00053338,507016,5195.34,0.010246895561481294,949960545.937332,999910852.85575,1000000000.0,1158,5079,1,solana: 6uYAMiY8KwDsW9ome5AvadsnNUKF19Evz4QxQ43Dpump,https://solscan.io/token/6uYAMiY8KwDsW9ome5AvadsnNUKF19Evz4QxQ43Dpump,,no,no
moonprime-games,MoonPrime Games,lunar,"Artificial Intelligence (AI), Gaming (GameFi), BNB Chain Ecosystem, RPG, Action Games",0.00056252,506817,55.61,0.00010972402267485107,899545037.1917583,899545037.1917583,1000000000.0,835,5081,1,binance-smart-chain: 0xab7dd9c9993e63604ff57cfc2dbe430adffd33d3,"https://bscscan.com/token/0xab7dd9c9993e63604ff57cfc2dbe430adffd33d3, https://binplorer.com/address/0xAB7dD9C9993e63604fF57cfC2DBe430AdFfD33d3",,no,no
arowana,Arowana,arw,"Tokenized Assets, Arbitrum Ecosystem, Real World Assets (RWA), Tokenized Commodities",0.02721411,504643,236644,0.4689334836706345,18538511.89,500000000.0,500000000.0,33041,5084,3,arbitrum-one: 0x747952a59292a9b3862f3c59664b95e8b461ef45,https://arbiscan.io/token/0x747952a59292a9b3862f3c59664b95e8b461ef45,,no,no
oneoneone,Oneoneone,sn111,"Artificial Intelligence (AI), Bittensor Ecosystem, Bittensor Subnets",0.433286,500945,6600.39,0.013175877591352345,1155407.437130689,1155407.437130689,21000000.0,0,5095,1,bittensor: 111,https://taostats.io/subnets/111/chart,,no,no
neza,Neza,sn99,"Artificial Intelligence (AI), Bittensor Ecosystem, Bittensor Subnets",0.61289,498699,2801.73,0.005618078239579385,813158.772544595,813158.772544595,21000000.0,0,5102,1,bittensor: 99,https://taostats.io/subnets/99/chart,,no,no
shopify-ondo-tokenized-stock,Shopify (Ondo Tokenized Stock),shopon,"Tokenized Assets, Ethereum Ecosystem, Real World Assets (RWA), Ondo Tokenized Assets",140.45,495956,17603.78,0.035494640653606364,3531.081345374088,3531.081345374088,,0,5105,1,ethereum: 0x908266c1192628371cff7ad2f5eba4de061a0ac5,"https://etherscan.io/address/0x908266C1192628371Cff7AD2F5Eba4dE061a0ac5, https://etherscan.io/token/0x908266C1192628371Cff7AD2F5Eba4dE061a0ac5, https://ethplorer.io/address/0x908266C1192628371Cff7AD2F5Eba4dE061a0ac5",,no,no
revest-finance,Revest Finance,rvst,"Ethereum Ecosystem, Real World Assets (RWA)",0.00541967,495167,3.06,6.17973330209808e-06,91364755.5882304,100000000.0,100000000.0,2496,5108,1,ethereum: 0x120a3879da835a5af037bb2d1456bebd6b54d4ba,"https://etherscan.io/token/0x120a3879da835a5af037bb2d1456bebd6b54d4ba, https://platform.arkhamintelligence.com/explorer/token/revest-finance, https://ethplorer.io/address/0x120a3879da835a5af037bb2d1456bebd6b54d4ba",,no,no
social-trade,Social Trade,st,"Artificial Intelligence (AI), SocialFi, Base Ecosystem, AI Agents, DeFAI",0.00305368,492468,411.22,0.0008350187220286394,161270000.3,191509126.18,200000000.0,0,5117,1,base: 0xce74702e67e3127613f3465384282bad77757ca3,https://basescan.org/token/0xcE74702E67e3127613f3465384282bAD77757cA3,,no,no
broadcom-xstock,Broadcom xStock,avgox,"Tokenized Assets, BNB Chain Ecosystem, Solana Ecosystem, Tokenized Stock, Ethereum Ecosystem, Real World Assets (RWA), BackedFi xStocks Ecosystem",334.84,490351,250118,0.5100795144702468,1464.44439203,23400.0,,3977,5121,1,"arbitrum-one: 0x38bac69cbbd28156796e4163b2b6dcb81e336565, binance-smart-chain: 0x38bac69cbbd28156796e4163b2b6dcb81e336565, ethereum: 0x38bac69cbbd28156796e4163b2b6dcb81e336565, solana: XsgSaSvNSqLTtFuyWPBhK9196Xb9Bbdyjj4fH3cPJGo","https://www.arbiscan.io/token/0x38bac69cbbd28156796e4163b2b6dcb81e336565, https://arbiscan.io/token/0x38BAC69cbBd28156796e4163B2B6dcb81E336565, https://solscan.io/token/XsgSaSvNSqLTtFuyWPBhK9196Xb9Bbdyjj4fH3cPJGo, https://bscscan.com/token/0x38bac69cbbd28156796e4163b2b6dcb81e336565, https://binplorer.com/address/0x38bac69cbbd28156796e4163b2b6dcb81e336565, https://etherscan.io/token/0x38bac69cbbd28156796e4163b2b6dcb81e336565, https://ethplorer.io/address/0x38bac69cbbd28156796e4163b2b6dcb81e336565",,no,sí
agenttank,AgentTank,tank,"Artificial Intelligence (AI), Solana Ecosystem, Pump.fun Ecosystem, AI Applications, Made in USA",0.00048753,487501,159701,0.3275911228900043,999937631.745377,999937631.745377,999993658.47,1070,5116,2,solana: GAMwtMB6onAvBNBQJCJFuxoaqfPH8uCQ2dewNMVVpump,https://solscan.io/token/GAMwtMB6onAvBNBQJCJFuxoaqfPH8uCQ2dewNMVVpump,,no,no
big-tony,Big Tony,tony,"Artificial Intelligence (AI), Meme, Base Ecosystem, AI Meme, AI Agents, Base Meme",4.85e-06,485213,453.27,0.0009341670565298127,99999999999.99998,99999999999.99998,100000000000.0,0,5126,1,base: 0xb22a793a81ff5b6ad37f40d5fe1e0ac4184d52f3,https://basescan.org/token/0xB22a793a81ff5b6Ad37F40d5FE1E0AC4184d52F3,,no,no
ai,AI⁴,ai4,"Artificial Intelligence (AI), Meme, Solana Meme, AI Agents, Pump.fun Ecosystem",0.00048171,481662,299739,0.6223015309490888,999900848.89139,999900848.89139,1000000000.0,0,5133,3,solana: CZkxnM5PNPak31JSFNzJ76CWcYRu4mgxvBwcHaBJpump,https://solscan.io/token/CZkxnM5PNPak31JSFNzJ76CWcYRu4mgxvBwcHaBJpump,,no,no
tri-sigma,Tri Sigma,trisig,"Artificial Intelligence (AI), Solana Ecosystem, AI Agents, Pump.fun Ecosystem, Binance Alpha Spotlight, DeFAI",0.00048025,480210,351030,0.7309926906978197,999900653.98064,999900653.98064,1000000000.0,0,5143,6,solana: BLDiYcvm3CLcgZ7XUBPgz6idSAkNmWY6MBbm8Xpjpump,https://solscan.io/token/BLDiYcvm3CLcgZ7XUBPgz6idSAkNmWY6MBbm8Xpjpump,,no,no
xo-protocol,XO Protocol,xoxo,"Artificial Intelligence (AI), SocialFi, Base Ecosystem, AI Applications",0.00101351,479607,127492,0.26582597835310995,473215930.308205,2000000000.0,2000000000.0,29688,5148,3,base: 0xc799ada44171b741abf41ee54fb1b47fda5960be,https://basescan.org/token/0xc799ada44171b741abf41ee54fb1b47fda5960be,,no,no
limitus,LIMITUS,lmt,"Artificial Intelligence (AI), Solana Ecosystem, Pump.fun Ecosystem, Binance Alpha Spotlight",0.0007215,473612,35875,0.07574765842081704,660289840.514004,660289840.514004,1000000000.0,0,5156,3,solana: 86t88w3MKT38HChTBKBwEeb1RW1MeTceaW68qY2Vpump,https://solscan.io/token/86t88w3MKT38HChTBKBwEeb1RW1MeTceaW68qY2Vpump,,no,no
openai-prestocks-2,OpenAI PreStocks,openai,"Real World Assets (RWA), Solana Token-2022, PreStocks Ecosystem",591.19,467805,1391.71,0.00297497889077714,790.0,790.0,,0,5180,1,solana: PreweJYECqtQwBtpxHL171nL2K6umo692gTm7Q3rpgF,https://solscan.io/token/PreweJYECqtQwBtpxHL171nL2K6umo692gTm7Q3rpgF,,no,no
orbofi-ai,Orbofi AI,obi,"Artificial Intelligence (AI), BNB Chain Ecosystem, Ethereum Ecosystem, Poolz Finance Launchpad, AI Agents, AI Agent Launchpad",0.00035051,466327,42549,0.09124284032449333,1328998999.0,2000000000.0,2000000000.0,9868,5202,4,"ethereum: 0xbb3a8fd6ec4bf0fdc6cd2739b1e41192d12b1873, binance-smart-chain: 0x69a87c8788d4a48c1362b3b357d0e6b59c11d93f","https://etherscan.io/token/0xbb3a8fd6ec4bf0fdc6cd2739b1e41192d12b1873, https://platform.arkhamintelligence.com/explorer/token/orbofi-ai, https://ethplorer.io/address/0xbb3a8fd6ec4bf0fdc6cd2739b1e41192d12b1873, https://bscscan.com/token/0x69a87c8788d4a48c1362b3b357d0e6b59c11d93f, https://binplorer.com/address/0x69a87c8788d4a48c1362b3b357d0e6b59c11d93f",,no,sí
shogun,Shogun,shogun,"Artificial Intelligence (AI), Base Ecosystem, AI Agents, CreatorBid Ecosystem",0.02241123,466180,8011.65,0.01718574370414861,21000000.0,21000000.0,21000000.0,141,5182,1,base: 0xd63aaeec20f9b74d49f8dd8e319b6edd564a7dd0,https://basescan.org/token/0xd63Aaeec20f9B74d49F8dD8e319b6EDD564A7Dd0,,no,no
wisdomise,Wisdomise AI,wsdm,"Artificial Intelligence (AI), Analytics, Polygon Ecosystem, AI Applications",0.00094479,460968,320627,0.6955515350306312,487871512.02641,1000000000.0,1000000000.0,50462,5201,5,polygon-pos: 0x5f2f8818002dc64753daedf4a6cb2ccb757cd220,"https://polygonscan.com/token/0x5f2f8818002dc64753daedf4a6cb2ccb757cd220, https://platform.arkhamintelligence.com/explorer/token/wisdomise",,no,no
wisdomise,Wisdomise AI,wsdm,"Artificial Intelligence (AI), Analytics, Polygon Ecosystem, AI Applications",0.00094479,460968,320627,0.6955515350306312,487871512.02641,1000000000.0,1000000000.0,50462,5201,5,polygon-pos: 0x5f2f8818002dc64753daedf4a6cb2ccb757cd220,"https://polygonscan.com/token/0x5f2f8818002dc64753daedf4a6cb2ccb757cd220, https://platform.arkhamintelligence.com/explorer/token/wisdomise",,no,no
mbd-financials,MBD Financials,mbd,"Decentralized Finance (DeFi), Gaming (GameFi), Metaverse, Play To Earn, Ethereum Ecosystem, Real World Assets (RWA), Telegram Apps, Tap to Earn, E-commerce",1.766e-05,458199,43180,0.09423852954720548,25952063301.58344,40000000000.0,40000000000.0,3376,5209,2,ethereum: 0xaaf449bf8a33a32575c31ba8cbb90612dd95acfa,"https://etherscan.io/token/0xaaf449bf8a33a32575c31ba8cbb90612dd95acfa, https://platform.arkhamintelligence.com/explorer/token/mbd-financials, https://ethplorer.io/address/0xaaf449bf8a33a32575c31ba8cbb90612dd95acfa",,no,no
bacon-protocol,Bacon Protocol,bac,"Artificial Intelligence (AI), BNB Chain Ecosystem, AI Agent Launchpad",0.00045595,456290,355.94,0.0007800740756974731,1000000000.0,1000000000.0,1000000000.0,0,5219,1,binance-smart-chain: 0xb85d4c45383acfcfd9869645275349c9c3f28edb,"https://bscscan.com/token/0xb85d4C45383aCfcFd9869645275349C9c3f28EDB, https://binplorer.com/address/0xb85d4C45383aCfcFd9869645275349C9c3f28EDB",,no,no
ring-ai,Ring AI,ring,"Artificial Intelligence (AI), Ethereum Ecosystem, AI Agents, AI Applications",0.0044857,448008,20911,0.046675505794539385,100000000.0,100000000.0,100000000.0,4116,5239,2,ethereum: 0xc092a137df3cf2b9e5971ba1874d26487c12626d,"https://etherscan.io/token/0xc092a137df3cf2b9e5971ba1874d26487c12626d, https://platform.arkhamintelligence.com/explorer/token/ring-ai, https://ethplorer.io/address/0xc092a137df3cf2b9e5971ba1874d26487c12626d",,no,no
cana-holdings-california-carbon-credits,CANA Holdings California Carbon Credits,cana,"Ethereum Ecosystem, Real World Assets (RWA)",31.82,444783,757.0,0.0017019535368932716,13973.6429886179,13973.6429886179,,130,5241,3,ethereum: 0x01995a697752266d8e748738aaa3f06464b8350b,"https://etherscan.io/token/0x01995a697752266d8e748738aaa3f06464b8350b, https://ethplorer.io/address/0x01995a697752266d8e748738aaa3f06464b8350b",,no,no
mute-swap-by-virtuals,MUTE SWAP by Virtuals,mute,"Artificial Intelligence (AI), Privacy, Decentralized Finance (DeFi), Base Ecosystem, Dex Aggregator, AI Applications, Virtuals Protocol Ecosystem",0.00109906,439634,11864.22,0.026986584295118212,400000000.0,1000000000.0,1000000000.0,942,5254,2,base: 0xa023316fa5c85dadf008c611790b3235433e781e,https://basescan.org/token/0xa023316FA5c85dADF008C611790B3235433e781e,,no,no
solace-2,Solace,$solace,"Artificial Intelligence (AI), Base Ecosystem, AI Agents, Virtuals Protocol Ecosystem",0.00087706,438535,286021,0.6522193211488251,500000000.0,1000000000.0,1000000000.0,0,5260,3,base: 0x7d6fcb3327d7e17095fa8b0e3513ac7a3564f5e1,"https://basescan.org/token/0x7d6fcb3327d7e17095fa8b0e3513ac7a3564f5e1?a=0x7d6fcB3327D7E17095fA8B0E3513AC7A3564f5E1, https://basescan.org/token/0x7d6fcB3327D7E17095fA8B0E3513AC7A3564f5E1",,no,no
gluteus-maximus-by-virtuals,Gluteus Maximus by Virtuals,gluteu,"Artificial Intelligence (AI), Solana Ecosystem, Meme, Ethereum Ecosystem, Base Ecosystem, AI Agents, Virtuals Protocol Ecosystem",0.00043624,436555,34535,0.07910801617207454,1000000000.0,1000000000.0,1000000000.0,677,5270,4,"base: 0x06a63c498ef95ad1fa4fff841955e512b4b2198a, solana: mMykZc4tun2kFNgxbd7WiApAoGEaX8bxFuHjxzjnkrV, ethereum: 0x7a78c790250fef60ce7e8ef85557d67cc4216a52","https://basescan.org/token/0x06a63c498ef95ad1fa4fff841955e512b4b2198a, https://solscan.io/token/mMykZc4tun2kFNgxbd7WiApAoGEaX8bxFuHjxzjnkrV, https://etherscan.io/token/0x7A78c790250FEf60ce7E8Ef85557d67Cc4216A52, https://ethplorer.io/address/0x7A78c790250FEf60ce7E8Ef85557d67Cc4216A52",,no,sí
lilai,LilAI,lilai,"Artificial Intelligence (AI), Arbitrum Ecosystem, Ethereum Ecosystem, Telegram Apps, AI Agents",0.0006045,432778,7543.18,0.017429675260757248,715783431.0,1000000000.0,1000000000.0,1357,5282,3,"arbitrum-one: 0x655a6beebf2361a19549a99486ff65f709bd2646, ethereum: 0x85cf7f10683c73359e7b06c082eef5851ff2956d","https://arbiscan.io/address/0x655a6beebf2361a19549a99486ff65f709bd2646, https://platform.arkhamintelligence.com/explorer/token/lilai, https://arbiscan.io/token/0x655a6beebf2361a19549a99486ff65f709bd2646, https://etherscan.io/token/0x85cf7f10683c73359e7b06c082eef5851ff2956d, https://ethplorer.io/address/0x85cf7f10683c73359e7b06c082eef5851ff2956d",,no,sí
ai-shell-nova,AI Shell NOVA,nova,"Artificial Intelligence (AI), Solana Ecosystem, AI Agents, Pump.fun Ecosystem",0.00042412,426805,2855.52,0.006690455828774264,1000000000.0,1000000000.0,1000000000.0,649,5311,1,solana: AxDKAyDsC7p8C5MeDFX6FKV2MPCSGwzkRfGY2qZZpump,https://solscan.io/token/AxDKAyDsC7p8C5MeDFX6FKV2MPCSGwzkRfGY2qZZpump,,no,no
commune-ai,Commune AI,comai,"Artificial Intelligence (AI), Ethereum Ecosystem, AI Agents",0.00518177,426451,50.24,0.0001178095490454941,82298204.19441408,169420000.0,169420000.0,0,5303,1,ethereum: 0xc78b628b060258300218740b1a7a5b3c82b3bd9f,"https://etherscan.io/token/0xc78b628b060258300218740b1a7a5b3c82b3bd9f, https://platform.arkhamintelligence.com/explorer/token/commune-ai, https://ethplorer.io/address/0xc78b628b060258300218740b1a7a5b3c82b3bd9f",,no,no
envision-2,Envision Labs,vis,"Artificial Intelligence (AI), Base Ecosystem",0.00774765,425954,207.87,0.00048801044244214166,55000000.0,100000000.0,100000000.0,1918,5304,3,base: 0xfc60aa1ffca50ce08b3cdec9626c0bb9e9b09bec,"https://basescan.org/token/0xfc60aa1ffca50ce08b3cdec9626c0bb9e9b09bec, https://platform.arkhamintelligence.com/explorer/token/envision-2",,no,no
athena-by-virtuals,Athena by Virtuals,athena,"Artificial Intelligence (AI), Base Ecosystem, AI Agents, Virtuals Protocol Ecosystem, Made in USA",0.000542,423336,3824.08,0.009033202940453918,780896908.6362121,1000000000.0,1000000000.0,716,5314,1,base: 0x1a43287cbfcc5f35082e6e2aa98e5b474fe7bd4e,"https://basescan.org/address/https://basescan.org/address/0x1a43287cbfcc5f35082e6e2aa98e5b474fe7bd4e, https://basescan.org/token/0x1a43287cbfcc5f35082e6e2aa98e5b474fe7bd4e",,no,no
optrade-ai,opTrade AI,optr,"Artificial Intelligence (AI), Ethereum Ecosystem",0.489187,421040,1443.53,0.0034284866045981377,860490.0,1000000.0,1000000.0,650,5320,1,ethereum: 0x72b658bd674f9c2b4954682f517c17d14476e417,"https://etherscan.io/token/0x72b658Bd674f9c2B4954682f517c17D14476e417, https://ethplorer.io/address/0x72b658Bd674f9c2B4954682f517c17D14476e417",,no,no
infinaeon,Infinaeon,inf,"Artificial Intelligence (AI), Ethereum Ecosystem, AI Applications",0.00104074,419498,4363.76,0.01040233803260087,403078309.58263665,420000000.0,420000000.0,11979,5323,2,ethereum: 0xd85a68faa78b4431dce816c157b66fc9911b3612,"https://etherscan.io/token/0xD85a68faa78b4431DCe816C157B66FC9911B3612, https://ethplorer.io/address/0xD85a68faa78b4431DCe816C157B66FC9911B3612",,no,no
trackgood-ai,Trackgood AI,trai,"Artificial Intelligence (AI), Base Ecosystem, AI Agents, AI Applications",0.00041859,418626,1741.55,0.004160157276423347,1000000000.0,1000000000.0,1000000000.0,529,5325,2,base: 0xdd32659b1e7a6a6b3c6e96cd8a4c936bcfea0607,https://basescan.org/token/0xdd32659b1e7a6a6b3c6e96cd8a4c936bcfea0607,,no,no
taoillium,Taoillium,sn109,"Artificial Intelligence (AI), Bittensor Ecosystem, Bittensor Subnets",0.452493,418271,1158.04,0.0027686356453112933,923368.456951565,923368.456951565,21000000.0,0,5328,1,bittensor: 109,https://taostats.io/subnets/109/chart,,no,no
figma-ord-shs-ondo-tokenized-stock,Figma Ord Shs (Ondo Tokenized Stock),figon,"Tokenized Assets, Ethereum Ecosystem, Real World Assets (RWA), Ondo Tokenized Assets",52.87,410552,19908.09,0.048491031586741756,7765.499218424969,7765.499218424969,,0,5347,1,ethereum: 0x073e7a0669833d356fa88ca65cc6d454efaaa3c5,"https://etherscan.io/address/0x073E7a0669833d356fa88ca65CC6D454EFaAa3c5, https://etherscan.io/token/0x073E7a0669833d356fa88ca65CC6D454EFaAa3c5, https://ethplorer.io/address/0x073E7a0669833d356fa88ca65CC6D454EFaAa3c5",,no,no
aiws,aiws,aiws,"Artificial Intelligence (AI), ZkSync Ecosystem",0.00040595,406023,577.01,0.001421126389391734,1000000000.0,1000000000.0,1000000000.0,0,5364,2,zksync: 0x3e9c747db47602210ea7513c9d00abf356b53880,"https://era.zksync.network/token/0x3e9c747db47602210ea7513c9d00abf356b53880, https://explorer.zksync.io/address/0x3E9C747db47602210EA7513c9D00abf356b53880",,no,no
kolwai,Kolwaii by Virtuals,vibes,"Artificial Intelligence (AI), Base Ecosystem, AI Agents, Virtuals Protocol Ecosystem",0.00040594,405834,40.19,9.903063814268887e-05,1000000000.0,1000000000.0,1000000000.0,509,5365,1,base: 0x33479a07983561ab5e27ad435399fc88159eea8b,https://basescan.org/token/0x33479A07983561AB5E27aD435399fc88159Eea8b,,no,no
vectorchat-ai,VectorChat.ai,chat,"Artificial Intelligence (AI), Meme, Ethereum Ecosystem, AI Agents, Bittensor Ecosystem, AI Agent Launchpad",0.00402396,402396,36.9,9.170071273074285e-05,100000000.0,100000000.0,100000000.0,1251,5382,1,ethereum: 0xbb3d7f42c58abd83616ad7c8c72473ee46df2678,"https://etherscan.io/address/0xbb3d7f42c58abd83616ad7c8c72473ee46df2678#internaltx, https://platform.arkhamintelligence.com/explorer/token/vectorchat-ai, https://etherscan.io/token/0xbb3d7f42c58abd83616ad7c8c72473ee46df2678, https://ethplorer.io/address/0xbb3d7f42c58abd83616ad7c8c72473ee46df2678",,no,no
unitedhealth-xstock,UnitedHealth xStock,unhx,"Tokenized Assets, BNB Chain Ecosystem, Solana Ecosystem, Tokenized Stock, Ethereum Ecosystem, Real World Assets (RWA), BackedFi xStocks Ecosystem",344.21,401466,143743,0.3580452641070477,1166.29707215,24679.184392364,,3974,5386,1,"arbitrum-one: 0x167a6375da1efc4a5be0f470e73ecefd66245048, ethereum: 0x167a6375da1efc4a5be0f470e73ecefd66245048, binance-smart-chain: 0x167a6375da1efc4a5be0f470e73ecefd66245048, solana: XszvaiXGPwvk2nwb3o9C1CX4K6zH8sez11E6uyup6fe","https://www.arbiscan.io/token/0x167a6375da1efc4a5be0f470e73ecefd66245048, https://arbiscan.io/token/0x167a6375da1efc4a5be0f470e73ecefd66245048, https://solscan.io/token/XszvaiXGPwvk2nwb3o9C1CX4K6zH8sez11E6uyup6fe, https://bscscan.com/token/0x167a6375da1efc4a5be0f470e73ecefd66245048, https://binplorer.com/address/0x167a6375da1efc4a5be0f470e73ecefd66245048, https://etherscan.io/token/0x167a6375da1efc4a5be0f470e73ecefd66245048, https://ethplorer.io/address/0x167a6375da1efc4a5be0f470e73ecefd66245048",,no,sí
tweetdm,Inbox,inbox,"Artificial Intelligence (AI), Solana Ecosystem, AI Agents, DeFAI, Believe.app Ecosystem",0.00039625,396248,7838.85,0.019782686600310916,999899141.747851,999899141.747851,1000000000.0,0,5407,1,solana: 8r5ZuzAt5c8VAHVSMpgUJNzpp88wHLnJCsLTLMdsf27Z,https://solscan.io/token/8r5ZuzAt5c8VAHVSMpgUJNzpp88wHLnJCsLTLMdsf27Z,,no,no
microstrategy-ondo-tokenized-stock,MicroStrategy (Ondo Tokenized Stock),mstron,"Tokenized Assets, Ethereum Ecosystem, Real World Assets (RWA), Ondo Tokenized Assets",308.8,396029,79138,0.19982880041613113,1282.501229214288,1282.501229214288,,0,5405,3,ethereum: 0xcabd955322dfbf94c084929ac5e9eca3feb5556f,"https://etherscan.io/address/0xCabD955322dfbf94C084929ac5E9Eca3fEB5556F, https://etherscan.io/token/0xCabD955322dfbf94C084929ac5E9Eca3fEB5556F, https://ethplorer.io/address/0xCabD955322dfbf94C084929ac5E9Eca3fEB5556F",,no,no
arok-vc,AROK.VC,arok,"Artificial Intelligence (AI), Solana Ecosystem, AI Agents",0.00039385,393848,52.05,0.0001321575836363267,999982927.381924,999982927.381924,999998424.44,0,5414,1,solana: Cwe5k2iEy8dt7vCGY93GBrqQS4FWyac6pQjvjLcPD6qp,https://solscan.io/token/Cwe5k2iEy8dt7vCGY93GBrqQS4FWyac6pQjvjLcPD6qp,,no,no
zara-ai,ZARA AI,zara,"Artificial Intelligence (AI), Solana Ecosystem, AI Agents, Pump.fun Ecosystem",0.00062919,393477,3518.41,0.008941844123036415,625424802.163991,647290677.512071,649011559.66,1346,5410,1,solana: 73UdJevxaNKXARgkvPHQGKuv8HCZARszuKW2LTL3pump,https://solscan.io/token/73UdJevxaNKXARgkvPHQGKuv8HCZARszuKW2LTL3pump,,no,no
beats-on-base,BEATS on BASE,beats,"Artificial Intelligence (AI), Meme, Base Ecosystem, AI Meme, AI Agents",0.00061937,391949,7882.06,0.02010991225899288,632688543.7708857,808808808.0,808808808.0,1097,5422,1,base: 0x315b8c9a1123c10228d469551033440441b41f0b,https://basescan.org/token/0x315b8c9a1123c10228d469551033440441b41f0b,,no,no
linear,Linear,lina,"Decentralized Exchange (DEX), Exchange-based Tokens, Decentralized Finance (DeFi), Yield Farming, BNB Chain Ecosystem, Harmony Ecosystem, Ethereum Ecosystem, Real World Assets (RWA), Binance Launchpad, Alameda Research Portfolio",3.901e-05,390016,4706.78,0.01206817156219232,9996646261.001118,10000000000.0,10000000000.0,8925,5428,5,"ethereum: 0x3e9bc21c9b189c09df3ef1b824798658d5011937, harmony-shard-0: 0x946c8286bd9b52b81f681903210e1a57872fdd85, binance-smart-chain: 0x762539b45a1dcce3d36d080f74d1aed37844b878","https://etherscan.io/token/0x3e9bc21c9b189c09df3ef1b824798658d5011937, https://platform.arkhamintelligence.com/explorer/token/linear, https://ethplorer.io/address/0x3e9bc21c9b189c09df3ef1b824798658d5011937, https://bscscan.com/token/0x762539b45a1dcce3d36d080f74d1aed37844b878, https://binplorer.com/address/0x762539b45a1dcce3d36d080f74d1aed37844b878, https://explorer.harmony.one/token/0x946c8286bd9b52b81f681903210e1a57872fdd85",,no,sí
cindicator,Cindicator,cnd,"Artificial Intelligence (AI), Ethereum Ecosystem",0.00020056,386941,72.65,0.00018775472229616403,1929265175.566927,2000000005.0,,3074,5440,1,ethereum: 0xd4c435f5b09f855c3317c8524cb1f586e42795fa,"https://etherscan.io/token/0xd4c435f5b09f855c3317c8524cb1f586e42795fa, https://platform.arkhamintelligence.com/explorer/token/cindicator, https://ethplorer.io/address/0xd4c435f5b09f855c3317c8524cb1f586e42795fa",,no,no
better-therapy,BetterTherapy,sn102,"Artificial Intelligence (AI), Bittensor Ecosystem, Bittensor Subnets",0.409793,376031,9910.61,0.026355832364884813,918550.383216654,918550.383216654,21000000.0,415,5470,1,bittensor: 102,https://taostats.io/subnets/102/chart,,no,no
mantis,Mantis,m,"Artificial Intelligence (AI), Solana Ecosystem, AI Applications, AI Framework, DeFAI",0.00375406,375406,0.0,0.0,100000000.0,100000000.0,100000000.0,0,5476,2,solana: Mant1sZcb8x2YMZe7RdqSfStCj4YxjmQByNKyHpLJK9,"https://solana.fm/address/Mant1sZcb8x2YMZe7RdqSfStCj4YxjmQByNKyHpLJK9?cluster=mainnet-alpha, https://solscan.io/token/Mant1sZcb8x2YMZe7RdqSfStCj4YxjmQByNKyHpLJK9",,no,no
b-cube-ai,B-cube.ai,bcube,"Artificial Intelligence (AI), Ethereum Ecosystem",0.01862162,375374,830.28,0.002211874024306425,20177509.70408596,49613808.9,,2150,5473,1,ethereum: 0x93c9175e26f57d2888c7df8b470c9eea5c0b0a93,"https://etherscan.io/token/0x93c9175e26f57d2888c7df8b470c9eea5c0b0a93, https://platform.arkhamintelligence.com/explorer/token/b-cube-ai, https://ethplorer.io/address/0x93c9175e26f57d2888c7df8b470c9eea5c0b0a93",,no,no
gradient-protocol,Gradient Protocol,gdt,"Artificial Intelligence (AI), Ethereum Ecosystem, Bittensor Ecosystem",0.02664389,373715,42932,0.11487898532304028,14000000.0,14000000.0,14000000.0,843,5484,2,ethereum: 0x396c95abe154b3b2ed204cf45c8726aa7ad47a4d,"https://etherscan.io/token/0x396c95abe154b3b2ed204cf45c8726aa7ad47a4d, https://platform.arkhamintelligence.com/explorer/token/gradient-protocol, https://ethplorer.io/address/0x396c95abe154b3b2ed204cf45c8726aa7ad47a4d",,no,no
mixmob,MAXX AI,mxm,"Artificial Intelligence (AI), Gaming (GameFi), Solana Ecosystem, Gaming Governance Token, Racing Games, AI Agents, DeFiance Capital Portfolio, AI Applications",0.00111142,371956,220.29,0.0005922474701308757,334829058.251434,988449770.758457,1000000000.0,33,5492,2,solana: H53UGEyBrB9easo9ego8yYk7o4Zq1G5cCtkxD3E3hZav,"https://solscan.io/token/H53UGEyBrB9easo9ego8yYk7o4Zq1G5cCtkxD3E3hZav, https://platform.arkhamintelligence.com/explorer/token/mixmob",,no,no
gift,GIFT,gift,"Tokenized Assets, Tokenized Gold, Real World Assets (RWA), Tokenized Commodities, Polygon zkEVM Ecosystem",0.118438,371912,24.82,6.673621716965304e-05,3140135.0,3140135.0,,41450,5493,1,polygon-zkevm: 0xcfde7c43edb3c9f71331aac1003b099ce40c94ea,"https://polygonscan.com/token/0xcfde7c43edb3c9f71331aac1003b099ce40c94ea, https://zkevm.polygonscan.com/token/0xCfde7c43EDB3c9f71331AAc1003b099CE40c94ea",,no,no
alliewai,Alliewai by Virtuals,awai,"Artificial Intelligence (AI), AI Agents, AI Applications, Virtuals Protocol Ecosystem",0.00037137,371371,727.25,0.0019582843032977804,1000000000.0,1000000000.0,1000000000.0,0,5494,1,base: 0x5081de08282c67e5f5d01073a85e8f992a41d780,https://basescan.org/token/0x5081de08282c67e5f5d01073a85e8f992a41d780,,no,no
oracle-of-preferences-zk-by-virtuals,Oracle of Preferences ZK by Virtuals,oopz,"Artificial Intelligence (AI), Base Ecosystem, AI Agents, Virtuals Protocol Ecosystem",0.00046854,369730,2920.29,0.007898439401725584,789490119.97,1000000000.0,1000000000.0,0,5498,1,base: 0x8e665c3a3622d7c1bef8ed8ffd7317d3f6318e31,https://basescan.org/token/0x8e665c3a3622d7c1bef8ed8ffd7317d3f6318e31,,no,no
satori-network,Satori Network,satori,"Artificial Intelligence (AI), Base Ecosystem, AI Agents, AI Applications, Made in USA",0.600165,366571,307.19,0.0008380095534016602,610782.58698319,650000.0,4086709.0,3,5514,1,base: 0xc1c37473079884cbfcf4905a97de361fed414b2b,"https://evr.cryptoscope.io/asset/?asset_id=081cab6cd370fa387035b9fb5e67e736d7493453, https://basescan.org/token/0xc1c37473079884cbfcf4905a97de361fed414b2b",,no,no
cel-ai,Cel AI,sn127,"Artificial Intelligence (AI), Bittensor Ecosystem, Bittensor Subnets",0.424435,363429,2542.41,0.006995616750451945,855702.99296322,855702.99296322,21000000.0,0,5527,1,bittensor: 127,https://taostats.io/subnets/127/chart,,no,no
arkefi,Arkefi,rkfi,"Ethereum Ecosystem, Real World Assets (RWA), RWA Protocol",0.00245112,359426,23.16,6.443607307206491e-05,146637215.98256752,1000000000.0,1000000000.0,2260,5544,2,"ethereum: 0x65fda84473084ba2cca8452883e6ea3561092234, avalanche: 0x65fda84473084ba2cca8452883e6ea3561092234","https://etherscan.io/token/0x65fda84473084ba2cca8452883e6ea3561092234, https://snowtrace.io/token/0x65FdA84473084bA2CcA8452883E6eA3561092234?chainid=43114, https://ethplorer.io/address/0x65FdA84473084bA2CcA8452883E6eA3561092234, https://avascan.info/blockchain/c/address/0x65fda84473084ba2cca8452883e6ea3561092234/token, https://snowtrace.io/token/0x65fda84473084ba2cca8452883e6ea3561092234?type=erc20&chainid=43114",,no,sí
dora-ai-by-virtuals,DORA AI by Virtuals,dora,"Artificial Intelligence (AI), Base Ecosystem, AI Agents, Virtuals Protocol Ecosystem",0.00041975,358646,1350.27,0.0037649102457576553,854419230.8959771,1000000000.0,1000000000.0,1970,5549,2,base: 0x1e2093ab84768948c6176db5ad98c909ce97f368,https://basescan.org/token/0x1e2093ab84768948c6176db5ad98c909ce97f368,,no,no
praxis,Praxis,prxs,"Artificial Intelligence (AI), Ethereum Ecosystem, AI Agent Launchpad",0.00356521,355808,2338.43,0.0065721681356237065,100000000.0,100000000.0,100000000.0,1121,5568,1,ethereum: 0x9f49034409ae6813d2c70ae5117fd23cdff2d190,"https://etherscan.io/token/0x9f49034409ae6813d2c70ae5117fd23cdff2d190, https://ethplorer.io/address/0x9f49034409ae6813d2c70ae5117fd23cdff2d190",,no,no
askjimmy,AskJimmy,askj,"Artificial Intelligence (AI), AI Agent Launchpad, DeFAI",0.00079382,354987,7.25,2.0423283106141914e-05,447190802.8777346,999993960.2847826,1000000000.0,0,5575,1,solana: DgkKrQ1ErdRNjT2yTcAdEBa92JjFx75yxi4owArQarc,https://solscan.io/token/DgkKrQ1ErdRNjT2yTcAdEBa92JjFx75yxi4owArQarc,,no,no
coq-ai,COQ AI,coqai,"Artificial Intelligence (AI), Avalanche Ecosystem, Meme, AI Agents",0.00050044,350173,311.99,0.0008909596113920833,700000000.0,1000000000.0,1000000000.0,12003,5596,2,avalanche: 0xe7d69acbc00d0ec5d9c02162310ee21daa77f69c,"https://snowtrace.io/token/0xE7d69acbc00D0EC5d9c02162310EE21DAA77f69C?chainid=43114, https://snowscan.xyz/token/0xe7d69acbc00d0ec5d9c02162310ee21daa77f69c, https://avascan.info/blockchain/c/address/0xe7d69acbc00d0ec5d9c02162310ee21daa77f69c/token, https://snowtrace.io/token/0xe7d69acbc00d0ec5d9c02162310ee21daa77f69c?type=erc20&chainid=43114",,no,no
athenax9,AthenaX9,aix9,"Artificial Intelligence (AI), Base Ecosystem, AI Agents",0.0008345,349562,59808,0.1710941120602354,418776404.2875,1000000000.0,1000000000.0,6444,5600,2,base: 0x8e306e02ec1effc4fdad3f952fbeeebf3730ae19,https://basescan.org/token/0x8e306E02ec1EFFC4fDAd3f952fbEEebf3730ae19,,no,no
athenax9,AthenaX9,aix9,"Artificial Intelligence (AI), Base Ecosystem, AI Agents",0.0008345,349562,59808,0.1710941120602354,418776404.2875,1000000000.0,1000000000.0,6444,5600,2,base: 0x8e306e02ec1effc4fdad3f952fbeeebf3730ae19,https://basescan.org/token/0x8e306E02ec1EFFC4fDAd3f952fbEEebf3730ae19,,no,no
riot-platforms-ondo-tokenized-stock,Riot Platforms (Ondo Tokenized Stock),rioton,"Tokenized Assets, Ethereum Ecosystem, Real World Assets (RWA), Ondo Tokenized Assets",17.7,347699,6198.45,0.017827057311065028,19639.40700831251,19639.40700831251,,0,5603,1,ethereum: 0x21deafd91116fce9fe87c8f15bde03f99a309b72,"https://etherscan.io/address/0x21deafD91116FCe9fE87C8f15Bde03f99a309b72, https://etherscan.io/token/0x21deafD91116FCe9fE87C8f15Bde03f99a309b72, https://ethplorer.io/address/0x21deafD91116FCe9fE87C8f15Bde03f99a309b72",,no,no
cogito-protocol,Cogito Finance,cgv,"BNB Chain Ecosystem, Cardano Ecosystem, Ethereum Ecosystem, Real World Assets (RWA)",0.00386984,346159,10.17,2.9379562570957278e-05,89450454.98439,1000000000.0,1000000000.0,3439,5611,1,"binance-smart-chain: 0x1bdaf9ddd7658d8049391971d1fd48c0484f66ec, ethereum: 0xaef420fd77477d9dc8b46d704d44dd09d6c27866, cardano: 3d547a7bb805648f86c4c14e5c4df14044ad59753f0a2946d70f8d3c","https://www.bscscan.com/address/0xaef420fd77477d9dc8b46d704d44dd09d6c27866, https://platform.arkhamintelligence.com/explorer/token/cogito-protocol, https://bscscan.com/token/0x1bdaf9ddd7658d8049391971d1fd48c0484f66ec, https://etherscan.io/token/0xaef420fd77477d9dc8b46d704d44dd09d6c27866, https://ethplorer.io/address/0xaef420fd77477d9dc8b46d704d44dd09d6c27866, https://binplorer.com/address/0x1bdaf9ddd7658d8049391971d1fd48c0484f66ec, https://cardanoscan.io/token/3d547a7bb805648f86c4c14e5c4df14044ad59753f0a2946d70f8d3c",,no,sí
promptale-ai,PrompTale AI,tale,"Artificial Intelligence (AI), BNB Chain Ecosystem, Binance Alpha Spotlight",0.00686287,345778,967052,2.7967424185460037,51200000.0,500000000.0,500000000.0,0,5613,6,binance-smart-chain: 0x37eff3ff1321fb9abc734761ca72fafdc044534a,"https://bscscan.com/token/0x37EFF3FF1321Fb9AbC734761cA72FAFDc044534A, https://binplorer.com/address/0x37EFF3FF1321Fb9AbC734761cA72FAFDc044534A",,no,no
netflix-xstock,Netflix xStock,nflxx,"Tokenized Assets, BNB Chain Ecosystem, Solana Ecosystem, Tokenized Stock, Ethereum Ecosystem, Real World Assets (RWA), BackedFi xStocks Ecosystem",1210.5,344317,333152,0.9675734860608103,284.44153815,21499.99967815,,3974,5621,1,"arbitrum-one: 0xa6a65ac27e76cd53cb790473e4345c46e5ebf961, binance-smart-chain: 0xa6a65ac27e76cd53cb790473e4345c46e5ebf961, ethereum: 0xa6a65ac27e76cd53cb790473e4345c46e5ebf961, solana: XsEH7wWfJJu2ZT3UCFeVfALnVA6CP5ur7Ee11KmzVpL","https://www.arbiscan.io/token/0xa6a65ac27e76cd53cb790473e4345c46e5ebf961, https://arbiscan.io/token/0xa6a65ac27e76cd53cb790473e4345c46e5ebf961, https://solscan.io/token/XsEH7wWfJJu2ZT3UCFeVfALnVA6CP5ur7Ee11KmzVpL, https://bscscan.com/token/0xa6a65ac27e76cd53cb790473e4345c46e5ebf961, https://binplorer.com/address/0xa6a65ac27e76cd53cb790473e4345c46e5ebf961, https://etherscan.io/token/0xa6a65ac27e76cd53cb790473e4345c46e5ebf961, https://ethplorer.io/address/0xa6a65ac27e76cd53cb790473e4345c46e5ebf961",,no,sí
well3,WELL3,$well,"Artificial Intelligence (AI), Ethereum Ecosystem, AI Framework",5.179e-05,341044,18566.07,0.05443892870128195,6584957219.53779,42000000000.0,42000000000.0,0,5633,2,ethereum: 0x63696fc66795b51d02c1590b536484a41fbddf9a,"https://etherscan.io/token/0x63696fc66795b51d02c1590b536484a41fbddf9a, https://platform.arkhamintelligence.com/explorer/token/well3, https://ethplorer.io/address/0x63696fc66795b51d02c1590b536484a41fbddf9a",,no,no
xenopus-laevis,Xenopus laevis,xeno,"Artificial Intelligence (AI), Solana Ecosystem, Meme, Pump.fun Ecosystem, AI Framework",0.00037896,340908,7.33,2.1501402137820174e-05,899582595.757649,999820556.742687,1000000000.0,277,5636,1,solana: Db7ZUaWTThwZy7bVhjn5Dda8D3fbbAhihcxPV4m9pump,"https://solscan.io/token/Db7ZUaWTThwZy7bVhjn5Dda8D3fbbAhihcxPV4m9pump, https://platform.arkhamintelligence.com/explorer/token/xenopus-laevis",,no,no
hims-hers-health-ondo-tokenized-stock,Hims & Hers Health (Ondo Tokenized Stock),himson,"Tokenized Assets, Ethereum Ecosystem, Real World Assets (RWA), Ondo Tokenized Assets",58.33,340789,114.98,0.0003373935191570151,5842.026102903639,5842.026102903639,,0,5634,1,ethereum: 0xca468554e5c0423ee858fe3942c9568c51fcaa79,"https://etherscan.io/address/0xCa468554e5C0423Ee858fe3942c9568C51FcAa79, https://etherscan.io/token/0xCa468554e5C0423Ee858fe3942c9568C51FcAa79, https://ethplorer.io/address/0xCa468554e5C0423Ee858fe3942c9568C51FcAa79",,no,no
nest-institutional-core,Nest Elixir Vault,nelixir,"Ethereum Ecosystem, Real World Assets (RWA), Yield-Bearing Stablecoin, Plume Network Ecosystem",1.04,340413,167.07,0.0004907861920666954,327477.996361,327477.996361,,67524,5635,1,"ethereum: 0x9fbc367b9bb966a2a537989817a088afcaffdc4c, plume-network: 0x9fbc367b9bb966a2a537989817a088afcaffdc4c","https://etherscan.io/token/0x9fbC367B9Bb966a2A537989817A088AFCaFFDC4c, https://explorer.plume.org/token/0x9fbC367B9Bb966a2A537989817A088AFCaFFDC4c, https://ethplorer.io/address/0x9fbC367B9Bb966a2A537989817A088AFCaFFDC4c, https://phoenix-explorer.plumenetwork.xyz/token/0x9fbC367B9Bb966a2A537989817A088AFCaFFDC4c, https://explorer.plume.org/token/0x9fbc367b9bb966a2a537989817a088afcaffdc4c",,no,sí
polytrader-by-virtuals,Polytrader by Virtuals,poly,"Artificial Intelligence (AI), Base Ecosystem, AI Agents, Virtuals Protocol Ecosystem",0.00033402,333362,8469.29,0.02540568511108045,998041989.3809735,998041989.3809735,1000000000.0,0,5672,1,base: 0x2676e4e0e2eb58d9bdb5078358ff8a3a964cedf5,https://basescan.org/token/0x2676e4e0e2eb58d9bdb5078358ff8a3a964cedf5,,no,no
certaik-by-virtuals,CertaiK by Virtuals,certai,"Artificial Intelligence (AI), Base Ecosystem, AI Agents, Virtuals Protocol Ecosystem",0.00033395,332630,451.29,0.0013567327060096804,997195783.4280375,997195783.4280375,1000000000.0,815,5675,2,base: 0xf5f2a79eeccf6e7f4c570c803f529930e29cc96b,"https://basescan.org/token/0xf5f2a79eECcF6e7F4C570c803F529930e29cc96B#balances, https://basescan.org/token/0xf5f2a79eECcF6e7F4C570c803F529930e29cc96B",,no,no
socialgrowai,SocialGrowAI,growai,"Artificial Intelligence (AI), Decentralized Finance (DeFi), Ethereum Ecosystem, Telegram Apps",0.00105772,332484,32002,0.09625124818036357,314357547.1551649,1000000000.0,1000000000.0,2641,5677,2,ethereum: 0x1c9b158e71bc274ea5519ca57a73e337cac72b3a,"https://etherscan.io/token/0x1C9B158e71BC274EA5519ca57A73E337Cac72b3A, https://ethplorer.io/address/0x1C9B158e71BC274EA5519ca57A73E337Cac72b3A",,no,no
solaris-ai,Solaris AI,solaris,"Artificial Intelligence (AI), Solana Ecosystem, AI Agents, Anime-Themed, Pump.fun Ecosystem, AI Agent Launchpad",0.00033115,331072,120550,0.3641201913783105,999958094.040363,999958094.040363,1000000000.0,1115,5685,3,solana: 3RfQPYVJgJbwyB3BzqqypCEWWryxjTfFDAcXQsckpump,"https://solscan.io/token/3RfQPYVJgJbwyB3BzqqypCEWWryxjTfFDAcXQsckpump, https://platform.arkhamintelligence.com/explorer/token/solaris-ai",,no,no
defidash,Defidash,defidash,"Artificial Intelligence (AI), Base Ecosystem, AI Agents",0.01652087,330532,64.82,0.00019610809240860186,20000000.0,20000000.0,20000000.0,281,5687,1,base: 0xd6df108d516a5dc83f39020a349085c79d4edf0d,https://basescan.org/token/0xd6df108d516a5dc83f39020a349085c79d4edf0d,,no,no
degen-ai,Degen AI by Virtuals,dgenai,"Artificial Intelligence (AI), Base Ecosystem, AI Agents, Virtuals Protocol Ecosystem",0.00047051,328973,10102.32,0.030708659981214262,700000000.0,1000000000.0,1000000000.0,747,5695,1,base: 0x54eaf6bb665565bb8897f9d7ad5b3818ded143b4,"https://dexscreener.com/base/0x692c41d7885770c2e2bfe5286a3b38dc2f834192, https://www.dextools.io/app/en/base/pair-explorer/0x692c41d7885770c2e2bfe5286a3b38dc2f834192?t=1735307054251, https://basescan.org/token/0x54eaf6bb665565bb8897f9d7ad5b3818ded143b4",,no,no
robinhood-markets-ondo-tokenized-stock,Robinhood Markets (Ondo Tokenized Stock),hoodon,"Tokenized Assets, Ethereum Ecosystem, Real World Assets (RWA), Ondo Tokenized Assets",121.71,323044,51345,0.15894119686482336,2654.154869216539,2654.154869216539,,0,5723,3,ethereum: 0x998f02a9e343ef6e3e6f28700d5a20f839fd74e6,"https://etherscan.io/address/0x998f02A9E343EF6E3E6f28700d5A20F839fD74E6, https://etherscan.io/token/0x998f02A9E343EF6E3E6f28700d5A20F839fD74E6, https://ethplorer.io/address/0x998f02A9E343EF6E3E6f28700d5A20F839fD74E6",,no,no
bostrom,Bostrom,boot,"Artificial Intelligence (AI), Osmosis Ecosystem, AI Agents, AI Framework",4.80369e-10,322320,176.34,0.0005470960536113179,670320578471162.0,474737055630818.0,,425,5729,1,osmosis: ibc/FE2CD1E6828EC0FAB8AF39BAC45BC25B965BA67CCBC50C13A14BD610B0D1E2C4,"https://atomscan.com/bostrom, https://ping.pub/bostrom/blocks, https://cyb.ai/oracle/stats, https://www.mintscan.io/osmosis/assets/ibc/aWJjL0ZFMkNEMUU2ODI4RUMwRkFCOEFGMzlCQUM0NUJDMjVCOTY1QkE2N0NDQkM1MEMxM0ExNEJENjEwQjBEMUUyQzQ=",,no,no
terminal,Terminal,terminal,"Artificial Intelligence (AI), Decentralized Finance (DeFi), Launchpad, Base Ecosystem, AI Meme, AI Applications",0.00037845,321964,1222.27,0.003796293995601993,849872770.0617284,1000000000.0,1000000000.0,0,5734,1,base: 0xb488fcb23333e7baa28d1dfd7b69a5d3a8bfeb3a,"https://basescan.org/token/0xb488fCB23333e7bAA28D1dFd7B69a5D3a8BfeB3a, https://platform.arkhamintelligence.com/explorer/token/terminal",,no,no
duck-ai,Duck AI,duckai,"Artificial Intelligence (AI), Solana Ecosystem, Pump.fun Ecosystem, DeFAI",0.00031752,319166,26675,0.08357719807247639,999906996.248366,999906996.248366,999999996.0,2345,5743,1,solana: HFw81sUUPBkNF5tKDanV8VCYTfVY4XbrEEPiwzyypump,"https://solscan.io/token/HFw81sUUPBkNF5tKDanV8VCYTfVY4XbrEEPiwzyypump, https://platform.arkhamintelligence.com/explorer/token/duck-ai",,no,no
music-protocol,Record Nexus,record,"Music, Decentralized Finance (DeFi), Tokenized Assets, NFT, Real World Assets (RWA), Base Ecosystem, RWA Protocol",0.00067664,319041,5360.74,0.016802667995649462,471509484.1394472,1000000000.0,1000000000.0,10835,5745,1,base: 0xe642657e4f43e6dcf0bd73ef24008394574dee28,"https://platform.arkhamintelligence.com/explorer/token/music-protocol, https://basescan.org/token/0xe642657e4f43e6dcf0bd73ef24008394574dee28",,no,no
asynchronus-by-virtuals,ASYNCHRONUS by Virtuals,async,"Artificial Intelligence (AI), Base Ecosystem, AI Agents, Virtuals Protocol Ecosystem",0.00048205,315341,1817.24,0.005762777437757856,654159563.59,1000000000.0,1000000000.0,603,5766,1,base: 0x02cb6968877a3a40a5d918af0aecc3481bfc0434,https://basescan.org/token/0x02cb6968877a3a40a5d918af0aecc3481bfc0434,,no,no
maximize-ai,Maximize AI,maxi,"Artificial Intelligence (AI), Ethereum Ecosystem, Bittensor Subnets",0.0034468,314693,5001.88,0.015894474932712198,91300000.0,100000000.0,100000000.0,248,5758,1,ethereum: 0xf5174c9752c46208c30d0f1870b326c9a20c0679,"https://etherscan.io/token/0xf5174c9752c46208c30d0f1870b326c9a20c0679, https://ethplorer.io/address/0xf5174c9752C46208c30D0F1870B326C9A20C0679",,no,no
happyai-2,HappyAI,sn103,"Artificial Intelligence (AI), Bittensor Ecosystem, Bittensor Subnets",0.345145,313281,384.28,0.0012266304052910965,907701.089971125,907701.089971125,21000000.0,574,5760,1,bittensor: 103,https://taostats.io/subnets/103/chart,,no,no
coinbase-ondo-tokenized-stock,Coinbase (Ondo Tokenized Stock),coinon,"Tokenized Assets, Ethereum Ecosystem, Real World Assets (RWA), Ondo Tokenized Assets",312.0,312100,19727.47,0.0632088112784364,1000.339181944673,1000.339181944673,,0,5773,2,ethereum: 0xf042cfa86cf1d598a75bdb55c3507a1f39f9493b,"https://etherscan.io/address/0xF042cfa86cf1D598a75Bdb55c3507a1F39f9493b, https://etherscan.io/token/0xF042cfa86cf1D598a75Bdb55c3507a1F39f9493b, https://ethplorer.io/address/0xF042cfa86cf1D598a75Bdb55c3507a1F39f9493b",,no,no
schizo-terminal,Mindscraft,minds,"Artificial Intelligence (AI), Solana Ecosystem, Meme, AI Agents, AI Agent Launchpad",0.00030998,310259,9645.25,0.03108773637509307,999642754.921902,999642754.921902,999987420.18,2970,5783,1,solana: m1nd2qK91tpBrmX7yREJBc6D2fJ15kfiU9cdvxsSN6x,https://solscan.io/token/m1nd2qK91tpBrmX7yREJBc6D2fJ15kfiU9cdvxsSN6x,,no,no
polymtrade,Polymtrade,pm,"Artificial Intelligence (AI), Prediction Markets, Solana Ecosystem, AI Applications",0.00032876,309220,62536,0.20223788888170235,940829778.6576841,940829778.6576841,1000000000.0,0,5791,2,solana: 3BWA5RBXyPXuMGZmVL8Snefu573FMJNGpsVi79baiBLV,https://solscan.io/token/3BWA5RBXyPXuMGZmVL8Snefu573FMJNGpsVi79baiBLV,,no,no
metazero,MetaZero,mzero,"Infrastructure, Gaming (GameFi), NFT, Ethereum Ecosystem, Real World Assets (RWA), RWA Protocol",0.00309091,309090,76997,0.24910867384904073,99999700.0,99999700.0,100000000.0,863,5793,2,ethereum: 0x328a268b191ef593b72498a9e8a481c086eb21be,"https://etherscan.io/token/0x328a268b191ef593b72498a9e8a481c086eb21be, https://platform.arkhamintelligence.com/explorer/token/metazero, https://ethplorer.io/address/0x328a268b191ef593b72498a9e8a481c086eb21be",,no,no
applovin-ondo-tokenized-stock,AppLovin (Ondo Tokenized Stock),appon,"Tokenized Assets, Ethereum Ecosystem, Real World Assets (RWA), Ondo Tokenized Assets",675.12,305547,8307.43,0.027188714011265044,452.5833121232282,452.5833121232282,,0,5811,1,ethereum: 0xd5c5b2883735fa9b658dd52e2fcc8d7c0f1a42ce,"https://etherscan.io/address/0xd5C5B2883735Fa9B658Dd52e2FCC8d7c0f1A42Ce, https://etherscan.io/token/0xd5C5B2883735Fa9B658Dd52e2FCC8d7c0f1A42Ce, https://ethplorer.io/address/0xd5C5B2883735Fa9B658Dd52e2FCC8d7c0f1A42Ce",,no,no
dessalinesai-by-virtuals,DessalinesAI by Virtuals,dessai,"Artificial Intelligence (AI), Base Ecosystem, AI Agents, Virtuals Protocol Ecosystem",0.00035044,305364,464.38,0.001520742458181056,870649131.7060487,1000000000.0,1000000000.0,154,5812,1,base: 0xb56b5269c03421765c28aa61037536ea5690741c,https://basescan.org/token/0xb56b5269c03421765c28aa61037536ea5690741c,,no,no
xcredi,xCREDI,xcredi,"Decentralized Finance (DeFi), Lending/Borrowing Protocols, Ethereum Ecosystem, Real World Assets (RWA), RWA Protocol",0.01902513,304401,31029,0.10193461913725645,16000000.0,16000000.0,,9477,5818,2,ethereum: 0x3bbfb303842dd4a76da4c927be644e9cf3170afd,"https://etherscan.io/address/0x3bBFb303842dD4a76Da4C927Be644E9cf3170afD, https://etherscan.io/token/0x3bBFb303842dD4a76Da4C927Be644E9cf3170afD, https://ethplorer.io/address/0x3bBFb303842dD4a76Da4C927Be644E9cf3170afD",,no,no
moe-4,MOE,moe,"Artificial Intelligence (AI), Solana Ecosystem, Meme, AI Agents, Pump.fun Ecosystem",0.0003208,304387,174.55,0.0005734476176709255,948850807.16099,948850807.16099,948902794.77,0,5817,1,solana: 8xzoj8mVmXtBQm6d2euJGFPvQ2QsTV5R8cdexi2qpump,https://solscan.io/token/8xzoj8mVmXtBQm6d2euJGFPvQ2QsTV5R8cdexi2qpump,,no,no
boton-ai,Boton AI,boton,"Artificial Intelligence (AI), Ethereum Ecosystem, Telegram Apps, AI Agents",0.0002981,298104,468.88,0.0015728738963583179,1000000000.0,1000000000.0,1000000000.0,89,5848,1,ethereum: 0x984ac33e3c6031b7190444aed92d617b92ef2c37,"https://etherscan.io/token/0x984AC33E3c6031b7190444aED92d617b92EF2C37, https://ethplorer.io/address/0x984AC33E3c6031b7190444aED92d617b92EF2C37",,no,no
tqqq-xstock,TQQQ xStock,tqqqx,"Tokenized Assets, BNB Chain Ecosystem, Solana Ecosystem, Arbitrum Ecosystem, Ethereum Ecosystem, Real World Assets (RWA), Tokenized Exchange-Traded Funds (ETFs), BackedFi xStocks Ecosystem",101.27,297055,419058,1.4107084546632778,2934.83007919,28849.98422534,,3974,5854,1,"arbitrum-one: 0xfdddb57878ef9d6f681ec4381dcb626b9e69ac86, ethereum: 0xfdddb57878ef9d6f681ec4381dcb626b9e69ac86, binance-smart-chain: 0xfdddb57878ef9d6f681ec4381dcb626b9e69ac86, solana: XsjQP3iMAaQ3kQScQKthQpx9ALRbjKAjQtHg6TFomoc","https://www.arbiscan.io/token/0xfdddb57878ef9d6f681ec4381dcb626b9e69ac86, https://solscan.io/token/XsjQP3iMAaQ3kQScQKthQpx9ALRbjKAjQtHg6TFomoc, https://arbiscan.io/token/0xfdddb57878ef9d6f681ec4381dcb626b9e69ac86, https://bscscan.com/token/0xfdddb57878ef9d6f681ec4381dcb626b9e69ac86, https://binplorer.com/address/0xfdddb57878ef9d6f681ec4381dcb626b9e69ac86, https://etherscan.io/token/0xfdddb57878ef9d6f681ec4381dcb626b9e69ac86, https://ethplorer.io/address/0xfdddb57878ef9d6f681ec4381dcb626b9e69ac86",,no,sí
sharplink-gaming-inc-ondo-tokenized-stock,"SharpLink Gaming, Inc (Ondo Tokenized Stock)",sbeton,"Tokenized Assets, Ethereum Ecosystem, Real World Assets (RWA), Ondo Tokenized Assets",16.01,295822,32323,0.10926503099837064,18483.54335662843,18483.54335662843,,0,5859,2,ethereum: 0xfdb46864a7c476f0914c5e82cded3364a9f56f8a,"https://etherscan.io/address/0xfDb46864A7C476F0914c5E82CdED3364a9F56F8a, https://etherscan.io/token/0xfDb46864A7C476F0914c5E82CdED3364a9F56F8a, https://ethplorer.io/address/0xfDb46864A7C476F0914c5E82CdED3364a9F56F8a",,no,no
javlis,Javlis,javlis,"Artificial Intelligence (AI), AI Agents",0.00032394,293381,397.42,0.001354620783213637,905672588.1641535,905672588.1641535,1000000000.0,867,5873,1,base: 0x440d06b2ac83ff743d9e149be582a4b2b2c6adec,https://basescan.org/token/0x440d06b2ac83ff743d9e149be582a4b2b2c6adec,,no,no
taoshi,TAOSHI,taoshi,"Artificial Intelligence (AI), Solana Ecosystem, Meme, AI Meme, Bittensor Ecosystem",0.0140475,292930,540.95,0.001846686921790189,20850864.49272289,20850864.49272289,21000000.0,977,5875,1,solana: 6MMdrc39L3rMZkshRP9WSKe3trSdcbx5ywJmzJBanzqw,"https://solscan.io/token/6MMdrc39L3rMZkshRP9WSKe3trSdcbx5ywJmzJBanzqw, https://platform.arkhamintelligence.com/explorer/token/taoshi",,no,no
aios-foundation,AIOS Foundation,aios,"Artificial Intelligence (AI), Infrastructure, Solana Ecosystem, Pump.fun Ecosystem, AI Framework",0.00087574,292314,146762,0.5020696921803266,333794310.41,333794310.41,1000000000.0,0,5880,3,solana: 5QS7RcHfGUa2ZtrovPvEJMB9coqroiT7H48dPSwFpump,https://solscan.io/token/5QS7RcHfGUa2ZtrovPvEJMB9coqroiT7H48dPSwFpump,,no,no
vapor,Vapor,vapor,"Artificial Intelligence (AI), Hyperliquid Ecosystem, AI Agent Launchpad",0.00029109,291652,13.11,4.495083181325689e-05,1001932831.0,1001932831.0,1001932831.0,0,5881,1,hyperliquid: 0xdb5190bea4b6ab178da0162420c93a73,"https://app.hyperliquid.xyz/explorer/token/0xdb5190bea4b6ab178da0162420c93a73, https://hypurrscan.io/token/0xdb5190bea4b6ab178da0162420c93a73",,no,no
tgmetrics,TgMetrics,tgmetrics,"Artificial Intelligence (AI), Analytics, Solana Ecosystem, Pump.fun Ecosystem",0.00033053,290663,3538.2,0.012172859978738263,879304677.202659,998699841.112978,1000000000.0,384,5885,1,solana: 8tdzC7mFKhmfPg3KdSBafHqH7jgi3CvKomfj3Hhupump,https://solscan.io/token/8tdzC7mFKhmfPg3KdSBafHqH7jgi3CvKomfj3Hhupump,,no,no
blackduckrwa,BlackDuckrwa,bd/sol,"Decentralized Finance (DeFi), Solana Ecosystem, Real World Assets (RWA), RWA Protocol, Moonshot Ecosystem",0.00029234,289495,740.12,0.0025565899238328815,990189257.3156725,990189257.3156725,1000000000.0,0,5888,1,solana: i3s1iZgKxLNs39S9JDceHmFtVhJH1WFZHkGNWFUmoon,https://solscan.io/token/i3s1iZgKxLNs39S9JDceHmFtVhJH1WFZHkGNWFUmoon,,no,no
agentlayer,AgentLayer,agent,"Artificial Intelligence (AI), Base Ecosystem, AI Agents",0.00044286,289335,98748,0.3412929649022759,653335500.6159253,998003801.5879147,1000000000.0,31036,5889,5,base: 0xf5bc3439f53a45607ccad667abc7daf5a583633f,"https://basescan.org/token/0xf5bc3439f53a45607ccad667abc7daf5a583633f, https://platform.arkhamintelligence.com/explorer/token/agentlayer",,no,no
xalpha-ai,XALPHA.AI,xalpha,"Artificial Intelligence (AI), Analytics, Ethereum Ecosystem, Telegram Apps",0.0028734,287586,505.12,0.0017564137336309835,100000000.0,100000000.0,100000000.0,2965,5895,1,ethereum: 0x369733153e6e08d38f2bc72ae2432e855cfbe221,"https://etherscan.io/token/0x369733153e6e08d38f2bc72ae2432e855cfbe221, https://platform.arkhamintelligence.com/explorer/token/xalpha-ai, https://ethplorer.io/address/0x369733153e6e08d38f2bc72ae2432e855cfbe221",,no,no
exodas,EXODAS,exo,"Artificial Intelligence (AI), Solana Ecosystem, AI Agents, Pump.fun Ecosystem",0.00028755,287578,11.89,4.1345304578236165e-05,999994932.579557,999994932.579557,1000000000.0,322,5894,1,solana: CG73o5Zh2oGKjG9urvpXQR5S3jiSSzkkBf9GomNTpump,https://solscan.io/token/CG73o5Zh2oGKjG9urvpXQR5S3jiSSzkkBf9GomNTpump,,no,no
ubxs-token,UBXS,ubxs,"Tokenized Real Estate, Decentralized Finance (DeFi), BNB Chain Ecosystem, Real World Assets (RWA)",0.00529197,285880,71567,0.2503393032041416,54036257.0,98000000.0,100000000.0,2721,5900,5,binance-smart-chain: 0x4f1960e29b2ca581a38c5c474e123f420f8092db,"https://bscscan.com/token/0x4f1960e29b2ca581a38c5c474e123f420f8092db, https://platform.arkhamintelligence.com/explorer/token/ubxs-token, https://binplorer.com/address/0x4f1960e29b2ca581a38c5c474e123f420f8092db",,no,no
lpc_ai_lumi-by-virtuals,LPC_Ai_Lumi by Virtuals,lumi,"Artificial Intelligence (AI), Base Ecosystem, AI Agents, Virtuals Protocol Ecosystem",0.00028239,282389,657.62,0.0023287734295599333,1000000000.0,1000000000.0,1000000000.0,71,5919,1,base: 0x077a32fdef94dbb0bdcf917450a9cacf68ed236f,https://basescan.org/token/0x077a32fdef94dbb0bdcf917450a9cacf68ed236f,,no,no
taolie-coin,TAOlie Coin,taolie,"Artificial Intelligence (AI), Solana Ecosystem, DePIN, AI Applications",0.00028193,281953,501.0,0.0017768918933297395,999995178.025964,999995178.025964,999999999.99,625,5921,1,solana: 7dLJnm2NzHPMwB7mJL7azhyMLqs4ZzKYkkhr3ob72Gwo,"https://solscan.io/token/7dLJnm2NzHPMwB7mJL7azhyMLqs4ZzKYkkhr3ob72Gwo, https://platform.arkhamintelligence.com/explorer/token/taolie-coin",,no,no
gamestop-ondo-tokenized-stock,GameStop (Ondo Tokenized Stock),gmeon,"Tokenized Assets, Ethereum Ecosystem, Real World Assets (RWA), Ondo Tokenized Assets",26.59,279628,51.01,0.00018242093066502639,10514.95885740833,10514.95885740833,,0,5931,1,ethereum: 0x71d24baeb0a033ec5f90ff65c4210545af378d97,"https://etherscan.io/address/0x71d24Baeb0A033ec5F90FF65C4210545AF378D97, https://etherscan.io/token/0x71d24Baeb0A033ec5F90FF65C4210545AF378D97, https://ethplorer.io/address/0x71d24Baeb0A033ec5F90FF65C4210545AF378D97",,no,no
zaya-ai,ZAYA AI,zai,"Artificial Intelligence (AI), Healthcare, BNB Chain Ecosystem, Decentralized Science (DeSci)",0.0087778,269678,93.31,0.00034600523587389407,30722684.303480703,100000000.0,,2916,5969,1,binance-smart-chain: 0x9959413ec3eb6cee73ad16e6cd531352c9ce816f,"https://bscscan.com/token/0x9959413ec3eb6cee73ad16e6cd531352c9ce816f, https://binplorer.com/address/0x9959413ec3eb6cEe73aD16e6cd531352C9cE816F",,no,no
giants-protocol,Giants Protocol,g,"Artificial Intelligence (AI), Decentralized Finance (DeFi), Solana Ecosystem, AI Agent Launchpad, Binance Alpha Spotlight",0.0001525,268395,48683,0.18138564429292647,1760000000.0,88000000000.0,88000000000.0,20050,5979,1,solana: GpEKud3JpJDc5D3Gek8UVCb6vAiahGmDUZMQFnf5btai,https://solscan.io/token/GpEKud3JpJDc5D3Gek8UVCb6vAiahGmDUZMQFnf5btai,,no,no
brain,Brain,sn90,"Artificial Intelligence (AI), Bittensor Ecosystem, Bittensor Subnets",0.484257,266187,54648,0.20529928208364795,549680.0,549680.0,21000000.0,0,5997,1,bittensor: 90,https://taostats.io/subnets/90/chart,,no,no
twin-protocol,Twin Protocol,twin,"Artificial Intelligence (AI), Ethereum Ecosystem, AI Agents",0.0010082,265104,28.82,0.00010871205262840243,262947989.16230768,1000000000.0,1000000000.0,4616,6002,1,ethereum: 0x48fd84c0dfc47f1b61ed6a86367895aaa6ad2a45,"https://etherscan.io/token/0x48fd84c0dFC47F1b61eD6a86367895AaA6ad2a45, https://platform.arkhamintelligence.com/explorer/token/twin-protocol, https://ethplorer.io/address/0x48fd84c0dFC47F1b61eD6a86367895AaA6ad2a45",,no,no
arcadiaos,ArcadiaOS,arcos,"Artificial Intelligence (AI), Gaming (GameFi), Ethereum Ecosystem, Gaming Marketplace",0.00025956,259556,8.7,3.351877822127017e-05,1000000000.0,1000000000.0,1000000000.0,1501,6031,1,ethereum: 0x7e4c9923fd8f18442532a737365c1bfb52579d2f,"https://etherscan.io/token/0x7e4c9923fd8f18442532a737365c1bfb52579d2f, https://ethplorer.io/address/0x7E4c9923Fd8F18442532A737365C1BfB52579D2F",,no,no
skynet-3,Skynet,sky,"Artificial Intelligence (AI), Virtuals Protocol Ecosystem, AI Agent Launchpad",0.00124782,256628,8481.82,0.033051031064420096,205598758.62,1000000000.0,1000000000.0,0,6050,1,base: 0xc77eb53473759913bf278e52861ef281829cbe4d,https://basescan.org/token/0xc77eb53473759913bf278e52861ef281829cbe4d,,no,no
maneki-ai-by-virtuals,Maneki AI by Virtuals,maneki,"Artificial Intelligence (AI), Decentralized Finance (DeFi), Base Ecosystem, Virtuals Protocol Ecosystem, DeFAI",0.00036539,254552,7180.3,0.02820759609038625,696665000.0,1000000000.0,1000000000.0,18,6066,1,base: 0xe6ab1cc1307b496748753e017f3dbb4d4378ca3f,https://basescan.org/token/0xe6ab1cc1307b496748753e017f3dbb4d4378ca3f,,no,no
guru-network,Guru Network,guru,"Artificial Intelligence (AI), Ethereum Ecosystem, Base Ecosystem, AI Agents, AI Applications, DeFAI, Made in USA",0.00081863,252949,145782,0.5763296158514167,308991583.1429204,1000000000.0,1000000000.0,1149,6075,4,"ethereum: 0x525574c899a7c877a11865339e57376092168258, base: 0x0f1cfd0bb452db90a3bfc0848349463010419ab2","https://etherscan.io/token/0x525574c899a7c877a11865339e57376092168258, https://platform.arkhamintelligence.com/explorer/token/guru-network, https://ethplorer.io/address/0x525574c899a7c877a11865339e57376092168258, https://basescan.org/token/0x0f1cfd0bb452db90a3bfc0848349463010419ab2",,no,sí
eli5a,Eli5a,eli5a,"Artificial Intelligence (AI), Decentralized Science (DeSci)",0.0125766,250778,683.57,0.0027257973187440688,19928999.617689207,21000000.0,21000000.0,189,6087,1,base: 0xd413485aa9ca4f88419904255a2384f667dddcab,https://basescan.org/token/0xd413485aa9ca4f88419904255a2384f667dddcab,,no,no
cypher-tempre,Cypher Tempre,cphy,"Artificial Intelligence (AI), Base Ecosystem, Decentralized Science (DeSci)",0.00024655,246553,12761.54,0.051759824459649655,1000000000.0,1000000000.0,1000000000.0,63,6108,1,base: 0x08df470d41c11ba5cb60242747d76c65ca52c94c,https://basescan.org/token/0x08Df470d41C11Ba5Cb60242747D76C65Ca52c94c,,no,no
phi-protocol,Phi Protocol,phi,"Artificial Intelligence (AI), Decentralized Finance (DeFi), Solana Ecosystem, AI Agents, Pump.fun Ecosystem, AI Applications",0.00024427,243943,11477.51,0.04704996659055599,998679102.897724,998679102.897724,1000000000.0,3971,6104,4,solana: C19J3fcXX9otmTjPuGNdZMQdfRG6SRhbnJv8EJnRpump,https://solscan.io/token/C19J3fcXX9otmTjPuGNdZMQdfRG6SRhbnJv8EJnRpump,,no,no
quain,QUAIN,quain,"Artificial Intelligence (AI), Solana Ecosystem, Real World Assets (RWA), AI Agents, Pump.fun Ecosystem, DeFAI",0.00024276,242725,36556,0.15060665362035225,999849747.373994,999849747.373994,,0,6120,1,solana: 4dqYzXnTfNrbwMdJ6uum2FbPC1LkmHtSAbXmh2pfpump,https://solscan.io/token/4dqYzXnTfNrbwMdJ6uum2FbPC1LkmHtSAbXmh2pfpump,,no,no
eli-lilly-xstock,Eli Lilly xStock,llyx,"Tokenized Assets, BNB Chain Ecosystem, Solana Ecosystem, Tokenized Stock, Ethereum Ecosystem, Real World Assets (RWA), BackedFi xStocks Ecosystem",722.17,242289,118796,0.4903070300343804,335.50222143,21342.925497754,,3974,6128,1,"arbitrum-one: 0x19c41ea77b34bbdee61c3a87a75d1abda2ed0be4, ethereum: 0x19c41ea77b34bbdee61c3a87a75d1abda2ed0be4, binance-smart-chain: 0x19c41ea77b34bbdee61c3a87a75d1abda2ed0be4, solana: Xsnuv4omNoHozR6EEW5mXkw8Nrny5rB3jVfLqi6gKMH","https://www.arbiscan.io/token/0x19c41ea77b34bbdee61c3a87a75d1abda2ed0be4, https://arbiscan.io/token/0x19c41EA77b34BbDEe61c3A87A75D1ABDA2ED0be4, https://solscan.io/token/Xsnuv4omNoHozR6EEW5mXkw8Nrny5rB3jVfLqi6gKMH, https://bscscan.com/token/0x19c41ea77b34bbdee61c3a87a75d1abda2ed0be4, https://binplorer.com/address/0x19c41ea77b34bbdee61c3a87a75d1abda2ed0be4, https://etherscan.io/token/0x19c41ea77b34bbdee61c3a87a75d1abda2ed0be4, https://ethplorer.io/address/0x19c41ea77b34bbdee61c3a87a75d1abda2ed0be4",,no,sí
dackieswap-2,DackieSwap,dackie,"Artificial Intelligence (AI), Decentralized Exchange (DEX), Decentralized Finance (DeFi), Base Ecosystem",0.00273824,240596,4674.68,0.01942958320171574,87922781.21388237,87922781.21388237,115000000.0,0,6140,3,base: 0x73326b4d0225c429bed050c11c4422d91470aaf4,https://basescan.org/token/0x73326b4d0225c429bed050c11c4422d91470aaf4,,no,no
auditai,AuditAI,audai,"Artificial Intelligence (AI), Ethereum Ecosystem, AI Agents, Cybersecurity, AI Applications",0.00532884,239798,516.9,0.0021555642665910474,45000000.0,45000000.0,100000000.0,4,6144,1,ethereum: 0x57d3757a8c3a6612b75480158d77ed853081471f,"https://etherscan.io/token/0x57D3757a8c3a6612B75480158D77eD853081471f, https://ethplorer.io/address/0x57D3757a8c3a6612B75480158D77eD853081471f",,no,no
depot,Depot App,depot,"Artificial Intelligence (AI), Ethereum Ecosystem, AI Applications, DeFAI",0.00299307,239445,300.29,0.0012541084591451066,80000000.0,100000000.0,100000000.0,46,6147,1,ethereum: 0x8c174ac036c40941291f5eaadf2555fd6fb6a8df,"https://etherscan.io/token/0x8c174ac036c40941291f5eaadf2555fd6fb6a8df, https://ethplorer.io/address/0x8C174ac036c40941291F5EAadF2555FD6fb6A8df",,no,no
saa-ai,SAA-AI,drpal,"Artificial Intelligence (AI), Healthcare, Solana Ecosystem, Pump.fun Ecosystem, AI Applications",0.00023211,233269,244.29,0.0010472458835078815,999770729.297931,999770729.297931,1000000000.0,1100,6175,1,solana: H2814bJjmr8N6VrNAQkTsBscN3BSvDn4HDgSceTcpump,https://solscan.io/token/H2814bJjmr8N6VrNAQkTsBscN3BSvDn4HDgSceTcpump,,no,no
abbvie-xstock,AbbVie xStock,abbvx,"Tokenized Assets, BNB Chain Ecosystem, Solana Ecosystem, Tokenized Stock, Ethereum Ecosystem, Real World Assets (RWA), BackedFi xStocks Ecosystem",220.76,232208,295145,1.2710371735685249,1051.49538778,23400.0,,3974,6179,1,"arbitrum-one: 0xfbf2398df672cee4afcc2a4a733222331c742a6a, ethereum: 0xfbf2398df672cee4afcc2a4a733222331c742a6a, binance-smart-chain: 0xfbf2398df672cee4afcc2a4a733222331c742a6a, solana: XswbinNKyPmzTa5CskMbCPvMW6G5CMnZXZEeQSSQoie","https://www.arbiscan.io/token/0xfbf2398df672cee4afcc2a4a733222331c742a6a, https://arbiscan.io/token/0xfbf2398df672cee4afcc2a4a733222331c742a6a, https://solscan.io/token/XswbinNKyPmzTa5CskMbCPvMW6G5CMnZXZEeQSSQoie, https://bscscan.com/token/0xfbf2398df672cee4afcc2a4a733222331c742a6a, https://binplorer.com/address/0xfbf2398df672cee4afcc2a4a733222331c742a6a, https://etherscan.io/token/0xfbf2398df672cee4afcc2a4a733222331c742a6a, https://ethplorer.io/address/0xfbf2398df672cee4afcc2a4a733222331c742a6a",,no,sí
anthropic-prestocks-2,Anthropic PreStocks,anthrp,"Real World Assets (RWA), Solana Token-2022, PreStocks Ecosystem",139.74,231968,105.41,0.00045441612636225683,1659.996935016,1659.996935016,,0,6181,1,solana: Pren1FvFX6J3E4kXhJuCiAD5aDmGEb7qJRncwA8Lkhw,https://solscan.io/token/Pren1FvFX6J3E4kXhJuCiAD5aDmGEb7qJRncwA8Lkhw,,no,no
meupass,Meupass,mps,"BNB Chain Ecosystem, Real World Assets (RWA), Payment Solutions, RWA Protocol, Liquid Staking",0.01188133,230816,312.72,0.0013548454179952863,19403683.46934207,25000000.0,25000000.0,12632,6189,1,binance-smart-chain: 0xe93da37413d99b304f55ec3826032a40ae657f8d,"https://bscscan.com/token/0xe93da37413d99b304f55ec3826032a40ae657f8d, https://binplorer.com/address/0xe93da37413d99B304f55ec3826032a40aE657F8d",,no,no
deeplink-protocol,DeepLink Protocol,dlc,"Artificial Intelligence (AI), DePIN, DeepBrain Chain Ecosystem",1.749e-05,230668,100769,0.43685730140288204,13181849699.9,100000000000.0,100000000000.0,114335,6192,2,deepbrain-chain: 0x6f8f70c74fe7d7a61c8eac0f35a4ba39a51e1bee,https://www.dbcscan.io/token/0x6f8f70c74fe7d7a61c8eac0f35a4ba39a51e1bee,,no,no
artificial-cz,Artificial CZ,aicz,"Artificial Intelligence (AI), BNB Chain Ecosystem, AI Agents",0.0002755,230606,4281.88,0.018567947061221304,836040973.9423136,1000000000.0,1000000000.0,519,6193,1,binance-smart-chain: 0x2ff8d8cae3a9633285c60150099bad25c9b4e5d9,"https://bscscan.com/token/0x2Ff8d8CAE3a9633285c60150099bAd25C9b4E5d9, https://bscscan.com/address/0x2Ff8d8CAE3a9633285c60150099bAd25C9b4E5d9, https://binplorer.com/address/0x2Ff8d8CAE3a9633285c60150099bAd25C9b4E5d9",,no,no
